"zone","area","sub-area","pole","latitude","longitude","configid","configname","time_start","time_end","time_limit","days_in_operation","price","mobile_pay","multi_space","restrictions"
"Spares","Spares","Spares","Spares (San Diego CA)","32.715329000","-117.157255000","63","San Diego Default","","","","","","","",""
"Downtown","Core - Columbia","1000 SECOND AVE","2-1014","32.716327000","-117.162596000","57001","Downtown MK5 – 30 Min Max $2.50 HR, 8am-8pm, Mon-Sat, Prepay, NFC, (Sensor Courtesy)","8am","8pm","30 min","Mon-Sat","$2.50 HR","","",""
"Downtown","Core - Columbia","1000 SECOND AVE","2-1016","32.716370000","-117.162933000","57001","Downtown MK5 – 30 Min Max $2.50 HR, 8am-8pm, Mon-Sat, Prepay, NFC, (Sensor Courtesy)","8am","8pm","30 min","Mon-Sat","$2.50 HR","","",""
"Downtown","Core - Columbia","1000 SECOND AVE","2-1018","32.716393000","-117.162453000","57001","Downtown MK5 – 30 Min Max $2.50 HR, 8am-8pm, Mon-Sat, Prepay, NFC, (Sensor Courtesy)","8am","8pm","30 min","Mon-Sat","$2.50 HR","","",""
"Downtown","Core - Columbia","100 A ST","A-106","32.718846000","-117.163056000","57004","Downtown MK5 - 2 Hour Max $2.50 HR, 8am-8pm, Mon-Sat, Prepay, NFC","8am","8pm","2 hour","Mon-Sat","$2.50 HR","","",""
"Downtown","Core - Columbia","100 A ST","A-108","32.718844000","-117.163019000","57004","Downtown MK5 - 2 Hour Max $2.50 HR, 8am-8pm, Mon-Sat, Prepay, NFC","8am","8pm","2 hour","Mon-Sat","$2.50 HR","","",""
"Downtown","Core - Columbia","100 A ST","A-110","32.718978000","-117.163019000","57004","Downtown MK5 - 2 Hour Max $2.50 HR, 8am-8pm, Mon-Sat, Prepay, NFC","8am","8pm","2 hour","Mon-Sat","$2.50 HR","","",""
"Downtown","Core - Columbia","100 A ST","A-112","32.718987000","-117.162854000","57004","Downtown MK5 - 2 Hour Max $2.50 HR, 8am-8pm, Mon-Sat, Prepay, NFC","8am","8pm","2 hour","Mon-Sat","$2.50 HR","","",""
"Downtown","Core - Columbia","100 ASH ST","AH-109","32.719860000","-117.163252000","57004","Downtown MK5 - 2 Hour Max $2.50 HR, 8am-8pm, Mon-Sat, Prepay, NFC","8am","8pm","2 hour","Mon-Sat","$2.50 HR","","",""
"Downtown","Core - Columbia","100 ASH ST","AH-111","32.719884000","-117.163274000","57004","Downtown MK5 - 2 Hour Max $2.50 HR, 8am-8pm, Mon-Sat, Prepay, NFC","8am","8pm","2 hour","Mon-Sat","$2.50 HR","","",""
"Downtown","Core - Columbia","100 ASH ST","AH-113","32.719945000","-117.163039000","57004","Downtown MK5 - 2 Hour Max $2.50 HR, 8am-8pm, Mon-Sat, Prepay, NFC","8am","8pm","2 hour","Mon-Sat","$2.50 HR","","",""
"Downtown","Core - Columbia","1000 SEVENTH AVE","7-1000E","32.716021122","-117.158270850","13180","Downtown MS1 PPD - 2 Hour Max $2.50 HR 8am-8pm Mon-Sat (NFC)","8am","8pm","2 hour","Mon-Sat","$2.50 HR","","",""
"Downtown","Core - Columbia","1300 FIRST AVE","1-1313","32.719306000","-117.164399000","58016","Downtown Travel Lane MK5 - 2 Hour Max $2.50 HR, 8am-4pm, Mon-Fri, No Parking 4pm-6pm Mon-Fri, 2 Hour Max 6pm-8pm Mon-Fri, 8am-8pm Sat, Prepay, NFC","8am","4pm","2 hour","Mon-Fri","$2.50 HR","","","Y"
"Downtown","Core - Columbia","1300 FIRST AVE","1-1315","32.719407000","-117.164024000","58016","Downtown Travel Lane MK5 - 2 Hour Max $2.50 HR, 8am-4pm, Mon-Fri, No Parking 4pm-6pm Mon-Fri, 2 Hour Max 6pm-8pm Mon-Fri, 8am-8pm Sat, Prepay, NFC","8am","4pm","2 hour","Mon-Fri","$2.50 HR","","","Y"
"Downtown","Core - Columbia","1300 FIRST AVE","1-1317","32.719515000","-117.164249000","58016","Downtown Travel Lane MK5 - 2 Hour Max $2.50 HR, 8am-4pm, Mon-Fri, No Parking 4pm-6pm Mon-Fri, 2 Hour Max 6pm-8pm Mon-Fri, 8am-8pm Sat, Prepay, NFC","8am","4pm","2 hour","Mon-Fri","$2.50 HR","","","Y"
"Downtown","Core - Columbia","1300 SECOND AVE","2-1316","32.718962000","-117.161863000","57004","Downtown MK5 - 2 Hour Max $2.50 HR, 8am-8pm, Mon-Sat, Prepay, NFC","8am","8pm","2 hour","Mon-Sat","$2.50 HR","","",""
"Downtown","Core - Columbia","1300 SECOND AVE","2-1318","32.719527000","-117.162985000","57004","Downtown MK5 - 2 Hour Max $2.50 HR, 8am-8pm, Mon-Sat, Prepay, NFC","8am","8pm","2 hour","Mon-Sat","$2.50 HR","","",""
"Downtown","Core - Columbia","1300 SECOND AVE","2-1320","32.719628000","-117.162973000","57004","Downtown MK5 - 2 Hour Max $2.50 HR, 8am-8pm, Mon-Sat, Prepay, NFC","8am","8pm","2 hour","Mon-Sat","$2.50 HR","","",""
"Downtown","Core - Columbia","1300 SECOND AVE","2-1322","32.719662000","-117.163034000","57004","Downtown MK5 - 2 Hour Max $2.50 HR, 8am-8pm, Mon-Sat, Prepay, NFC","8am","8pm","2 hour","Mon-Sat","$2.50 HR","","",""
"Downtown","Core - Columbia","1400 UNION ST","U-1403","32.720078581","-117.165580540","57004","Downtown MK5 - 2 Hour Max $2.50 HR, 8am-8pm, Mon-Sat, Prepay, NFC","8am","8pm","2 hour","Mon-Sat","$2.50 HR","","",""
"Downtown","Core - Columbia","1400 UNION ST","U-1415","32.720333577","-117.165578193","57004","Downtown MK5 - 2 Hour Max $2.50 HR, 8am-8pm, Mon-Sat, Prepay, NFC","8am","8pm","2 hour","Mon-Sat","$2.50 HR","","",""
"Downtown","Core - Columbia","1100 FRONT ST","FR-1102","32.717210000","-117.164147000","57004","Downtown MK5 - 2 Hour Max $2.50 HR, 8am-8pm, Mon-Sat, Prepay, NFC","8am","8pm","2 hour","Mon-Sat","$2.50 HR","","",""
"Downtown","Core - Columbia","1100 FRONT ST","FR-1104","32.716860000","-117.164713000","57004","Downtown MK5 - 2 Hour Max $2.50 HR, 8am-8pm, Mon-Sat, Prepay, NFC","8am","8pm","2 hour","Mon-Sat","$2.50 HR","","",""
"Downtown","Core - Columbia","1200 FRONT ST","FR-1207","32.718184000","-117.164651000","57004","Downtown MK5 - 2 Hour Max $2.50 HR, 8am-8pm, Mon-Sat, Prepay, NFC","8am","8pm","2 hour","Mon-Sat","$2.50 HR","","",""
"Downtown","Core - Columbia","1200 FRONT ST","FR-1209","32.718318000","-117.164652000","57004","Downtown MK5 - 2 Hour Max $2.50 HR, 8am-8pm, Mon-Sat, Prepay, NFC","8am","8pm","2 hour","Mon-Sat","$2.50 HR","","",""
"Downtown","Core - Columbia","1200 FRONT ST","FR-1211","32.718433000","-117.164653000","57004","Downtown MK5 - 2 Hour Max $2.50 HR, 8am-8pm, Mon-Sat, Prepay, NFC","8am","8pm","2 hour","Mon-Sat","$2.50 HR","","",""
"Downtown","Core - Columbia","400 B ST","B-402","32.717870833","-117.160883521","56998","Downtown MK5 - 1 Hour Max $2.50 HR, 8am-8pm, Mon-Sat, Prepay, NFC","8am","8pm","1 hour","Mon-Sat","$2.50 HR","","",""
"Downtown","Core - Columbia","400 B ST","B-404","32.717872296","-117.160803002","56998","Downtown MK5 - 1 Hour Max $2.50 HR, 8am-8pm, Mon-Sat, Prepay, NFC","8am","8pm","1 hour","Mon-Sat","$2.50 HR","","",""
"Downtown","Core - Columbia","400 B ST","B-406","32.717874232","-117.160727901","56998","Downtown MK5 - 1 Hour Max $2.50 HR, 8am-8pm, Mon-Sat, Prepay, NFC","8am","8pm","1 hour","Mon-Sat","$2.50 HR","","",""
"Downtown","Cortez","1500 FRONT ST","FR-1500W","32.721478790","-117.164859026","57460","Downtown MSPM PBP - 2 Hour Max $2.50 HR 8am-8pm Mon-Sat (NFC)","8am","8pm","2 hour","Mon-Sat","$2.50 HR","","Y",""
"Downtown","Cortez","1500 FRONT ST","FR-1500E","32.721550436","-117.164705470","57460","Downtown MSPM PBP - 2 Hour Max $2.50 HR 8am-8pm Mon-Sat (NFC)","8am","8pm","2 hour","Mon-Sat","$2.50 HR","","Y",""
"Downtown","Cortez","800 ASH ST","AH-800S","32.719835996","-117.157074920","59117","Downtown MS3 - 2 Hour Max $2.50 HR 8am-8pm, Mon-Sat, Prepay, NFC","8am","8pm","2 hour","Mon-Sat","$2.50 HR","","",""
"Downtown","Cortez","200 A ST","A-206","32.718919000","-117.162516000","57004","Downtown MK5 - 2 Hour Max $2.50 HR, 8am-8pm, Mon-Sat, Prepay, NFC","8am","8pm","2 hour","Mon-Sat","$2.50 HR","","",""
"Downtown","Cortez","200 A ST","A-208","32.718920000","-117.162450000","57004","Downtown MK5 - 2 Hour Max $2.50 HR, 8am-8pm, Mon-Sat, Prepay, NFC","8am","8pm","2 hour","Mon-Sat","$2.50 HR","","",""
"Downtown","Cortez","200 A ST","A-210","32.718921000","-117.162301000","57004","Downtown MK5 - 2 Hour Max $2.50 HR, 8am-8pm, Mon-Sat, Prepay, NFC","8am","8pm","2 hour","Mon-Sat","$2.50 HR","","",""
"Downtown","Cortez","200 A ST","A-212","32.718922000","-117.162218000","57004","Downtown MK5 - 2 Hour Max $2.50 HR, 8am-8pm, Mon-Sat, Prepay, NFC","8am","8pm","2 hour","Mon-Sat","$2.50 HR","","",""
"Downtown","Cortez","200 A ST","A-214","32.718922000","-117.162151000","57004","Downtown MK5 - 2 Hour Max $2.50 HR, 8am-8pm, Mon-Sat, Prepay, NFC","8am","8pm","2 hour","Mon-Sat","$2.50 HR","","",""
"Downtown","Cortez","200 A ST","A-200","32.718917000","-117.162815000","57004","Downtown MK5 - 2 Hour Max $2.50 HR, 8am-8pm, Mon-Sat, Prepay, NFC","8am","8pm","2 hour","Mon-Sat","$2.50 HR","","",""
"Downtown","Cortez","200 A ST","A-202","32.718918000","-117.162749000","57004","Downtown MK5 - 2 Hour Max $2.50 HR, 8am-8pm, Mon-Sat, Prepay, NFC","8am","8pm","2 hour","Mon-Sat","$2.50 HR","","",""
"Downtown","Cortez","200 A ST","A-204","32.718918000","-117.162666000","57004","Downtown MK5 - 2 Hour Max $2.50 HR, 8am-8pm, Mon-Sat, Prepay, NFC","8am","8pm","2 hour","Mon-Sat","$2.50 HR","","",""
"Downtown","Cortez","200 ASH ST","AH-211","32.719798762","-117.162390388","57004","Downtown MK5 - 2 Hour Max $2.50 HR, 8am-8pm, Mon-Sat, Prepay, NFC","8am","8pm","2 hour","Mon-Sat","$2.50 HR","","",""
"Downtown","Cortez","200 ASH ST","AH-213","32.719775914","-117.162320651","57004","Downtown MK5 - 2 Hour Max $2.50 HR, 8am-8pm, Mon-Sat, Prepay, NFC","8am","8pm","2 hour","Mon-Sat","$2.50 HR","","",""
"Downtown","Cortez","200 ASH ST","AH-215","32.719759554","-117.162320986","57004","Downtown MK5 - 2 Hour Max $2.50 HR, 8am-8pm, Mon-Sat, Prepay, NFC","8am","8pm","2 hour","Mon-Sat","$2.50 HR","","",""
"Downtown","Cortez","200 ASH ST","AH-203","32.719764631","-117.162633463","57004","Downtown MK5 - 2 Hour Max $2.50 HR, 8am-8pm, Mon-Sat, Prepay, NFC","8am","8pm","2 hour","Mon-Sat","$2.50 HR","","",""
"Downtown","Cortez","200 ASH ST","AH-209","32.719806096","-117.162415198","57004","Downtown MK5 - 2 Hour Max $2.50 HR, 8am-8pm, Mon-Sat, Prepay, NFC","8am","8pm","2 hour","Mon-Sat","$2.50 HR","","",""
"Downtown","Cortez","300 A ST","A-300N","32.718949993","-117.161499895","13178","Downtown MS1 PPD - 4 Hour Max $2.50 HR 8am-8pm Mon-Sat (Mobile Pay) (NFC)","8am","8pm","4 hour","Mon-Sat","$2.50 HR","Y","",""
"Downtown","Cortez","300 ASH ST","AH-315","32.719831000","-117.161242000","57004","Downtown MK5 - 2 Hour Max $2.50 HR, 8am-8pm, Mon-Sat, Prepay, NFC","8am","8pm","2 hour","Mon-Sat","$2.50 HR","","",""
"Downtown","Cortez","300 ASH ST","AH-303","32.719828000","-117.161846000","57004","Downtown MK5 - 2 Hour Max $2.50 HR, 8am-8pm, Mon-Sat, Prepay, NFC","8am","8pm","2 hour","Mon-Sat","$2.50 HR","","",""
"Downtown","Cortez","300 ASH ST","AH-305","32.719828000","-117.161779000","57004","Downtown MK5 - 2 Hour Max $2.50 HR, 8am-8pm, Mon-Sat, Prepay, NFC","8am","8pm","2 hour","Mon-Sat","$2.50 HR","","",""
"Downtown","Cortez","300 ASH ST","AH-307","32.719829000","-117.161628000","57004","Downtown MK5 - 2 Hour Max $2.50 HR, 8am-8pm, Mon-Sat, Prepay, NFC","8am","8pm","2 hour","Mon-Sat","$2.50 HR","","",""
"Downtown","Cortez","300 ASH ST","AH-311","32.719829000","-117.161544000","57004","Downtown MK5 - 2 Hour Max $2.50 HR, 8am-8pm, Mon-Sat, Prepay, NFC","8am","8pm","2 hour","Mon-Sat","$2.50 HR","","",""
"Downtown","Cortez","300 ASH ST","AH-313","32.719830000","-117.161393000","57004","Downtown MK5 - 2 Hour Max $2.50 HR, 8am-8pm, Mon-Sat, Prepay, NFC","8am","8pm","2 hour","Mon-Sat","$2.50 HR","","",""
"Downtown","Cortez","400 A ST","A-400","32.718931000","-117.160957000","56998","Downtown MK5 - 1 Hour Max $2.50 HR, 8am-8pm, Mon-Sat, Prepay, NFC","8am","8pm","1 hour","Mon-Sat","$2.50 HR","","",""
"Downtown","Cortez","400 A ST","A-412","32.718933105","-117.160541019","56998","Downtown MK5 - 1 Hour Max $2.50 HR, 8am-8pm, Mon-Sat, Prepay, NFC","8am","8pm","1 hour","Mon-Sat","$2.50 HR","","",""
"Downtown","Cortez","400 A ST","A-414","32.718719482","-117.160240521","56998","Downtown MK5 - 1 Hour Max $2.50 HR, 8am-8pm, Mon-Sat, Prepay, NFC","8am","8pm","1 hour","Mon-Sat","$2.50 HR","","",""
"Downtown","Cortez","400 ASH ST","AH-403","32.719830000","-117.160864000","57004","Downtown MK5 - 2 Hour Max $2.50 HR, 8am-8pm, Mon-Sat, Prepay, NFC","8am","8pm","2 hour","Mon-Sat","$2.50 HR","","",""
"Downtown","Cortez","400 ASH ST","AH-413","32.719828000","-117.160406000","57004","Downtown MK5 - 2 Hour Max $2.50 HR, 8am-8pm, Mon-Sat, Prepay, NFC","8am","8pm","2 hour","Mon-Sat","$2.50 HR","","",""
"Downtown","Cortez","400 ASH ST","AH-405","32.719829000","-117.160711000","57004","Downtown MK5 - 2 Hour Max $2.50 HR, 8am-8pm, Mon-Sat, Prepay, NFC","8am","8pm","2 hour","Mon-Sat","$2.50 HR","","",""
"Downtown","Cortez","400 ASH ST","AH-407","32.719829000","-117.160626000","57004","Downtown MK5 - 2 Hour Max $2.50 HR, 8am-8pm, Mon-Sat, Prepay, NFC","8am","8pm","2 hour","Mon-Sat","$2.50 HR","","",""
"Downtown","Cortez","500 A ST","A-502","32.718938000","-117.159939000","56998","Downtown MK5 - 1 Hour Max $2.50 HR, 8am-8pm, Mon-Sat, Prepay, NFC","8am","8pm","1 hour","Mon-Sat","$2.50 HR","","",""
"Downtown","Cortez","500 A ST","A-504","32.718938000","-117.159841000","56998","Downtown MK5 - 1 Hour Max $2.50 HR, 8am-8pm, Mon-Sat, Prepay, NFC","8am","8pm","1 hour","Mon-Sat","$2.50 HR","","",""
"Downtown","Cortez","500 A ST","A-506","32.718938000","-117.159742000","56998","Downtown MK5 - 1 Hour Max $2.50 HR, 8am-8pm, Mon-Sat, Prepay, NFC","8am","8pm","1 hour","Mon-Sat","$2.50 HR","","",""
"Downtown","Cortez","500 A ST","A-510","32.718939000","-117.159644000","56998","Downtown MK5 - 1 Hour Max $2.50 HR, 8am-8pm, Mon-Sat, Prepay, NFC","8am","8pm","1 hour","Mon-Sat","$2.50 HR","","",""
"Downtown","Cortez","500 A ST","A-514","32.718939000","-117.159530000","56998","Downtown MK5 - 1 Hour Max $2.50 HR, 8am-8pm, Mon-Sat, Prepay, NFC","8am","8pm","1 hour","Mon-Sat","$2.50 HR","","",""
"Downtown","Cortez","500 A ST","A-516","32.718940000","-117.159431000","56998","Downtown MK5 - 1 Hour Max $2.50 HR, 8am-8pm, Mon-Sat, Prepay, NFC","8am","8pm","1 hour","Mon-Sat","$2.50 HR","","",""
"Downtown","Cortez","500 ASH ST","AH-513","32.719824000","-117.159569000","56998","Downtown MK5 - 1 Hour Max $2.50 HR, 8am-8pm, Mon-Sat, Prepay, NFC","8am","8pm","1 hour","Mon-Sat","$2.50 HR","","",""
"Downtown","Cortez","500 ASH ST","AH-515","32.719824000","-117.159503000","56998","Downtown MK5 - 1 Hour Max $2.50 HR, 8am-8pm, Mon-Sat, Prepay, NFC","8am","8pm","1 hour","Mon-Sat","$2.50 HR","","",""
"Downtown","Cortez","500 ASH ST","AH-517","32.719823000","-117.159420000","56999","Downtown MK5 – 15 Min Max $2.50 HR, 8am-8pm, Mon-Sat, Prepay, NFC, (Sensor Courtesy)","8am","8pm","15 min","Mon-Sat","$2.50 HR","","",""
"Downtown","Cortez","600 A ST","A-614","32.718944000","-117.158504000","56998","Downtown MK5 - 1 Hour Max $2.50 HR, 8am-8pm, Mon-Sat, Prepay, NFC","8am","8pm","1 hour","Mon-Sat","$2.50 HR","","",""
"Downtown","Cortez","600 A ST","A-600","32.718941000","-117.159156000","56998","Downtown MK5 - 1 Hour Max $2.50 HR, 8am-8pm, Mon-Sat, Prepay, NFC","8am","8pm","1 hour","Mon-Sat","$2.50 HR","","",""
"Downtown","Cortez","600 ASH ST","AH-615","32.719819000","-117.158582000","56998","Downtown MK5 - 1 Hour Max $2.50 HR, 8am-8pm, Mon-Sat, Prepay, NFC","8am","8pm","1 hour","Mon-Sat","$2.50 HR","","",""
"Downtown","Cortez","600 ASH ST","AH-613","32.719820000","-117.158752000","57001","Downtown MK5 – 30 Min Max $2.50 HR, 8am-8pm, Mon-Sat, Prepay, NFC, (Sensor Courtesy)","8am","8pm","30 min","Mon-Sat","$2.50 HR","","",""
"Downtown","Cortez","700 A ST","A-700","32.718946000","-117.158209000","58016","Downtown Travel Lane MK5 - 2 Hour Max $2.50 HR, 8am-4pm, Mon-Fri, No Parking 4pm-6pm Mon-Fri, 2 Hour Max 6pm-8pm Mon-Fri, 8am-8pm Sat, Prepay, NFC","8am","4pm","2 hour","Mon-Fri","$2.50 HR","","","Y"
"Downtown","Cortez","700 A ST","A-702","32.718947000","-117.158092000","58016","Downtown Travel Lane MK5 - 2 Hour Max $2.50 HR, 8am-4pm, Mon-Fri, No Parking 4pm-6pm Mon-Fri, 2 Hour Max 6pm-8pm Mon-Fri, 8am-8pm Sat, Prepay, NFC","8am","4pm","2 hour","Mon-Fri","$2.50 HR","","","Y"
"Downtown","Cortez","700 A ST","A-708","32.718947000","-117.157974000","58016","Downtown Travel Lane MK5 - 2 Hour Max $2.50 HR, 8am-4pm, Mon-Fri, No Parking 4pm-6pm Mon-Fri, 2 Hour Max 6pm-8pm Mon-Fri, 8am-8pm Sat, Prepay, NFC","8am","4pm","2 hour","Mon-Fri","$2.50 HR","","","Y"
"Downtown","Cortez","700 A ST","A-710","32.718948000","-117.157840000","58016","Downtown Travel Lane MK5 - 2 Hour Max $2.50 HR, 8am-4pm, Mon-Fri, No Parking 4pm-6pm Mon-Fri, 2 Hour Max 6pm-8pm Mon-Fri, 8am-8pm Sat, Prepay, NFC","8am","4pm","2 hour","Mon-Fri","$2.50 HR","","","Y"
"Downtown","Cortez","700 A ST","A-712","32.718949000","-117.157723000","58016","Downtown Travel Lane MK5 - 2 Hour Max $2.50 HR, 8am-4pm, Mon-Fri, No Parking 4pm-6pm Mon-Fri, 2 Hour Max 6pm-8pm Mon-Fri, 8am-8pm Sat, Prepay, NFC","8am","4pm","2 hour","Mon-Fri","$2.50 HR","","","Y"
"Downtown","Cortez","700 A ST","A-714","32.718950000","-117.157605000","58016","Downtown Travel Lane MK5 - 2 Hour Max $2.50 HR, 8am-4pm, Mon-Fri, No Parking 4pm-6pm Mon-Fri, 2 Hour Max 6pm-8pm Mon-Fri, 8am-8pm Sat, Prepay, NFC","8am","4pm","2 hour","Mon-Fri","$2.50 HR","","","Y"
"Downtown","Cortez","700 ASH ST","AH-703","32.719820000","-117.158168000","56998","Downtown MK5 - 1 Hour Max $2.50 HR, 8am-8pm, Mon-Sat, Prepay, NFC","8am","8pm","1 hour","Mon-Sat","$2.50 HR","","",""
"Downtown","Cortez","700 ASH ST","AH-711","32.719821000","-117.158000000","57004","Downtown MK5 - 2 Hour Max $2.50 HR, 8am-8pm, Mon-Sat, Prepay, NFC","8am","8pm","2 hour","Mon-Sat","$2.50 HR","","",""
"Downtown","Cortez","700 ASH ST","AH-713","32.719822000","-117.157832000","57004","Downtown MK5 - 2 Hour Max $2.50 HR, 8am-8pm, Mon-Sat, Prepay, NFC","8am","8pm","2 hour","Mon-Sat","$2.50 HR","","",""
"Downtown","Cortez","700 ASH ST","AH-715","32.719824000","-117.157665000","57004","Downtown MK5 - 2 Hour Max $2.50 HR, 8am-8pm, Mon-Sat, Prepay, NFC","8am","8pm","2 hour","Mon-Sat","$2.50 HR","","",""
"Downtown","Cortez","800 A ST","A-806","32.718953000","-117.157102000","58016","Downtown Travel Lane MK5 - 2 Hour Max $2.50 HR, 8am-4pm, Mon-Fri, No Parking 4pm-6pm Mon-Fri, 2 Hour Max 6pm-8pm Mon-Fri, 8am-8pm Sat, Prepay, NFC","8am","4pm","2 hour","Mon-Fri","$2.50 HR","","","Y"
"Downtown","Cortez","800 A ST","A-808","32.718953000","-117.156970000","58016","Downtown Travel Lane MK5 - 2 Hour Max $2.50 HR, 8am-4pm, Mon-Fri, No Parking 4pm-6pm Mon-Fri, 2 Hour Max 6pm-8pm Mon-Fri, 8am-8pm Sat, Prepay, NFC","8am","4pm","2 hour","Mon-Fri","$2.50 HR","","","Y"
"Downtown","Cortez","800 A ST","A-800","32.718952000","-117.157348000","58016","Downtown Travel Lane MK5 - 2 Hour Max $2.50 HR, 8am-4pm, Mon-Fri, No Parking 4pm-6pm Mon-Fri, 2 Hour Max 6pm-8pm Mon-Fri, 8am-8pm Sat, Prepay, NFC","8am","4pm","2 hour","Mon-Fri","$2.50 HR","","","Y"
"Downtown","Core","100 WEST BROADWAY","WD-106","32.715814054","-117.164092086","57185","Special Event Downtown MK5 - 2 Hour Max $2.50 HR 8am-8pm Mon-Sat (NFC)","8am","8pm","2 hour","Mon-Sat","$2.50 HR","","",""
"Downtown","Core","100 WEST BROADWAY","WD-108","32.715804027","-117.164288680","57185","Special Event Downtown MK5 - 2 Hour Max $2.50 HR 8am-8pm Mon-Sat (NFC)","8am","8pm","2 hour","Mon-Sat","$2.50 HR","","",""
"Downtown","Core","100 WEST BROADWAY","WD-110","32.715794000","-117.164474545","57185","Special Event Downtown MK5 - 2 Hour Max $2.50 HR 8am-8pm Mon-Sat (NFC)","8am","8pm","2 hour","Mon-Sat","$2.50 HR","","",""
"Downtown","Core","1000 FIFTH AVE","5-1002","32.716231000","-117.159991000","57004","Downtown MK5 - 2 Hour Max $2.50 HR, 8am-8pm, Mon-Sat, Prepay, NFC","8am","8pm","2 hour","Mon-Sat","$2.50 HR","","",""
"Downtown","Core","1000 FIFTH AVE","5-1004","32.716232000","-117.159990000","57004","Downtown MK5 - 2 Hour Max $2.50 HR, 8am-8pm, Mon-Sat, Prepay, NFC","8am","8pm","2 hour","Mon-Sat","$2.50 HR","","",""
"Downtown","Core","1000 FIFTH AVE","5-1006","32.716230000","-117.159989000","57004","Downtown MK5 - 2 Hour Max $2.50 HR, 8am-8pm, Mon-Sat, Prepay, NFC","8am","8pm","2 hour","Mon-Sat","$2.50 HR","","",""
"Downtown","Core","1000 FIRST AVE","1-1004","32.715904000","-117.163929000","57004","Downtown MK5 - 2 Hour Max $2.50 HR, 8am-8pm, Mon-Sat, Prepay, NFC","8am","8pm","2 hour","Mon-Sat","$2.50 HR","","",""
"Downtown","Core","1000 FIRST AVE","1-1006","32.716037000","-117.163930000","57004","Downtown MK5 - 2 Hour Max $2.50 HR, 8am-8pm, Mon-Sat, Prepay, NFC","8am","8pm","2 hour","Mon-Sat","$2.50 HR","","",""
"Downtown","Core","1000 FIRST AVE","1-1008","32.716169000","-117.163931000","57004","Downtown MK5 - 2 Hour Max $2.50 HR, 8am-8pm, Mon-Sat, Prepay, NFC","8am","8pm","2 hour","Mon-Sat","$2.50 HR","","",""
"Downtown","Core","1000 FIRST AVE","1-1020","32.717890000","-117.161278000","56999","Downtown MK5 – 15 Min Max $2.50 HR, 8am-8pm, Mon-Sat, Prepay, NFC, (Sensor Courtesy)","8am","8pm","15 min","Mon-Sat","$2.50 HR","","",""
"Downtown","Core","1000 FOURTH AVE","4-1000W","32.716056101","-117.161151878","60621","Downtown MS3 - 4 Hour Max $2.50 HR 8am-8pm, Mon-Sun, Prepay, NFC","8am","8pm","4 hour","Mon-Sun","$2.50 HR","","",""
"Downtown","Core","1000 FRONT ST","FR-1019","32.716039000","-117.164639000","57004","Downtown MK5 - 2 Hour Max $2.50 HR, 8am-8pm, Mon-Sat, Prepay, NFC","8am","8pm","2 hour","Mon-Sat","$2.50 HR","","",""
"Downtown","Core","1000 FRONT ST","FR-1002","32.716177399","-117.164802029","57004","Downtown MK5 - 2 Hour Max $2.50 HR, 8am-8pm, Mon-Sat, Prepay, NFC","8am","8pm","2 hour","Mon-Sat","$2.50 HR","","",""
"Downtown","Core","1000 FRONT ST","FR-1004","32.716091080","-117.164787612","57004","Downtown MK5 - 2 Hour Max $2.50 HR, 8am-8pm, Mon-Sat, Prepay, NFC","8am","8pm","2 hour","Mon-Sat","$2.50 HR","","",""
"Downtown","Core","1000 THIRD AVE","3-1001","32.715859000","-117.161914000","57001","Downtown MK5 – 30 Min Max $2.50 HR, 8am-8pm, Mon-Sat, Prepay, NFC, (Sensor Courtesy)","8am","8pm","30 min","Mon-Sat","$2.50 HR","","",""
"Downtown","Core","1000 THIRD AVE","3-1003","32.715975000","-117.161917000","57001","Downtown MK5 – 30 Min Max $2.50 HR, 8am-8pm, Mon-Sat, Prepay, NFC, (Sensor Courtesy)","8am","8pm","30 min","Mon-Sat","$2.50 HR","","",""
"Downtown","Core","1000 THIRD AVE","3-1005","32.716071000","-117.161920000","57001","Downtown MK5 – 30 Min Max $2.50 HR, 8am-8pm, Mon-Sat, Prepay, NFC, (Sensor Courtesy)","8am","8pm","30 min","Mon-Sat","$2.50 HR","","",""
"Downtown","Core","1000 THIRD AVE","3-1007","32.716187000","-117.161924000","57001","Downtown MK5 – 30 Min Max $2.50 HR, 8am-8pm, Mon-Sat, Prepay, NFC, (Sensor Courtesy)","8am","8pm","30 min","Mon-Sat","$2.50 HR","","",""
"Downtown","Core","1100 EIGHTH AVE","8-1102","32.716937000","-117.157538000","57004","Downtown MK5 - 2 Hour Max $2.50 HR, 8am-8pm, Mon-Sat, Prepay, NFC","8am","8pm","2 hour","Mon-Sat","$2.50 HR","","",""
"Downtown","Core","1100 EIGHTH AVE","8-1114","32.717305000","-117.157541000","57004","Downtown MK5 - 2 Hour Max $2.50 HR, 8am-8pm, Mon-Sat, Prepay, NFC","8am","8pm","2 hour","Mon-Sat","$2.50 HR","","",""
"Downtown","Core","1100 EIGHTH AVE","8-1116","32.717421000","-117.157542000","57004","Downtown MK5 - 2 Hour Max $2.50 HR, 8am-8pm, Mon-Sat, Prepay, NFC","8am","8pm","2 hour","Mon-Sat","$2.50 HR","","",""
"Downtown","Core","1100 EIGHTH AVE","8-1118","32.717517000","-117.157543000","57004","Downtown MK5 - 2 Hour Max $2.50 HR, 8am-8pm, Mon-Sat, Prepay, NFC","8am","8pm","2 hour","Mon-Sat","$2.50 HR","","",""
"Downtown","Core","1100 EIGHTH AVE","8-1120","32.717633000","-117.157543000","57004","Downtown MK5 - 2 Hour Max $2.50 HR, 8am-8pm, Mon-Sat, Prepay, NFC","8am","8pm","2 hour","Mon-Sat","$2.50 HR","","",""
"Downtown","Core","1100 EIGHTH AVE","8-1122","32.717730000","-117.157544000","57004","Downtown MK5 - 2 Hour Max $2.50 HR, 8am-8pm, Mon-Sat, Prepay, NFC","8am","8pm","2 hour","Mon-Sat","$2.50 HR","","",""
"Downtown","Core","1100 SEVENTH AVE","7-1104","32.716897000","-117.158451000","57004","Downtown MK5 - 2 Hour Max $2.50 HR, 8am-8pm, Mon-Sat, Prepay, NFC","8am","8pm","2 hour","Mon-Sat","$2.50 HR","","",""
"Downtown","Core","1100 SEVENTH AVE","7-1106","32.716974000","-117.158452000","57004","Downtown MK5 - 2 Hour Max $2.50 HR, 8am-8pm, Mon-Sat, Prepay, NFC","8am","8pm","2 hour","Mon-Sat","$2.50 HR","","",""
"Downtown","Core","1100 SEVENTH AVE","7-1112","32.717051000","-117.158452000","57004","Downtown MK5 - 2 Hour Max $2.50 HR, 8am-8pm, Mon-Sat, Prepay, NFC","8am","8pm","2 hour","Mon-Sat","$2.50 HR","","",""
"Downtown","Core","1100 SEVENTH AVE","7-1114","32.717186000","-117.158452000","57004","Downtown MK5 - 2 Hour Max $2.50 HR, 8am-8pm, Mon-Sat, Prepay, NFC","8am","8pm","2 hour","Mon-Sat","$2.50 HR","","",""
"Downtown","Core","1100 SEVENTH AVE","7-1116","32.717341000","-117.158453000","57004","Downtown MK5 - 2 Hour Max $2.50 HR, 8am-8pm, Mon-Sat, Prepay, NFC","8am","8pm","2 hour","Mon-Sat","$2.50 HR","","",""
"Downtown","Core","1100 SEVENTH AVE","7-1118","32.717495000","-117.158454000","57004","Downtown MK5 - 2 Hour Max $2.50 HR, 8am-8pm, Mon-Sat, Prepay, NFC","8am","8pm","2 hour","Mon-Sat","$2.50 HR","","",""
"Downtown","Core","1100 SEVENTH AVE","7-1124","32.717707000","-117.158465058","57004","Downtown MK5 - 2 Hour Max $2.50 HR, 8am-8pm, Mon-Sat, Prepay, NFC","8am","8pm","2 hour","Mon-Sat","$2.50 HR","","",""
"Downtown","Core","1100 SEVENTH AVE","7-1100E","32.717707000","-117.158455000","13180","Downtown MS1 PPD - 2 Hour Max $2.50 HR 8am-8pm Mon-Sat (NFC)","8am","8pm","2 hour","Mon-Sat","$2.50 HR","","",""
"Downtown","Core","1100 THIRD AVE","3-1116","32.717139000","-117.162126000","57001","Downtown MK5 – 30 Min Max $2.50 HR, 8am-8pm, Mon-Sat, Prepay, NFC, (Sensor Courtesy)","8am","8pm","30 min","Mon-Sat","$2.50 HR","","",""
"Downtown","Core","1100 THIRD AVE","3-1118","32.717447000","-117.162127000","57001","Downtown MK5 – 30 Min Max $2.50 HR, 8am-8pm, Mon-Sat, Prepay, NFC, (Sensor Courtesy)","8am","8pm","30 min","Mon-Sat","$2.50 HR","","",""
"Downtown","Core","1200 EIGHTH AVE","8-1219","32.718619000","-117.157564000","57004","Downtown MK5 - 2 Hour Max $2.50 HR, 8am-8pm, Mon-Sat, Prepay, NFC","8am","8pm","2 hour","Mon-Sat","$2.50 HR","","",""
"Downtown","Core","1200 EIGHTH AVE","8-1203","32.717885000","-117.157548000","57004","Downtown MK5 - 2 Hour Max $2.50 HR, 8am-8pm, Mon-Sat, Prepay, NFC","8am","8pm","2 hour","Mon-Sat","$2.50 HR","","",""
"Downtown","Core","1200 EIGHTH AVE","8-1205","32.717908000","-117.157696000","57004","Downtown MK5 - 2 Hour Max $2.50 HR, 8am-8pm, Mon-Sat, Prepay, NFC","8am","8pm","2 hour","Mon-Sat","$2.50 HR","","",""
"Downtown","Core","1200 EIGHTH AVE","8-1213","32.718500000","-117.157438000","57004","Downtown MK5 - 2 Hour Max $2.50 HR, 8am-8pm, Mon-Sat, Prepay, NFC","8am","8pm","2 hour","Mon-Sat","$2.50 HR","","",""
"Downtown","Core","1200 EIGHTH AVE","8-1215","32.718523000","-117.157372000","57004","Downtown MK5 - 2 Hour Max $2.50 HR, 8am-8pm, Mon-Sat, Prepay, NFC","8am","8pm","2 hour","Mon-Sat","$2.50 HR","","",""
"Downtown","Core","1200 EIGHTH AVE","8-1209","32.718360000","-117.157387000","57004","Downtown MK5 - 2 Hour Max $2.50 HR, 8am-8pm, Mon-Sat, Prepay, NFC","8am","8pm","2 hour","Mon-Sat","$2.50 HR","","",""
"Downtown","Core","1200 EIGHTH AVE","8-1211","32.718383000","-117.157436000","57004","Downtown MK5 - 2 Hour Max $2.50 HR, 8am-8pm, Mon-Sat, Prepay, NFC","8am","8pm","2 hour","Mon-Sat","$2.50 HR","","",""
"Downtown","Core","1200 FOURTH AVE","4-1222","32.718609000","-117.161211000","56999","Downtown MK5 – 15 Min Max $2.50 HR, 8am-8pm, Mon-Sat, Prepay, NFC, (Sensor Courtesy)","8am","8pm","15 min","Mon-Sat","$2.50 HR","","",""
"Downtown","Core","1200 FOURTH AVE","4-1224","32.718705000","-117.161212000","56999","Downtown MK5 – 15 Min Max $2.50 HR, 8am-8pm, Mon-Sat, Prepay, NFC, (Sensor Courtesy)","8am","8pm","15 min","Mon-Sat","$2.50 HR","","",""
"Downtown","Core","1200 FOURTH AVE","4-1204","32.717980000","-117.161204000","56998","Downtown MK5 - 1 Hour Max $2.50 HR, 8am-8pm, Mon-Sat, Prepay, NFC","8am","8pm","1 hour","Mon-Sat","$2.50 HR","","",""
"Downtown","Core","1200 FOURTH AVE","4-1206","32.718075000","-117.161205000","56998","Downtown MK5 - 1 Hour Max $2.50 HR, 8am-8pm, Mon-Sat, Prepay, NFC","8am","8pm","1 hour","Mon-Sat","$2.50 HR","","",""
"Downtown","Core","1200 FOURTH AVE","4-1208","32.718190000","-117.161206000","56998","Downtown MK5 - 1 Hour Max $2.50 HR, 8am-8pm, Mon-Sat, Prepay, NFC","8am","8pm","1 hour","Mon-Sat","$2.50 HR","","",""
"Downtown","Core","1200 FOURTH AVE","4-1210","32.718285000","-117.161207000","56998","Downtown MK5 - 1 Hour Max $2.50 HR, 8am-8pm, Mon-Sat, Prepay, NFC","8am","8pm","1 hour","Mon-Sat","$2.50 HR","","",""
"Downtown","Core","1200 FOURTH AVE","4-1216","32.718399000","-117.161208000","56998","Downtown MK5 - 1 Hour Max $2.50 HR, 8am-8pm, Mon-Sat, Prepay, NFC","8am","8pm","1 hour","Mon-Sat","$2.50 HR","","",""
"Downtown","Core","1200 FOURTH AVE","4-1218","32.718495000","-117.161209000","56998","Downtown MK5 - 1 Hour Max $2.50 HR, 8am-8pm, Mon-Sat, Prepay, NFC","8am","8pm","1 hour","Mon-Sat","$2.50 HR","","",""
"Downtown","Core","1200 FRONT ST","FR-1202","32.718490000","-117.164654000","9287","2 Hour Max $2.50 HR 8am-6pm Mon-Sat (NFC)","8am","6pm","2 hour","Mon-Sat","$2.50 HR","","",""
"Downtown","Core","1200 FRONT ST","FR-1204","32.718490000","-117.164654000","9287","2 Hour Max $2.50 HR 8am-6pm Mon-Sat (NFC)","8am","6pm","2 hour","Mon-Sat","$2.50 HR","","",""
"Downtown","Core","1200 FRONT ST","FR-1205","32.718069000","-117.164651000","57004","Downtown MK5 - 2 Hour Max $2.50 HR, 8am-8pm, Mon-Sat, Prepay, NFC","8am","8pm","2 hour","Mon-Sat","$2.50 HR","","",""
"Downtown","Core","1200 FRONT ST","FR-1215","32.718490000","-117.164654000","57004","Downtown MK5 - 2 Hour Max $2.50 HR, 8am-8pm, Mon-Sat, Prepay, NFC","8am","8pm","2 hour","Mon-Sat","$2.50 HR","","",""
"Downtown","Core","1200 FRONT ST","FR-1217","32.718829000","-117.164694000","57004","Downtown MK5 - 2 Hour Max $2.50 HR, 8am-8pm, Mon-Sat, Prepay, NFC","8am","8pm","2 hour","Mon-Sat","$2.50 HR","","",""
"Downtown","Core","1200 THIRD AVE","3-1222","32.718725000","-117.161956000","57004","Downtown MK5 - 2 Hour Max $2.50 HR, 8am-8pm, Mon-Sat, Prepay, NFC","8am","8pm","2 hour","Mon-Sat","$2.50 HR","","",""
"Downtown","Core","1200 THIRD AVE","3-1224","32.718728000","-117.161923000","57004","Downtown MK5 - 2 Hour Max $2.50 HR, 8am-8pm, Mon-Sat, Prepay, NFC","8am","8pm","2 hour","Mon-Sat","$2.50 HR","","",""
"Downtown","Core","1200 THIRD AVE","Pkg Admin","32.000000000","-117.000000000","12466","2 Hour Max $2.50 HR 8am-4pm Mon-Fri 8am-6pm Sat (NFC)","8am","4pm","2 hour","Mon-Fri","$2.50 HR","","",""
"Downtown","Core","1200 THIRD AVE","3-1207","32.718164000","-117.161947000","57004","Downtown MK5 - 2 Hour Max $2.50 HR, 8am-8pm, Mon-Sat, Prepay, NFC","8am","8pm","2 hour","Mon-Sat","$2.50 HR","","",""
"Downtown","Core","1200 THIRD AVE","3-1209","32.718279000","-117.161947000","57004","Downtown MK5 - 2 Hour Max $2.50 HR, 8am-8pm, Mon-Sat, Prepay, NFC","8am","8pm","2 hour","Mon-Sat","$2.50 HR","","",""
"Downtown","Core","1300 EIGHTH AVE","8-1302","32.719095000","-117.157551000","56998","Downtown MK5 - 1 Hour Max $2.50 HR, 8am-8pm, Mon-Sat, Prepay, NFC","8am","8pm","1 hour","Mon-Sat","$2.50 HR","","",""
"Downtown","Core","1300 EIGHTH AVE","8-1304","32.719189000","-117.157552000","56998","Downtown MK5 - 1 Hour Max $2.50 HR, 8am-8pm, Mon-Sat, Prepay, NFC","8am","8pm","1 hour","Mon-Sat","$2.50 HR","","",""
"Downtown","Core","1300 EIGHTH AVE","8-1306","32.719265000","-117.157553000","56998","Downtown MK5 - 1 Hour Max $2.50 HR, 8am-8pm, Mon-Sat, Prepay, NFC","8am","8pm","1 hour","Mon-Sat","$2.50 HR","","",""
"Downtown","Core","1300 EIGHTH AVE","8-1307","32.719342000","-117.157372000","56998","Downtown MK5 - 1 Hour Max $2.50 HR, 8am-8pm, Mon-Sat, Prepay, NFC","8am","8pm","1 hour","Mon-Sat","$2.50 HR","","",""
"Downtown","Core","1300 EIGHTH AVE","8-1309","32.719436000","-117.157373000","56998","Downtown MK5 - 1 Hour Max $2.50 HR, 8am-8pm, Mon-Sat, Prepay, NFC","8am","8pm","1 hour","Mon-Sat","$2.50 HR","","",""
"Downtown","Core","1300 EIGHTH AVE","8-1318","32.719529000","-117.157556000","56998","Downtown MK5 - 1 Hour Max $2.50 HR, 8am-8pm, Mon-Sat, Prepay, NFC","8am","8pm","1 hour","Mon-Sat","$2.50 HR","","",""
"Downtown","Core","1300 EIGHTH AVE","8-1320","32.719605000","-117.157557000","56998","Downtown MK5 - 1 Hour Max $2.50 HR, 8am-8pm, Mon-Sat, Prepay, NFC","8am","8pm","1 hour","Mon-Sat","$2.50 HR","","",""
"Downtown","Core","1300 EIGHTH AVE","8-1322","32.719699000","-117.157558000","56998","Downtown MK5 - 1 Hour Max $2.50 HR, 8am-8pm, Mon-Sat, Prepay, NFC","8am","8pm","1 hour","Mon-Sat","$2.50 HR","","",""
"Downtown","Core","1300 EIGHTH AVE","8-1324","32.719775000","-117.157558000","56998","Downtown MK5 - 1 Hour Max $2.50 HR, 8am-8pm, Mon-Sat, Prepay, NFC","8am","8pm","1 hour","Mon-Sat","$2.50 HR","","",""
"Downtown","Core","1300 FIFTH AVE","5-1311","32.719104000","-117.160107000","57004","Downtown MK5 - 2 Hour Max $2.50 HR, 8am-8pm, Mon-Sat, Prepay, NFC","8am","8pm","2 hour","Mon-Sat","$2.50 HR","","",""
"Downtown","Core","1300 FIFTH AVE","5-1313","32.719200000","-117.160108000","57004","Downtown MK5 - 2 Hour Max $2.50 HR, 8am-8pm, Mon-Sat, Prepay, NFC","8am","8pm","2 hour","Mon-Sat","$2.50 HR","","",""
"Downtown","Core","1300 FIFTH AVE","5-1303","32.718963000","-117.160391000","57001","Downtown MK5 – 30 Min Max $2.50 HR, 8am-8pm, Mon-Sat, Prepay, NFC, (Sensor Courtesy)","8am","8pm","30 min","Mon-Sat","$2.50 HR","","",""
"Downtown","Core","1300 FIFTH AVE","5-1305","32.719109000","-117.160362000","57001","Downtown MK5 – 30 Min Max $2.50 HR, 8am-8pm, Mon-Sat, Prepay, NFC, (Sensor Courtesy)","8am","8pm","30 min","Mon-Sat","$2.50 HR","","",""
"Downtown","Core","1300 FIFTH AVE","5-1316","32.719391000","-117.160292000","8999","1 Hour Max $2.50 HR 8am-6pm Mon-Sat (NFC)","8am","6pm","1 hour","Mon-Sat","$2.50 HR","","",""
"Downtown","Core","1300 FIFTH AVE","5-1300W","32.719503993","-117.160274461","57460","Downtown MSPM PBP - 2 Hour Max $2.50 HR 8am-8pm Mon-Sat (NFC)","8am","8pm","2 hour","Mon-Sat","$2.50 HR","","Y",""
"Downtown","Core","1300 FIRST AVE","1-1310","32.719024000","-117.163951000","58016","Downtown Travel Lane MK5 - 2 Hour Max $2.50 HR, 8am-4pm, Mon-Fri, No Parking 4pm-6pm Mon-Fri, 2 Hour Max 6pm-8pm Mon-Fri, 8am-8pm Sat, Prepay, NFC","8am","4pm","2 hour","Mon-Fri","$2.50 HR","","","Y"
"Downtown","Core","1300 FIRST AVE","1-1312","32.719161000","-117.163952000","58016","Downtown Travel Lane MK5 - 2 Hour Max $2.50 HR, 8am-4pm, Mon-Fri, No Parking 4pm-6pm Mon-Fri, 2 Hour Max 6pm-8pm Mon-Fri, 8am-8pm Sat, Prepay, NFC","8am","4pm","2 hour","Mon-Fri","$2.50 HR","","","Y"
"Downtown","Core","1300 FIRST AVE","1-1314","32.719453000","-117.163953000","58016","Downtown Travel Lane MK5 - 2 Hour Max $2.50 HR, 8am-4pm, Mon-Fri, No Parking 4pm-6pm Mon-Fri, 2 Hour Max 6pm-8pm Mon-Fri, 8am-8pm Sat, Prepay, NFC","8am","4pm","2 hour","Mon-Fri","$2.50 HR","","","Y"
"Downtown","Core","1300 FOURTH AVE","4-1300E","32.719497787","-117.161026820","57460","Downtown MSPM PBP - 2 Hour Max $2.50 HR 8am-8pm Mon-Sat (NFC)","8am","8pm","2 hour","Mon-Sat","$2.50 HR","","Y",""
"Downtown","Core","1300 FOURTH AVE","4-1302","32.719099000","-117.161215000","57004","Downtown MK5 - 2 Hour Max $2.50 HR, 8am-8pm, Mon-Sat, Prepay, NFC","8am","8pm","2 hour","Mon-Sat","$2.50 HR","","",""
"Downtown","Core","1300 FOURTH AVE","4-1304","32.719196000","-117.161216000","57004","Downtown MK5 - 2 Hour Max $2.50 HR, 8am-8pm, Mon-Sat, Prepay, NFC","8am","8pm","2 hour","Mon-Sat","$2.50 HR","","",""
"Downtown","Core","1300 FOURTH AVE","4-1306","32.719293000","-117.161216000","57004","Downtown MK5 - 2 Hour Max $2.50 HR, 8am-8pm, Mon-Sat, Prepay, NFC","8am","8pm","2 hour","Mon-Sat","$2.50 HR","","",""
"Downtown","Core","1300 FOURTH AVE","4-1310","32.719511000","-117.160973000","57004","Downtown MK5 - 2 Hour Max $2.50 HR, 8am-8pm, Mon-Sat, Prepay, NFC","8am","8pm","2 hour","Mon-Sat","$2.50 HR","","",""
"Downtown","Core","1300 FOURTH AVE","4-1312","32.719414000","-117.161027000","57004","Downtown MK5 - 2 Hour Max $2.50 HR, 8am-8pm, Mon-Sat, Prepay, NFC","8am","8pm","2 hour","Mon-Sat","$2.50 HR","","",""
"Downtown","Core","1300 FOURTH AVE","4-1314","32.719414000","-117.161084000","57004","Downtown MK5 - 2 Hour Max $2.50 HR, 8am-8pm, Mon-Sat, Prepay, NFC","8am","8pm","2 hour","Mon-Sat","$2.50 HR","","",""
"Downtown","Core","1300 FOURTH AVE","4-1316","32.719414000","-117.161084000","57004","Downtown MK5 - 2 Hour Max $2.50 HR, 8am-8pm, Mon-Sat, Prepay, NFC","8am","8pm","2 hour","Mon-Sat","$2.50 HR","","",""
"Downtown","Core","1300 FRONT ST","FR-1301","32.718980000","-117.164658000","57004","Downtown MK5 - 2 Hour Max $2.50 HR, 8am-8pm, Mon-Sat, Prepay, NFC","8am","8pm","2 hour","Mon-Sat","$2.50 HR","","",""
"Downtown","Core","1300 FRONT ST","FR-1303","32.719078000","-117.164659000","57004","Downtown MK5 - 2 Hour Max $2.50 HR, 8am-8pm, Mon-Sat, Prepay, NFC","8am","8pm","2 hour","Mon-Sat","$2.50 HR","","",""
"Downtown","Core","1300 FRONT ST","FR-1305","32.719176000","-117.164660000","57004","Downtown MK5 - 2 Hour Max $2.50 HR, 8am-8pm, Mon-Sat, Prepay, NFC","8am","8pm","2 hour","Mon-Sat","$2.50 HR","","",""
"Downtown","Core","1300 FRONT ST","FR-1307","32.719273000","-117.164661000","57004","Downtown MK5 - 2 Hour Max $2.50 HR, 8am-8pm, Mon-Sat, Prepay, NFC","8am","8pm","2 hour","Mon-Sat","$2.50 HR","","",""
"Downtown","Core","1300 FRONT ST","FR-1309","32.719371000","-117.164662000","57004","Downtown MK5 - 2 Hour Max $2.50 HR, 8am-8pm, Mon-Sat, Prepay, NFC","8am","8pm","2 hour","Mon-Sat","$2.50 HR","","",""
"Downtown","Core","1300 FRONT ST","FR-1316","32.719565000","-117.164846000","57004","Downtown MK5 - 2 Hour Max $2.50 HR, 8am-8pm, Mon-Sat, Prepay, NFC","8am","8pm","2 hour","Mon-Sat","$2.50 HR","","",""
"Downtown","Core","1300 FRONT ST","FR-1318","32.719663000","-117.164847000","57004","Downtown MK5 - 2 Hour Max $2.50 HR, 8am-8pm, Mon-Sat, Prepay, NFC","8am","8pm","2 hour","Mon-Sat","$2.50 HR","","",""
"Downtown","Core","1300 FRONT ST","FR-1320","32.719760000","-117.164848000","57004","Downtown MK5 - 2 Hour Max $2.50 HR, 8am-8pm, Mon-Sat, Prepay, NFC","8am","8pm","2 hour","Mon-Sat","$2.50 HR","","",""
"Downtown","Core","1300 NINTH AVE","9-1302","32.719099000","-117.156657000","57004","Downtown MK5 - 2 Hour Max $2.50 HR, 8am-8pm, Mon-Sat, Prepay, NFC","8am","8pm","2 hour","Mon-Sat","$2.50 HR","","",""
"Downtown","Core","1300 NINTH AVE","9-1304","32.719193000","-117.156657000","57004","Downtown MK5 - 2 Hour Max $2.50 HR, 8am-8pm, Mon-Sat, Prepay, NFC","8am","8pm","2 hour","Mon-Sat","$2.50 HR","","",""
"Downtown","Core","1300 NINTH AVE","9-1310","32.719269000","-117.156658000","57004","Downtown MK5 - 2 Hour Max $2.50 HR, 8am-8pm, Mon-Sat, Prepay, NFC","8am","8pm","2 hour","Mon-Sat","$2.50 HR","","",""
"Downtown","Core","1300 NINTH AVE","9-1312","32.719363000","-117.156658000","57004","Downtown MK5 - 2 Hour Max $2.50 HR, 8am-8pm, Mon-Sat, Prepay, NFC","8am","8pm","2 hour","Mon-Sat","$2.50 HR","","",""
"Downtown","Core","1300 NINTH AVE","9-1318","32.719439000","-117.156659000","57004","Downtown MK5 - 2 Hour Max $2.50 HR, 8am-8pm, Mon-Sat, Prepay, NFC","8am","8pm","2 hour","Mon-Sat","$2.50 HR","","",""
"Downtown","Core","1300 NINTH AVE","9-1320","32.719533000","-117.156660000","57004","Downtown MK5 - 2 Hour Max $2.50 HR, 8am-8pm, Mon-Sat, Prepay, NFC","8am","8pm","2 hour","Mon-Sat","$2.50 HR","","",""
"Downtown","Core","1300 NINTH AVE","9-1322","32.719609000","-117.156660000","57004","Downtown MK5 - 2 Hour Max $2.50 HR, 8am-8pm, Mon-Sat, Prepay, NFC","8am","8pm","2 hour","Mon-Sat","$2.50 HR","","",""
"Downtown","Core","1300 NINTH AVE","9-1324","32.719703000","-117.156661000","57004","Downtown MK5 - 2 Hour Max $2.50 HR, 8am-8pm, Mon-Sat, Prepay, NFC","8am","8pm","2 hour","Mon-Sat","$2.50 HR","","",""
"Downtown","Core","1300 NINTH AVE","9-1326","32.719779000","-117.156661000","57004","Downtown MK5 - 2 Hour Max $2.50 HR, 8am-8pm, Mon-Sat, Prepay, NFC","8am","8pm","2 hour","Mon-Sat","$2.50 HR","","",""
"Downtown","Core","1300 SECOND AVE","2-1300E","32.719368596","-117.162878215","13180","Downtown MS1 PPD - 2 Hour Max $2.50 HR 8am-8pm Mon-Sat (NFC)","8am","8pm","2 hour","Mon-Sat","$2.50 HR","","",""
"Downtown","Core","1300 SEVENTH AVE","7-1301","32.719014000","-117.158282000","57004","Downtown MK5 - 2 Hour Max $2.50 HR, 8am-8pm, Mon-Sat, Prepay, NFC","8am","8pm","2 hour","Mon-Sat","$2.50 HR","","",""
"Downtown","Core","1300 SEVENTH AVE","7-1320","32.719749000","-117.158472000","57004","Downtown MK5 - 2 Hour Max $2.50 HR, 8am-8pm, Mon-Sat, Prepay, NFC","8am","8pm","2 hour","Mon-Sat","$2.50 HR","","",""
"Downtown","Core","1300 SIXTH AVE","6-1300E","32.719809000","-117.159400000","43392","Downtown MS1 PPD - 1 Hour Max $2.50 HR 8am-8pm Mon-Sat (NFC)","8am","8pm","1 hour","Mon-Sat","$2.50 HR","","",""
"Downtown","Core","1300 SIXTH AVE","6-1302","32.719067000","-117.159397000","56998","Downtown MK5 - 1 Hour Max $2.50 HR, 8am-8pm, Mon-Sat, Prepay, NFC","8am","8pm","1 hour","Mon-Sat","$2.50 HR","","",""
"Downtown","Core","1300 SIXTH AVE","6-1304","32.719181000","-117.159397000","56998","Downtown MK5 - 1 Hour Max $2.50 HR, 8am-8pm, Mon-Sat, Prepay, NFC","8am","8pm","1 hour","Mon-Sat","$2.50 HR","","",""
"Downtown","Core","1300 SIXTH AVE","6-1306","32.719277000","-117.159397000","56998","Downtown MK5 - 1 Hour Max $2.50 HR, 8am-8pm, Mon-Sat, Prepay, NFC","8am","8pm","1 hour","Mon-Sat","$2.50 HR","","",""
"Downtown","Core","1300 SIXTH AVE","6-1308","32.719391000","-117.159398000","56998","Downtown MK5 - 1 Hour Max $2.50 HR, 8am-8pm, Mon-Sat, Prepay, NFC","8am","8pm","1 hour","Mon-Sat","$2.50 HR","","",""
"Downtown","Core","1300 SIXTH AVE","6-1318","32.719600000","-117.159399000","56998","Downtown MK5 - 1 Hour Max $2.50 HR, 8am-8pm, Mon-Sat, Prepay, NFC","8am","8pm","1 hour","Mon-Sat","$2.50 HR","","",""
"Downtown","Core","1300 SIXTH AVE","6-1320","32.719714000","-117.159399000","56998","Downtown MK5 - 1 Hour Max $2.50 HR, 8am-8pm, Mon-Sat, Prepay, NFC","8am","8pm","1 hour","Mon-Sat","$2.50 HR","","",""
"Downtown","Core","1300 SIXTH AVE","6-1322","32.719809000","-117.159400000","56998","Downtown MK5 - 1 Hour Max $2.50 HR, 8am-8pm, Mon-Sat, Prepay, NFC","8am","8pm","1 hour","Mon-Sat","$2.50 HR","","",""
"Downtown","Core","1300 THIRD AVE","3-1300W","32.719295820","-117.162120155","13180","Downtown MS1 PPD - 2 Hour Max $2.50 HR 8am-8pm Mon-Sat (NFC)","8am","8pm","2 hour","Mon-Sat","$2.50 HR","","",""
"Downtown","Core","1300 THIRD AVE","3-1300E","32.719376776","-117.161943130","13178","Downtown MS1 PPD - 4 Hour Max $2.50 HR 8am-8pm Mon-Sat (Mobile Pay) (NFC)","8am","8pm","4 hour","Mon-Sat","$2.50 HR","Y","",""
"Downtown","Core","1400 SECOND AVE","2-1400E","32.720392812","-117.162849046","13180","Downtown MS1 PPD - 2 Hour Max $2.50 HR 8am-8pm Mon-Sat (NFC)","8am","8pm","2 hour","Mon-Sat","$2.50 HR","","",""
"Downtown","Core","1400 THIRD AVE","3-1400W","32.720335269","-117.162088640","13180","Downtown MS1 PPD - 2 Hour Max $2.50 HR 8am-8pm Mon-Sat (NFC)","8am","8pm","2 hour","Mon-Sat","$2.50 HR","","",""
"Downtown","Core","1400 THIRD AVE","3-1400E","32.719187000","-117.144733000","13180","Downtown MS1 PPD - 2 Hour Max $2.50 HR 8am-8pm Mon-Sat (NFC)","8am","8pm","2 hour","Mon-Sat","$2.50 HR","","",""
"Downtown","Core","200 A ST","A-205","32.718765000","-117.162598000","57004","Downtown MK5 - 2 Hour Max $2.50 HR, 8am-8pm, Mon-Sat, Prepay, NFC","8am","8pm","2 hour","Mon-Sat","$2.50 HR","","",""
"Downtown","Core","200 A ST","A-209","32.718766000","-117.162382000","57004","Downtown MK5 - 2 Hour Max $2.50 HR, 8am-8pm, Mon-Sat, Prepay, NFC","8am","8pm","2 hour","Mon-Sat","$2.50 HR","","",""
"Downtown","Core","200 WEST A ST","WA-200","32.718910000","-117.164913000","57004","Downtown MK5 - 2 Hour Max $2.50 HR, 8am-8pm, Mon-Sat, Prepay, NFC","8am","8pm","2 hour","Mon-Sat","$2.50 HR","","",""
"Downtown","Core","200 WEST A ST","WA-202","32.718908000","-117.164992000","57004","Downtown MK5 - 2 Hour Max $2.50 HR, 8am-8pm, Mon-Sat, Prepay, NFC","8am","8pm","2 hour","Mon-Sat","$2.50 HR","","",""
"Downtown","Core","200 WEST A ST","WA-204","32.718893000","-117.165101000","57004","Downtown MK5 - 2 Hour Max $2.50 HR, 8am-8pm, Mon-Sat, Prepay, NFC","8am","8pm","2 hour","Mon-Sat","$2.50 HR","","",""
"Downtown","Core","200 WEST A ST","WA-206","32.718900000","-117.165147000","57004","Downtown MK5 - 2 Hour Max $2.50 HR, 8am-8pm, Mon-Sat, Prepay, NFC","8am","8pm","2 hour","Mon-Sat","$2.50 HR","","",""
"Downtown","Core","200 WEST A ST","WA-208","32.718919000","-117.165182000","57004","Downtown MK5 - 2 Hour Max $2.50 HR, 8am-8pm, Mon-Sat, Prepay, NFC","8am","8pm","2 hour","Mon-Sat","$2.50 HR","","",""
"Downtown","Core","200 WEST A ST","WA-210","32.718870000","-117.165306000","57004","Downtown MK5 - 2 Hour Max $2.50 HR, 8am-8pm, Mon-Sat, Prepay, NFC","8am","8pm","2 hour","Mon-Sat","$2.50 HR","","",""
"Downtown","Core","200 WEST A ST","WA-212","32.718885000","-117.165380000","57004","Downtown MK5 - 2 Hour Max $2.50 HR, 8am-8pm, Mon-Sat, Prepay, NFC","8am","8pm","2 hour","Mon-Sat","$2.50 HR","","",""
"Downtown","Core","200 WEST ASH ST","WAH-203","32.719825000","-117.162638000","57004","Downtown MK5 - 2 Hour Max $2.50 HR, 8am-8pm, Mon-Sat, Prepay, NFC","8am","8pm","2 hour","Mon-Sat","$2.50 HR","","",""
"Downtown","Core","200 WEST ASH ST","WAH-205","32.719825000","-117.162488000","57004","Downtown MK5 - 2 Hour Max $2.50 HR, 8am-8pm, Mon-Sat, Prepay, NFC","8am","8pm","2 hour","Mon-Sat","$2.50 HR","","",""
"Downtown","Core","200 WEST ASH ST","WAH-211","32.719826000","-117.162222000","57004","Downtown MK5 - 2 Hour Max $2.50 HR, 8am-8pm, Mon-Sat, Prepay, NFC","8am","8pm","2 hour","Mon-Sat","$2.50 HR","","",""
"Downtown","Core","200 WEST ASH ST","WAH-213","32.719827000","-117.162155000","57004","Downtown MK5 - 2 Hour Max $2.50 HR, 8am-8pm, Mon-Sat, Prepay, NFC","8am","8pm","2 hour","Mon-Sat","$2.50 HR","","",""
"Downtown","Core","300 A ST","3-300W","32.718764000","-117.161542000","13178","Downtown MS1 PPD - 4 Hour Max $2.50 HR 8am-8pm Mon-Sat (Mobile Pay) (NFC)","8am","8pm","4 hour","Mon-Sat","$2.50 HR","Y","",""
"Downtown","Core","300 A ST","A-300S","32.718796824","-117.161492854","13178","Downtown MS1 PPD - 4 Hour Max $2.50 HR 8am-8pm Mon-Sat (Mobile Pay) (NFC)","8am","8pm","4 hour","Mon-Sat","$2.50 HR","Y","",""
"Downtown","Core","300 B ST","B-308","32.717868017","-117.161519717","57001","Downtown MK5 – 30 Min Max $2.50 HR, 8am-8pm, Mon-Sat, Prepay, NFC, (Sensor Courtesy)","8am","8pm","30 min","Mon-Sat","$2.50 HR","","",""
"Downtown","Core","300 B ST","B-310","32.717869847","-117.161514318","57001","Downtown MK5 – 30 Min Max $2.50 HR, 8am-8pm, Mon-Sat, Prepay, NFC, (Sensor Courtesy)","8am","8pm","30 min","Mon-Sat","$2.50 HR","","",""
"Downtown","Core","300 B ST","B-312","32.717870858","-117.161387560","57001","Downtown MK5 – 30 Min Max $2.50 HR, 8am-8pm, Mon-Sat, Prepay, NFC, (Sensor Courtesy)","8am","8pm","30 min","Mon-Sat","$2.50 HR","","",""
"Downtown","Core","300 B ST","B-309","32.717734000","-117.161565000","56998","Downtown MK5 - 1 Hour Max $2.50 HR, 8am-8pm, Mon-Sat, Prepay, NFC","8am","8pm","1 hour","Mon-Sat","$2.50 HR","","",""
"Downtown","Core","300 B ST","B-307","32.717731000","-117.161855000","56998","Downtown MK5 - 1 Hour Max $2.50 HR, 8am-8pm, Mon-Sat, Prepay, NFC","8am","8pm","1 hour","Mon-Sat","$2.50 HR","","",""
"Downtown","Core","400 A ST","A-407","32.718778000","-117.160837000","56998","Downtown MK5 - 1 Hour Max $2.50 HR, 8am-8pm, Mon-Sat, Prepay, NFC","8am","8pm","1 hour","Mon-Sat","$2.50 HR","","",""
"Downtown","Core","400 A ST","A-409","32.718779000","-117.160718000","56998","Downtown MK5 - 1 Hour Max $2.50 HR, 8am-8pm, Mon-Sat, Prepay, NFC","8am","8pm","1 hour","Mon-Sat","$2.50 HR","","",""
"Downtown","Core","400 A ST","A-411","32.718780000","-117.160598000","56998","Downtown MK5 - 1 Hour Max $2.50 HR, 8am-8pm, Mon-Sat, Prepay, NFC","8am","8pm","1 hour","Mon-Sat","$2.50 HR","","",""
"Downtown","Core","400 A ST","A-413","32.718781000","-117.160479000","56998","Downtown MK5 - 1 Hour Max $2.50 HR, 8am-8pm, Mon-Sat, Prepay, NFC","8am","8pm","1 hour","Mon-Sat","$2.50 HR","","",""
"Downtown","Core","400 A ST","A-415","32.718781000","-117.160360000","56998","Downtown MK5 - 1 Hour Max $2.50 HR, 8am-8pm, Mon-Sat, Prepay, NFC","8am","8pm","1 hour","Mon-Sat","$2.50 HR","","",""
"Downtown","Core","400 B ST","B-407","32.717735743","-117.160695098","57004","Downtown MK5 - 2 Hour Max $2.50 HR, 8am-8pm, Mon-Sat, Prepay, NFC","8am","8pm","2 hour","Mon-Sat","$2.50 HR","","",""
"Downtown","Core","400 B ST","B-405","32.717733487","-117.160868253","57004","Downtown MK5 - 2 Hour Max $2.50 HR, 8am-8pm, Mon-Sat, Prepay, NFC","8am","8pm","2 hour","Mon-Sat","$2.50 HR","","",""
"Downtown","Core","500 A ST","A-501","32.718783000","-117.160052000","56999","Downtown MK5 – 15 Min Max $2.50 HR, 8am-8pm, Mon-Sat, Prepay, NFC, (Sensor Courtesy)","8am","8pm","15 min","Mon-Sat","$2.50 HR","","",""
"Downtown","Core","600 A ST","A-601","32.718788000","-117.159052000","56998","Downtown MK5 - 1 Hour Max $2.50 HR, 8am-8pm, Mon-Sat, Prepay, NFC","8am","8pm","1 hour","Mon-Sat","$2.50 HR","","",""
"Downtown","Core","600 A ST","A-603","32.718788000","-117.158949000","56998","Downtown MK5 - 1 Hour Max $2.50 HR, 8am-8pm, Mon-Sat, Prepay, NFC","8am","8pm","1 hour","Mon-Sat","$2.50 HR","","",""
"Downtown","Core","600 A ST","A-605","32.718789000","-117.158829000","56998","Downtown MK5 - 1 Hour Max $2.50 HR, 8am-8pm, Mon-Sat, Prepay, NFC","8am","8pm","1 hour","Mon-Sat","$2.50 HR","","",""
"Downtown","Core","600 A ST","A-607","32.718789000","-117.158726000","56998","Downtown MK5 - 1 Hour Max $2.50 HR, 8am-8pm, Mon-Sat, Prepay, NFC","8am","8pm","1 hour","Mon-Sat","$2.50 HR","","",""
"Downtown","Core","600 A ST","A-609","32.718789000","-117.158623000","56998","Downtown MK5 - 1 Hour Max $2.50 HR, 8am-8pm, Mon-Sat, Prepay, NFC","8am","8pm","1 hour","Mon-Sat","$2.50 HR","","",""
"Downtown","Core","600 B ST","B-609","32.717942000","-117.158509000","56998","Downtown MK5 - 1 Hour Max $2.50 HR, 8am-8pm, Mon-Sat, Prepay, NFC","8am","8pm","1 hour","Mon-Sat","$2.50 HR","","",""
"Downtown","Core","600 B ST","B-611","32.717988000","-117.158604000","56998","Downtown MK5 - 1 Hour Max $2.50 HR, 8am-8pm, Mon-Sat, Prepay, NFC","8am","8pm","1 hour","Mon-Sat","$2.50 HR","","",""
"Downtown","Core","600 B ST","B-613","32.717740000","-117.158735000","56998","Downtown MK5 - 1 Hour Max $2.50 HR, 8am-8pm, Mon-Sat, Prepay, NFC","8am","8pm","1 hour","Mon-Sat","$2.50 HR","","",""
"Downtown","Core","600 B ST","B-615","32.717740000","-117.158564000","56998","Downtown MK5 - 1 Hour Max $2.50 HR, 8am-8pm, Mon-Sat, Prepay, NFC","8am","8pm","1 hour","Mon-Sat","$2.50 HR","","",""
"Downtown","Core","700 B ST","B-703","32.717742000","-117.158051000","56998","Downtown MK5 - 1 Hour Max $2.50 HR, 8am-8pm, Mon-Sat, Prepay, NFC","8am","8pm","1 hour","Mon-Sat","$2.50 HR","","",""
"Downtown","Core","700 B ST","B-713","32.717743000","-117.157900000","56998","Downtown MK5 - 1 Hour Max $2.50 HR, 8am-8pm, Mon-Sat, Prepay, NFC","8am","8pm","1 hour","Mon-Sat","$2.50 HR","","",""
"Downtown","Core","700 B ST","B-715","32.717743000","-117.157766000","56999","Downtown MK5 – 15 Min Max $2.50 HR, 8am-8pm, Mon-Sat, Prepay, NFC, (Sensor Courtesy)","8am","8pm","15 min","Mon-Sat","$2.50 HR","","",""
"Downtown","Core","700 B ST","B-717","32.717744000","-117.157633000","56999","Downtown MK5 – 15 Min Max $2.50 HR, 8am-8pm, Mon-Sat, Prepay, NFC, (Sensor Courtesy)","8am","8pm","15 min","Mon-Sat","$2.50 HR","","",""
"Downtown","Core","800 A ST","A-811","32.718756000","-117.157010000","57004","Downtown MK5 - 2 Hour Max $2.50 HR, 8am-8pm, Mon-Sat, Prepay, NFC","8am","8pm","2 hour","Mon-Sat","$2.50 HR","","",""
"Downtown","Core","800 A ST","A-813","32.718880000","-117.156756000","57004","Downtown MK5 - 2 Hour Max $2.50 HR, 8am-8pm, Mon-Sat, Prepay, NFC","8am","8pm","2 hour","Mon-Sat","$2.50 HR","","",""
"Downtown","Core","800 A ST","A-815","32.718857000","-117.156793000","57004","Downtown MK5 - 2 Hour Max $2.50 HR, 8am-8pm, Mon-Sat, Prepay, NFC","8am","8pm","2 hour","Mon-Sat","$2.50 HR","","",""
"Downtown","Core","800 A ST","A-810","32.718954000","-117.156839000","58016","Downtown Travel Lane MK5 - 2 Hour Max $2.50 HR, 8am-4pm, Mon-Fri, No Parking 4pm-6pm Mon-Fri, 2 Hour Max 6pm-8pm Mon-Fri, 8am-8pm Sat, Prepay, NFC","8am","4pm","2 hour","Mon-Fri","$2.50 HR","","","Y"
"Downtown","Core","800 B ST","B-800N","32.717848186","-117.156907618","13180","Downtown MS1 PPD - 2 Hour Max $2.50 HR 8am-8pm Mon-Sat (NFC)","8am","8pm","2 hour","Mon-Sat","$2.50 HR","","",""
"Downtown","Core","800 B ST","B-813","32.717748000","-117.156697000","9000","2 Hour Max $2.50 HR 8am-6pm Mon-Sat (NFC)","8am","6pm","2 hour","Mon-Sat","$2.50 HR","","",""
"Downtown","Core","900 B ST","B-900","32.717762000","-117.156223000","57004","Downtown MK5 - 2 Hour Max $2.50 HR, 8am-8pm, Mon-Sat, Prepay, NFC","8am","8pm","2 hour","Mon-Sat","$2.50 HR","","",""
"Downtown","Core","900 B ST","B-902","32.717713000","-117.156169000","57004","Downtown MK5 - 2 Hour Max $2.50 HR, 8am-8pm, Mon-Sat, Prepay, NFC","8am","8pm","2 hour","Mon-Sat","$2.50 HR","","",""
"Downtown","Core","900 B ST","B-903","32.717748000","-117.156406000","57004","Downtown MK5 - 2 Hour Max $2.50 HR, 8am-8pm, Mon-Sat, Prepay, NFC","8am","8pm","2 hour","Mon-Sat","$2.50 HR","","",""
"Downtown","Core","900 B ST","B-904","32.717736000","-117.156089000","57004","Downtown MK5 - 2 Hour Max $2.50 HR, 8am-8pm, Mon-Sat, Prepay, NFC","8am","8pm","2 hour","Mon-Sat","$2.50 HR","","",""
"Downtown","Core","900 B ST","B-906","32.717793000","-117.155999000","57004","Downtown MK5 - 2 Hour Max $2.50 HR, 8am-8pm, Mon-Sat, Prepay, NFC","8am","8pm","2 hour","Mon-Sat","$2.50 HR","","",""
"Downtown","Core","900 B ST","B-907","32.717748000","-117.156355000","57004","Downtown MK5 - 2 Hour Max $2.50 HR, 8am-8pm, Mon-Sat, Prepay, NFC","8am","8pm","2 hour","Mon-Sat","$2.50 HR","","",""
"Downtown","Core","900 B ST","B-908","32.717949000","-117.155993000","57004","Downtown MK5 - 2 Hour Max $2.50 HR, 8am-8pm, Mon-Sat, Prepay, NFC","8am","8pm","2 hour","Mon-Sat","$2.50 HR","","",""
"Downtown","Core","900 B ST","B-909","32.717791000","-117.155996000","57004","Downtown MK5 - 2 Hour Max $2.50 HR, 8am-8pm, Mon-Sat, Prepay, NFC","8am","8pm","2 hour","Mon-Sat","$2.50 HR","","",""
"Downtown","Core","900 B ST","B-910","32.717927000","-117.156006000","57004","Downtown MK5 - 2 Hour Max $2.50 HR, 8am-8pm, Mon-Sat, Prepay, NFC","8am","8pm","2 hour","Mon-Sat","$2.50 HR","","",""
"Downtown","Core","900 B ST","B-911","32.717787000","-117.155869000","57004","Downtown MK5 - 2 Hour Max $2.50 HR, 8am-8pm, Mon-Sat, Prepay, NFC","8am","8pm","2 hour","Mon-Sat","$2.50 HR","","",""
"Downtown","Core","1000 UNION ST","U-1005","32.716003282","-117.165540308","57004","Downtown MK5 - 2 Hour Max $2.50 HR, 8am-8pm, Mon-Sat, Prepay, NFC","8am","8pm","2 hour","Mon-Sat","$2.50 HR","","",""
"Downtown","Core","1000 UNION ST","U-1007","32.716108005","-117.165538966","57004","Downtown MK5 - 2 Hour Max $2.50 HR, 8am-8pm, Mon-Sat, Prepay, NFC","8am","8pm","2 hour","Mon-Sat","$2.50 HR","","",""
"Downtown","Gaslamp","400 F ST","F-409","32.713550000","-117.160612000","57000","Downtown MK5 – 15 Min Max $2.50 HR, 10am-10pm, Mon-Sat, Prepay, NFC, (Sensor Courtesy)","10am","10pm","15 min","Mon-Sat","$2.50 HR","","",""
"Downtown","Gaslamp","400 F ST","F-402","32.713671000","-117.160768000","57187","Special Event Downtown MK5 - 2 Hour Max $2.50 HR 10am-10pm Mon-Sat (Mobile Pay) (NFC)","10am","10pm","2 hour","Mon-Sat","$2.50 HR","Y","",""
"Downtown","Gaslamp","400 F ST","F-404","32.713704000","-117.160783000","57187","Special Event Downtown MK5 - 2 Hour Max $2.50 HR 10am-10pm Mon-Sat (Mobile Pay) (NFC)","10am","10pm","2 hour","Mon-Sat","$2.50 HR","Y","",""
"Downtown","Gaslamp","400 F ST","F-411","32.713551000","-117.160527000","57187","Special Event Downtown MK5 - 2 Hour Max $2.50 HR 10am-10pm Mon-Sat (Mobile Pay) (NFC)","10am","10pm","2 hour","Mon-Sat","$2.50 HR","Y","",""
"Downtown","Gaslamp","400 F ST","F-413","32.713551000","-117.160442000","57187","Special Event Downtown MK5 - 2 Hour Max $2.50 HR 10am-10pm Mon-Sat (Mobile Pay) (NFC)","10am","10pm","2 hour","Mon-Sat","$2.50 HR","Y","",""
"Downtown","Gaslamp","500 SIXTH AVE","6-500W","32.710730000","-117.159241000","60424","Special Event Downtown MSPM PPD - 2 Hour Max $2.50 HR 10am-10pm Mon-Sat (NFC)","10am","10pm","2 hour","Mon-Sat","$2.50 HR","","Y",""
"Downtown","Gaslamp","600 SIXTH AVE","6-622","32.712305000","-117.159329000","57187","Special Event Downtown MK5 - 2 Hour Max $2.50 HR 10am-10pm Mon-Sat (Mobile Pay) (NFC)","10am","10pm","2 hour","Mon-Sat","$2.50 HR","Y","",""
"Downtown","Gaslamp","600 SIXTH AVE","6-602","32.711657000","-117.159316000","57187","Special Event Downtown MK5 - 2 Hour Max $2.50 HR 10am-10pm Mon-Sat (Mobile Pay) (NFC)","10am","10pm","2 hour","Mon-Sat","$2.50 HR","Y","",""
"Downtown","Gaslamp","600 SIXTH AVE","6-612","32.711853000","-117.159320000","57187","Special Event Downtown MK5 - 2 Hour Max $2.50 HR 10am-10pm Mon-Sat (Mobile Pay) (NFC)","10am","10pm","2 hour","Mon-Sat","$2.50 HR","Y","",""
"Downtown","Gaslamp","600 SIXTH AVE","6-614","32.711912000","-117.159321000","57187","Special Event Downtown MK5 - 2 Hour Max $2.50 HR 10am-10pm Mon-Sat (Mobile Pay) (NFC)","10am","10pm","2 hour","Mon-Sat","$2.50 HR","Y","",""
"Downtown","Gaslamp","600 SIXTH AVE","6-616","32.712010000","-117.159323000","57187","Special Event Downtown MK5 - 2 Hour Max $2.50 HR 10am-10pm Mon-Sat (Mobile Pay) (NFC)","10am","10pm","2 hour","Mon-Sat","$2.50 HR","Y","",""
"Downtown","Gaslamp","600 SIXTH AVE","6-618","32.712108000","-117.159325000","57187","Special Event Downtown MK5 - 2 Hour Max $2.50 HR 10am-10pm Mon-Sat (Mobile Pay) (NFC)","10am","10pm","2 hour","Mon-Sat","$2.50 HR","Y","",""
"Downtown","Gaslamp","600 SIXTH AVE","6-620","32.712206000","-117.159327000","57187","Special Event Downtown MK5 - 2 Hour Max $2.50 HR 10am-10pm Mon-Sat (Mobile Pay) (NFC)","10am","10pm","2 hour","Mon-Sat","$2.50 HR","Y","",""
"Downtown","Gaslamp","800 SIXTH AVE","6-802","32.713817000","-117.159347000","57187","Special Event Downtown MK5 - 2 Hour Max $2.50 HR 10am-10pm Mon-Sat (Mobile Pay) (NFC)","10am","10pm","2 hour","Mon-Sat","$2.50 HR","Y","",""
"Downtown","Gaslamp","800 SIXTH AVE","6-804","32.713874000","-117.159347000","57187","Special Event Downtown MK5 - 2 Hour Max $2.50 HR 10am-10pm Mon-Sat (Mobile Pay) (NFC)","10am","10pm","2 hour","Mon-Sat","$2.50 HR","Y","",""
"Downtown","Gaslamp","800 SIXTH AVE","6-806","32.713930000","-117.159348000","57187","Special Event Downtown MK5 - 2 Hour Max $2.50 HR 10am-10pm Mon-Sat (Mobile Pay) (NFC)","10am","10pm","2 hour","Mon-Sat","$2.50 HR","Y","",""
"Downtown","Gaslamp","800 SIXTH AVE","6-800E","32.713977091","-117.159165703","57173","Special Event Downtown MSPM PPD - 2 Hour Max $2.50 HR 8am-8pm Mon-Sat (NFC)","8am","8pm","2 hour","Mon-Sat","$2.50 HR","","Y",""
"Downtown","Gaslamp","900 SIXTH AVE","6-902","32.714870000","-117.159357000","8998","Special Event Downtown MK5 - 1 Hour Max $2.50 HR 10am-10pm Mon-Sat (Mobile Pay) (NFC)","10am","10pm","1 hour","Mon-Sat","$2.50 HR","Y","",""
"Downtown","Gaslamp","900 SIXTH AVE","6-904","32.715004000","-117.159358000","8998","Special Event Downtown MK5 - 1 Hour Max $2.50 HR 10am-10pm Mon-Sat (Mobile Pay) (NFC)","10am","10pm","1 hour","Mon-Sat","$2.50 HR","Y","",""
"Downtown","Gaslamp","900 SIXTH AVE","6-906","32.715158000","-117.159359000","8998","Special Event Downtown MK5 - 1 Hour Max $2.50 HR 10am-10pm Mon-Sat (Mobile Pay) (NFC)","10am","10pm","1 hour","Mon-Sat","$2.50 HR","Y","",""
"Downtown","Gaslamp","900 SIXTH AVE","6-908","32.715312000","-117.159360000","8998","Special Event Downtown MK5 - 1 Hour Max $2.50 HR 10am-10pm Mon-Sat (Mobile Pay) (NFC)","10am","10pm","1 hour","Mon-Sat","$2.50 HR","Y","",""
"Downtown","Gaslamp","900 SIXTH AVE","6-910","32.710367000","-117.159312000","8998","Special Event Downtown MK5 - 1 Hour Max $2.50 HR 10am-10pm Mon-Sat (Mobile Pay) (NFC)","10am","10pm","1 hour","Mon-Sat","$2.50 HR","Y","",""
"Downtown","Gaslamp","900 SIXTH AVE","6-900E","32.715378525","-117.159167379","13775","Special Event Downtown MSPM PPD - 1 Hour Max $2.50 HR 10am-10pm Mon-Sat (Mobile Pay) (NFC)","10am","10pm","1 hour","Mon-Sat","$2.50 HR","Y","Y",""
"Downtown","Gaslamp","200 SIXTH AVE","6-216","32.707668000","-117.159296000","57187","Special Event Downtown MK5 - 2 Hour Max $2.50 HR 10am-10pm Mon-Sat (Mobile Pay) (NFC)","10am","10pm","2 hour","Mon-Sat","$2.50 HR","Y","",""
"Downtown","Gaslamp","200 SIXTH AVE","6-218","32.707822000","-117.159296000","57187","Special Event Downtown MK5 - 2 Hour Max $2.50 HR 10am-10pm Mon-Sat (Mobile Pay) (NFC)","10am","10pm","2 hour","Mon-Sat","$2.50 HR","Y","",""
"Downtown","Gaslamp","200 SIXTH AVE","6-220","32.707976000","-117.159297000","57187","Special Event Downtown MK5 - 2 Hour Max $2.50 HR 10am-10pm Mon-Sat (Mobile Pay) (NFC)","10am","10pm","2 hour","Mon-Sat","$2.50 HR","Y","",""
"Downtown","Gaslamp","200 SIXTH AVE","6-222","32.708150000","-117.159297000","57187","Special Event Downtown MK5 - 2 Hour Max $2.50 HR 10am-10pm Mon-Sat (Mobile Pay) (NFC)","10am","10pm","2 hour","Mon-Sat","$2.50 HR","Y","",""
"Downtown","Gaslamp","200 SIXTH AVE","6-224","32.708390000","-117.159297000","57187","Special Event Downtown MK5 - 2 Hour Max $2.50 HR 10am-10pm Mon-Sat (Mobile Pay) (NFC)","10am","10pm","2 hour","Mon-Sat","$2.50 HR","Y","",""
"Downtown","Gaslamp","300 SIXTH AVE","6-302","32.708718000","-117.159297000","57187","Special Event Downtown MK5 - 2 Hour Max $2.50 HR 10am-10pm Mon-Sat (Mobile Pay) (NFC)","10am","10pm","2 hour","Mon-Sat","$2.50 HR","Y","",""
"Downtown","Gaslamp","300 SIXTH AVE","6-304","32.709026000","-117.159298000","57187","Special Event Downtown MK5 - 2 Hour Max $2.50 HR 10am-10pm Mon-Sat (Mobile Pay) (NFC)","10am","10pm","2 hour","Mon-Sat","$2.50 HR","Y","",""
"Downtown","Gaslamp","200 WEST F ST","WF-203","32.713502000","-117.164832000","57185","Special Event Downtown MK5 - 2 Hour Max $2.50 HR 8am-8pm Mon-Sat (NFC)","8am","8pm","2 hour","Mon-Sat","$2.50 HR","","",""
"Downtown","Gaslamp","200 WEST F ST","WF-205","32.713502000","-117.164916000","57185","Special Event Downtown MK5 - 2 Hour Max $2.50 HR 8am-8pm Mon-Sat (NFC)","8am","8pm","2 hour","Mon-Sat","$2.50 HR","","",""
"Downtown","Gaslamp","200 WEST F ST","WF-213","32.713502000","-117.165000000","57185","Special Event Downtown MK5 - 2 Hour Max $2.50 HR 8am-8pm Mon-Sat (NFC)","8am","8pm","2 hour","Mon-Sat","$2.50 HR","","",""
"Downtown","Gaslamp","200 WEST F ST","WF-200N","32.713642000","-117.165070000","57173","Special Event Downtown MSPM PPD - 2 Hour Max $2.50 HR 8am-8pm Mon-Sat (NFC)","8am","8pm","2 hour","Mon-Sat","$2.50 HR","","Y",""
"Downtown","Gaslamp","200 WEST G ST","WG-200N","32.712619000","-117.165317000","57173","Special Event Downtown MSPM PPD - 2 Hour Max $2.50 HR 8am-8pm Mon-Sat (NFC)","8am","8pm","2 hour","Mon-Sat","$2.50 HR","","Y",""
"Downtown","Gaslamp","300 FOURTH AVE","4-307","32.708768000","-117.161056000","57187","Special Event Downtown MK5 - 2 Hour Max $2.50 HR 10am-10pm Mon-Sat (Mobile Pay) (NFC)","10am","10pm","2 hour","Mon-Sat","$2.50 HR","Y","",""
"Downtown","Gaslamp","300 FOURTH AVE","4-313","32.708962000","-117.160933000","57187","Special Event Downtown MK5 - 2 Hour Max $2.50 HR 10am-10pm Mon-Sat (Mobile Pay) (NFC)","10am","10pm","2 hour","Mon-Sat","$2.50 HR","Y","",""
"Downtown","Gaslamp","300 FOURTH AVE","4-315","32.709040000","-117.160935000","57187","Special Event Downtown MK5 - 2 Hour Max $2.50 HR 10am-10pm Mon-Sat (Mobile Pay) (NFC)","10am","10pm","2 hour","Mon-Sat","$2.50 HR","Y","",""
"Downtown","Gaslamp","400 E ST","E-401","32.714572000","-117.160906000","8998","Special Event Downtown MK5 - 1 Hour Max $2.50 HR 10am-10pm Mon-Sat (Mobile Pay) (NFC)","10am","10pm","1 hour","Mon-Sat","$2.50 HR","Y","",""
"Downtown","Gaslamp","400 E ST","E-403","32.714573000","-117.160770000","8998","Special Event Downtown MK5 - 1 Hour Max $2.50 HR 10am-10pm Mon-Sat (Mobile Pay) (NFC)","10am","10pm","1 hour","Mon-Sat","$2.50 HR","Y","",""
"Downtown","Gaslamp","400 E ST","E-405","32.714574000","-117.160617000","8998","Special Event Downtown MK5 - 1 Hour Max $2.50 HR 10am-10pm Mon-Sat (Mobile Pay) (NFC)","10am","10pm","1 hour","Mon-Sat","$2.50 HR","Y","",""
"Downtown","Gaslamp","400 E ST","E-415","32.714575000","-117.160482000","8998","Special Event Downtown MK5 - 1 Hour Max $2.50 HR 10am-10pm Mon-Sat (Mobile Pay) (NFC)","10am","10pm","1 hour","Mon-Sat","$2.50 HR","Y","",""
"Downtown","Gaslamp","400 E ST","E-417","32.714576000","-117.160346000","8998","Special Event Downtown MK5 - 1 Hour Max $2.50 HR 10am-10pm Mon-Sat (Mobile Pay) (NFC)","10am","10pm","1 hour","Mon-Sat","$2.50 HR","Y","",""
"Downtown","Gaslamp","400 FOURTH AVE","4-415","32.709968000","-117.160951000","57000","Downtown MK5 – 15 Min Max $2.50 HR, 10am-10pm, Mon-Sat, Prepay, NFC, (Sensor Courtesy)","10am","10pm","15 min","Mon-Sat","$2.50 HR","","",""
"Downtown","Gaslamp","400 FOURTH AVE","4-403","32.709568000","-117.160945000","57187","Special Event Downtown MK5 - 2 Hour Max $2.50 HR 10am-10pm Mon-Sat (Mobile Pay) (NFC)","10am","10pm","2 hour","Mon-Sat","$2.50 HR","Y","",""
"Downtown","Gaslamp","400 FOURTH AVE","4-405","32.709701000","-117.160947000","57187","Special Event Downtown MK5 - 2 Hour Max $2.50 HR 10am-10pm Mon-Sat (Mobile Pay) (NFC)","10am","10pm","2 hour","Mon-Sat","$2.50 HR","Y","",""
"Downtown","Gaslamp","400 FOURTH AVE","4-407","32.709834000","-117.160949000","57187","Special Event Downtown MK5 - 2 Hour Max $2.50 HR 10am-10pm Mon-Sat (Mobile Pay) (NFC)","10am","10pm","2 hour","Mon-Sat","$2.50 HR","Y","",""
"Downtown","Gaslamp","400 FOURTH AVE","4-417","32.710101000","-117.160953000","57187","Special Event Downtown MK5 - 2 Hour Max $2.50 HR 10am-10pm Mon-Sat (Mobile Pay) (NFC)","10am","10pm","2 hour","Mon-Sat","$2.50 HR","Y","",""
"Downtown","Gaslamp","400 FOURTH AVE","4-419","32.710234000","-117.160954000","57187","Special Event Downtown MK5 - 2 Hour Max $2.50 HR 10am-10pm Mon-Sat (Mobile Pay) (NFC)","10am","10pm","2 hour","Mon-Sat","$2.50 HR","Y","",""
"Downtown","Gaslamp","400 G ST","G-401","32.712484000","-117.160896000","57187","Special Event Downtown MK5 - 2 Hour Max $2.50 HR 10am-10pm Mon-Sat (Mobile Pay) (NFC)","10am","10pm","2 hour","Mon-Sat","$2.50 HR","Y","",""
"Downtown","Gaslamp","400 G ST","G-403","32.712485000","-117.160759000","57187","Special Event Downtown MK5 - 2 Hour Max $2.50 HR 10am-10pm Mon-Sat (Mobile Pay) (NFC)","10am","10pm","2 hour","Mon-Sat","$2.50 HR","Y","",""
"Downtown","Gaslamp","400 G ST","G-405","32.712486798","-117.160682953","57187","Special Event Downtown MK5 - 2 Hour Max $2.50 HR 10am-10pm Mon-Sat (Mobile Pay) (NFC)","10am","10pm","2 hour","Mon-Sat","$2.50 HR","Y","",""
"Downtown","Gaslamp","400 G ST","G-408","32.712642000","-117.160539000","57187","Special Event Downtown MK5 - 2 Hour Max $2.50 HR 10am-10pm Mon-Sat (Mobile Pay) (NFC)","10am","10pm","2 hour","Mon-Sat","$2.50 HR","Y","",""
"Downtown","Gaslamp","400 G ST","G-409","32.712488000","-117.160469000","57187","Special Event Downtown MK5 - 2 Hour Max $2.50 HR 10am-10pm Mon-Sat (Mobile Pay) (NFC)","10am","10pm","2 hour","Mon-Sat","$2.50 HR","Y","",""
"Downtown","Gaslamp","400 G ST","G-410","32.712643000","-117.160385000","57187","Special Event Downtown MK5 - 2 Hour Max $2.50 HR 10am-10pm Mon-Sat (Mobile Pay) (NFC)","10am","10pm","2 hour","Mon-Sat","$2.50 HR","Y","",""
"Downtown","Gaslamp","400 G ST","G-411","32.712490000","-117.160332000","57187","Special Event Downtown MK5 - 2 Hour Max $2.50 HR 10am-10pm Mon-Sat (Mobile Pay) (NFC)","10am","10pm","2 hour","Mon-Sat","$2.50 HR","Y","",""
"Downtown","Gaslamp","400 G ST","G-413","32.712490000","-117.160264000","57187","Special Event Downtown MK5 - 2 Hour Max $2.50 HR 10am-10pm Mon-Sat (Mobile Pay) (NFC)","10am","10pm","2 hour","Mon-Sat","$2.50 HR","Y","",""
"Downtown","Gaslamp","400 ISLAND AVE","SL-401","32.710343000","-117.160916000","57187","Special Event Downtown MK5 - 2 Hour Max $2.50 HR 10am-10pm Mon-Sat (Mobile Pay) (NFC)","10am","10pm","2 hour","Mon-Sat","$2.50 HR","Y","",""
"Downtown","Gaslamp","400 ISLAND AVE","SL-403","32.710344000","-117.160815000","57187","Special Event Downtown MK5 - 2 Hour Max $2.50 HR 10am-10pm Mon-Sat (Mobile Pay) (NFC)","10am","10pm","2 hour","Mon-Sat","$2.50 HR","Y","",""
"Downtown","Gaslamp","400 ISLAND AVE","SL-405","32.710345000","-117.160731000","57187","Special Event Downtown MK5 - 2 Hour Max $2.50 HR 10am-10pm Mon-Sat (Mobile Pay) (NFC)","10am","10pm","2 hour","Mon-Sat","$2.50 HR","Y","",""
"Downtown","Gaslamp","400 ISLAND AVE","SL-407","32.710347000","-117.160630000","57187","Special Event Downtown MK5 - 2 Hour Max $2.50 HR 10am-10pm Mon-Sat (Mobile Pay) (NFC)","10am","10pm","2 hour","Mon-Sat","$2.50 HR","Y","",""
"Downtown","Gaslamp","400 ISLAND AVE","SL-408","32.710502000","-117.160532000","57187","Special Event Downtown MK5 - 2 Hour Max $2.50 HR 10am-10pm Mon-Sat (Mobile Pay) (NFC)","10am","10pm","2 hour","Mon-Sat","$2.50 HR","Y","",""
"Downtown","Gaslamp","400 ISLAND AVE","SL-409","32.710349000","-117.160445000","57187","Special Event Downtown MK5 - 2 Hour Max $2.50 HR 10am-10pm Mon-Sat (Mobile Pay) (NFC)","10am","10pm","2 hour","Mon-Sat","$2.50 HR","Y","",""
"Downtown","Gaslamp","400 ISLAND AVE","SL-415","32.710350000","-117.160361000","57187","Special Event Downtown MK5 - 2 Hour Max $2.50 HR 10am-10pm Mon-Sat (Mobile Pay) (NFC)","10am","10pm","2 hour","Mon-Sat","$2.50 HR","Y","",""
"Downtown","Gaslamp","400 ISLAND AVE","SL-417","32.710352000","-117.160260000","57187","Special Event Downtown MK5 - 2 Hour Max $2.50 HR 10am-10pm Mon-Sat (Mobile Pay) (NFC)","10am","10pm","2 hour","Mon-Sat","$2.50 HR","Y","",""
"Downtown","Gaslamp","400 ISLAND AVE","SL-400S","32.719187000","-117.144733000","57175","Special Event Downtown MSPM PBP - 2 Hour Max $2.50 HR 8am-8pm Mon-Sat (NFC)","8am","8pm","2 hour","Mon-Sat","$2.50 HR","","Y",""
"Downtown","Gaslamp","400 K ST","K-402","32.708252000","-117.160718000","57002","Downtown MK5 – 30 Min Max $2.50 HR, 10am-10pm, Mon-Sat, Prepay, NFC, (Sensor Courtesy)","10am","10pm","30 min","Mon-Sat","$2.50 HR","","",""
"Downtown","Gaslamp","400 K ST","K-404","32.708290000","-117.160947000","57187","Special Event Downtown MK5 - 2 Hour Max $2.50 HR 10am-10pm Mon-Sat (Mobile Pay) (NFC)","10am","10pm","2 hour","Mon-Sat","$2.50 HR","Y","",""
"Downtown","Gaslamp","400 K ST","K-406","32.708288000","-117.160946000","57187","Special Event Downtown MK5 - 2 Hour Max $2.50 HR 10am-10pm Mon-Sat (Mobile Pay) (NFC)","10am","10pm","2 hour","Mon-Sat","$2.50 HR","Y","",""
"Downtown","Gaslamp","400 K ST","K-408","32.708284000","-117.160750000","57187","Special Event Downtown MK5 - 2 Hour Max $2.50 HR 10am-10pm Mon-Sat (Mobile Pay) (NFC)","10am","10pm","2 hour","Mon-Sat","$2.50 HR","Y","",""
"Downtown","Gaslamp","400 K ST","K-410","32.708269000","-117.160737000","57187","Special Event Downtown MK5 - 2 Hour Max $2.50 HR 10am-10pm Mon-Sat (Mobile Pay) (NFC)","10am","10pm","2 hour","Mon-Sat","$2.50 HR","Y","",""
"Downtown","Gaslamp","400 MARKET ST","H-402","32.711568000","-117.160835000","57187","Special Event Downtown MK5 - 2 Hour Max $2.50 HR 10am-10pm Mon-Sat (Mobile Pay) (NFC)","10am","10pm","2 hour","Mon-Sat","$2.50 HR","Y","",""
"Downtown","Gaslamp","400 MARKET ST","H-407","32.711415000","-117.160582000","57187","Special Event Downtown MK5 - 2 Hour Max $2.50 HR 10am-10pm Mon-Sat (Mobile Pay) (NFC)","10am","10pm","2 hour","Mon-Sat","$2.50 HR","Y","",""
"Downtown","Gaslamp","400 MARKET ST","H-409","32.711415000","-117.160498000","57187","Special Event Downtown MK5 - 2 Hour Max $2.50 HR 10am-10pm Mon-Sat (Mobile Pay) (NFC)","10am","10pm","2 hour","Mon-Sat","$2.50 HR","Y","",""
"Downtown","Gaslamp","400 MARKET ST","H-411","32.711416000","-117.160414000","57187","Special Event Downtown MK5 - 2 Hour Max $2.50 HR 10am-10pm Mon-Sat (Mobile Pay) (NFC)","10am","10pm","2 hour","Mon-Sat","$2.50 HR","Y","",""
"Downtown","Gaslamp","400 MARKET ST","H-413","32.711416000","-117.160329000","57000","Downtown MK5 – 15 Min Max $2.50 HR, 10am-10pm, Mon-Sat, Prepay, NFC, (Sensor Courtesy)","10am","10pm","15 min","Mon-Sat","$2.50 HR","","",""
"Downtown","Gaslamp","500 E ST","E-507","32.714579000","-117.159987000","8998","Special Event Downtown MK5 - 1 Hour Max $2.50 HR 10am-10pm Mon-Sat (Mobile Pay) (NFC)","10am","10pm","1 hour","Mon-Sat","$2.50 HR","Y","",""
"Downtown","Gaslamp","500 E ST","E-509","32.714581000","-117.159854000","8998","Special Event Downtown MK5 - 1 Hour Max $2.50 HR 10am-10pm Mon-Sat (Mobile Pay) (NFC)","10am","10pm","1 hour","Mon-Sat","$2.50 HR","Y","",""
"Downtown","Gaslamp","500 E ST","E-511","32.714582000","-117.159705000","8998","Special Event Downtown MK5 - 1 Hour Max $2.50 HR 10am-10pm Mon-Sat (Mobile Pay) (NFC)","10am","10pm","1 hour","Mon-Sat","$2.50 HR","Y","",""
"Downtown","Gaslamp","500 E ST","E-515","32.714584000","-117.159573000","8998","Special Event Downtown MK5 - 1 Hour Max $2.50 HR 10am-10pm Mon-Sat (Mobile Pay) (NFC)","10am","10pm","1 hour","Mon-Sat","$2.50 HR","Y","",""
"Downtown","Gaslamp","500 E ST","E-517","32.714585000","-117.159441000","8998","Special Event Downtown MK5 - 1 Hour Max $2.50 HR 10am-10pm Mon-Sat (Mobile Pay) (NFC)","10am","10pm","1 hour","Mon-Sat","$2.50 HR","Y","",""
"Downtown","Gaslamp","500 F ST","F-512","32.713709000","-117.159615000","8998","Special Event Downtown MK5 - 1 Hour Max $2.50 HR 10am-10pm Mon-Sat (Mobile Pay) (NFC)","10am","10pm","1 hour","Mon-Sat","$2.50 HR","Y","",""
"Downtown","Gaslamp","500 F ST","F-514","32.713709000","-117.159449000","8998","Special Event Downtown MK5 - 1 Hour Max $2.50 HR 10am-10pm Mon-Sat (Mobile Pay) (NFC)","10am","10pm","1 hour","Mon-Sat","$2.50 HR","Y","",""
"Downtown","Gaslamp","500 F ST","F-513","32.713555000","-117.159531000","57187","Special Event Downtown MK5 - 2 Hour Max $2.50 HR 10am-10pm Mon-Sat (Mobile Pay) (NFC)","10am","10pm","2 hour","Mon-Sat","$2.50 HR","Y","",""
"Downtown","Gaslamp","500 F ST","F-515","32.713556000","-117.159365000","57187","Special Event Downtown MK5 - 2 Hour Max $2.50 HR 10am-10pm Mon-Sat (Mobile Pay) (NFC)","10am","10pm","2 hour","Mon-Sat","$2.50 HR","Y","",""
"Downtown","Gaslamp","500 F ST","F-509","32.713554000","-117.159863000","57187","Special Event Downtown MK5 - 2 Hour Max $2.50 HR 10am-10pm Mon-Sat (Mobile Pay) (NFC)","10am","10pm","2 hour","Mon-Sat","$2.50 HR","Y","",""
"Downtown","Gaslamp","500 F ST","F-511","32.713554000","-117.159697000","57187","Special Event Downtown MK5 - 2 Hour Max $2.50 HR 10am-10pm Mon-Sat (Mobile Pay) (NFC)","10am","10pm","2 hour","Mon-Sat","$2.50 HR","Y","",""
"Downtown","Gaslamp","500 FOURTH AVE","4-504","32.710815886","-117.161136791","57187","Special Event Downtown MK5 - 2 Hour Max $2.50 HR 10am-10pm Mon-Sat (Mobile Pay) (NFC)","10am","10pm","2 hour","Mon-Sat","$2.50 HR","Y","",""
"Downtown","Gaslamp","500 FOURTH AVE","4-501","32.710511000","-117.160957000","57187","Special Event Downtown MK5 - 2 Hour Max $2.50 HR 10am-10pm Mon-Sat (Mobile Pay) (NFC)","10am","10pm","2 hour","Mon-Sat","$2.50 HR","Y","",""
"Downtown","Gaslamp","500 FOURTH AVE","4-503","32.710551000","-117.160957000","57187","Special Event Downtown MK5 - 2 Hour Max $2.50 HR 10am-10pm Mon-Sat (Mobile Pay) (NFC)","10am","10pm","2 hour","Mon-Sat","$2.50 HR","Y","",""
"Downtown","Gaslamp","500 FOURTH AVE","4-505","32.710590000","-117.160957000","57187","Special Event Downtown MK5 - 2 Hour Max $2.50 HR 10am-10pm Mon-Sat (Mobile Pay) (NFC)","10am","10pm","2 hour","Mon-Sat","$2.50 HR","Y","",""
"Downtown","Gaslamp","500 FOURTH AVE","4-507","32.710629000","-117.160957000","57187","Special Event Downtown MK5 - 2 Hour Max $2.50 HR 10am-10pm Mon-Sat (Mobile Pay) (NFC)","10am","10pm","2 hour","Mon-Sat","$2.50 HR","Y","",""
"Downtown","Gaslamp","500 FOURTH AVE","4-509","32.710708000","-117.160957000","57187","Special Event Downtown MK5 - 2 Hour Max $2.50 HR 10am-10pm Mon-Sat (Mobile Pay) (NFC)","10am","10pm","2 hour","Mon-Sat","$2.50 HR","Y","",""
"Downtown","Gaslamp","500 FOURTH AVE","4-511","32.710787000","-117.160957000","57187","Special Event Downtown MK5 - 2 Hour Max $2.50 HR 10am-10pm Mon-Sat (Mobile Pay) (NFC)","10am","10pm","2 hour","Mon-Sat","$2.50 HR","Y","",""
"Downtown","Gaslamp","500 FOURTH AVE","4-513","32.710826000","-117.160957000","57187","Special Event Downtown MK5 - 2 Hour Max $2.50 HR 10am-10pm Mon-Sat (Mobile Pay) (NFC)","10am","10pm","2 hour","Mon-Sat","$2.50 HR","Y","",""
"Downtown","Gaslamp","500 FOURTH AVE","4-515","32.710905000","-117.160957000","57187","Special Event Downtown MK5 - 2 Hour Max $2.50 HR 10am-10pm Mon-Sat (Mobile Pay) (NFC)","10am","10pm","2 hour","Mon-Sat","$2.50 HR","Y","",""
"Downtown","Gaslamp","500 FOURTH AVE","4-517","32.711003000","-117.160958000","57187","Special Event Downtown MK5 - 2 Hour Max $2.50 HR 10am-10pm Mon-Sat (Mobile Pay) (NFC)","10am","10pm","2 hour","Mon-Sat","$2.50 HR","Y","",""
"Downtown","Gaslamp","500 FOURTH AVE","4-519","32.711043000","-117.160958000","57187","Special Event Downtown MK5 - 2 Hour Max $2.50 HR 10am-10pm Mon-Sat (Mobile Pay) (NFC)","10am","10pm","2 hour","Mon-Sat","$2.50 HR","Y","",""
"Downtown","Gaslamp","500 FOURTH AVE","4-521","32.711082000","-117.160958000","57187","Special Event Downtown MK5 - 2 Hour Max $2.50 HR 10am-10pm Mon-Sat (Mobile Pay) (NFC)","10am","10pm","2 hour","Mon-Sat","$2.50 HR","Y","",""
"Downtown","Gaslamp","500 FOURTH AVE","4-523","32.711121000","-117.160958000","57187","Special Event Downtown MK5 - 2 Hour Max $2.50 HR 10am-10pm Mon-Sat (Mobile Pay) (NFC)","10am","10pm","2 hour","Mon-Sat","$2.50 HR","Y","",""
"Downtown","Gaslamp","500 FOURTH AVE","4-525","32.711161000","-117.160958000","57187","Special Event Downtown MK5 - 2 Hour Max $2.50 HR 10am-10pm Mon-Sat (Mobile Pay) (NFC)","10am","10pm","2 hour","Mon-Sat","$2.50 HR","Y","",""
"Downtown","Gaslamp","500 FOURTH AVE","4-527","32.711200000","-117.160958000","57187","Special Event Downtown MK5 - 2 Hour Max $2.50 HR 10am-10pm Mon-Sat (Mobile Pay) (NFC)","10am","10pm","2 hour","Mon-Sat","$2.50 HR","Y","",""
"Downtown","Gaslamp","500 FOURTH AVE","4-529","32.711240000","-117.160958000","57187","Special Event Downtown MK5 - 2 Hour Max $2.50 HR 10am-10pm Mon-Sat (Mobile Pay) (NFC)","10am","10pm","2 hour","Mon-Sat","$2.50 HR","Y","",""
"Downtown","Gaslamp","500 FOURTH AVE","4-537","32.711279000","-117.160958000","57187","Special Event Downtown MK5 - 2 Hour Max $2.50 HR 10am-10pm Mon-Sat (Mobile Pay) (NFC)","10am","10pm","2 hour","Mon-Sat","$2.50 HR","Y","",""
"Downtown","Gaslamp","500 FOURTH AVE","4-539","32.711318000","-117.160958000","57187","Special Event Downtown MK5 - 2 Hour Max $2.50 HR 10am-10pm Mon-Sat (Mobile Pay) (NFC)","10am","10pm","2 hour","Mon-Sat","$2.50 HR","Y","",""
"Downtown","Gaslamp","500 FOURTH AVE","4-541","32.711358000","-117.160958000","57002","Downtown MK5 – 30 Min Max $2.50 HR, 10am-10pm, Mon-Sat, Prepay, NFC, (Sensor Courtesy)","10am","10pm","30 min","Mon-Sat","$2.50 HR","","",""
"Downtown","Gaslamp","500 FOURTH AVE","4-543","32.711397000","-117.160958000","57002","Downtown MK5 – 30 Min Max $2.50 HR, 10am-10pm, Mon-Sat, Prepay, NFC, (Sensor Courtesy)","10am","10pm","30 min","Mon-Sat","$2.50 HR","","",""
"Downtown","Gaslamp","500 G ST","G-513","32.712496000","-117.159504000","57002","Downtown MK5 – 30 Min Max $2.50 HR, 10am-10pm, Mon-Sat, Prepay, NFC, (Sensor Courtesy)","10am","10pm","30 min","Mon-Sat","$2.50 HR","","",""
"Downtown","Gaslamp","500 G ST","G-503","32.712561000","-117.159897000","57187","Special Event Downtown MK5 - 2 Hour Max $2.50 HR 10am-10pm Mon-Sat (Mobile Pay) (NFC)","10am","10pm","2 hour","Mon-Sat","$2.50 HR","Y","",""
"Downtown","Gaslamp","500 G ST","G-505","32.712493000","-117.159937000","57187","Special Event Downtown MK5 - 2 Hour Max $2.50 HR 10am-10pm Mon-Sat (Mobile Pay) (NFC)","10am","10pm","2 hour","Mon-Sat","$2.50 HR","Y","",""
"Downtown","Gaslamp","500 G ST","G-506","32.712647000","-117.159889000","57187","Special Event Downtown MK5 - 2 Hour Max $2.50 HR 10am-10pm Mon-Sat (Mobile Pay) (NFC)","10am","10pm","2 hour","Mon-Sat","$2.50 HR","Y","",""
"Downtown","Gaslamp","500 G ST","G-507","32.712494000","-117.159837000","57187","Special Event Downtown MK5 - 2 Hour Max $2.50 HR 10am-10pm Mon-Sat (Mobile Pay) (NFC)","10am","10pm","2 hour","Mon-Sat","$2.50 HR","Y","",""
"Downtown","Gaslamp","500 G ST","G-508","32.712648000","-117.159772000","57187","Special Event Downtown MK5 - 2 Hour Max $2.50 HR 10am-10pm Mon-Sat (Mobile Pay) (NFC)","10am","10pm","2 hour","Mon-Sat","$2.50 HR","Y","",""
"Downtown","Gaslamp","500 G ST","G-509","32.712495000","-117.159721000","57187","Special Event Downtown MK5 - 2 Hour Max $2.50 HR 10am-10pm Mon-Sat (Mobile Pay) (NFC)","10am","10pm","2 hour","Mon-Sat","$2.50 HR","Y","",""
"Downtown","Gaslamp","500 G ST","G-510","32.712649000","-117.159656000","57187","Special Event Downtown MK5 - 2 Hour Max $2.50 HR 10am-10pm Mon-Sat (Mobile Pay) (NFC)","10am","10pm","2 hour","Mon-Sat","$2.50 HR","Y","",""
"Downtown","Gaslamp","500 G ST","G-511","32.712496000","-117.159604000","57187","Special Event Downtown MK5 - 2 Hour Max $2.50 HR 10am-10pm Mon-Sat (Mobile Pay) (NFC)","10am","10pm","2 hour","Mon-Sat","$2.50 HR","Y","",""
"Downtown","Gaslamp","500 G ST","G-512","32.712650000","-117.159556000","57187","Special Event Downtown MK5 - 2 Hour Max $2.50 HR 10am-10pm Mon-Sat (Mobile Pay) (NFC)","10am","10pm","2 hour","Mon-Sat","$2.50 HR","Y","",""
"Downtown","Gaslamp","500 G ST","G-514","32.712651000","-117.159439000","57187","Special Event Downtown MK5 - 2 Hour Max $2.50 HR 10am-10pm Mon-Sat (Mobile Pay) (NFC)","10am","10pm","2 hour","Mon-Sat","$2.50 HR","Y","",""
"Downtown","Gaslamp","500 MARKET ST","H-504","32.711573000","-117.160005000","57187","Special Event Downtown MK5 - 2 Hour Max $2.50 HR 10am-10pm Mon-Sat (Mobile Pay) (NFC)","10am","10pm","2 hour","Mon-Sat","$2.50 HR","Y","",""
"Downtown","Gaslamp","500 MARKET ST","H-506","32.711574000","-117.159921000","57187","Special Event Downtown MK5 - 2 Hour Max $2.50 HR 10am-10pm Mon-Sat (Mobile Pay) (NFC)","10am","10pm","2 hour","Mon-Sat","$2.50 HR","Y","",""
"Downtown","Gaslamp","500 MARKET ST","H-508","32.711575000","-117.159838000","57187","Special Event Downtown MK5 - 2 Hour Max $2.50 HR 10am-10pm Mon-Sat (Mobile Pay) (NFC)","10am","10pm","2 hour","Mon-Sat","$2.50 HR","Y","",""
"Downtown","Gaslamp","500 MARKET ST","H-510","32.711576000","-117.159754000","57187","Special Event Downtown MK5 - 2 Hour Max $2.50 HR 10am-10pm Mon-Sat (Mobile Pay) (NFC)","10am","10pm","2 hour","Mon-Sat","$2.50 HR","Y","",""
"Downtown","Gaslamp","500 MARKET ST","H-511","32.711423000","-117.159668000","57187","Special Event Downtown MK5 - 2 Hour Max $2.50 HR 10am-10pm Mon-Sat (Mobile Pay) (NFC)","10am","10pm","2 hour","Mon-Sat","$2.50 HR","Y","",""
"Downtown","Gaslamp","500 MARKET ST","H-512","32.711578000","-117.159587000","57187","Special Event Downtown MK5 - 2 Hour Max $2.50 HR 10am-10pm Mon-Sat (Mobile Pay) (NFC)","10am","10pm","2 hour","Mon-Sat","$2.50 HR","Y","",""
"Downtown","Gaslamp","500 MARKET ST","H-513","32.711426000","-117.159500000","57187","Special Event Downtown MK5 - 2 Hour Max $2.50 HR 10am-10pm Mon-Sat (Mobile Pay) (NFC)","10am","10pm","2 hour","Mon-Sat","$2.50 HR","Y","",""
"Downtown","Gaslamp","500 ISLAND AVE","SL-510","32.710516000","-117.159584000","57187","Special Event Downtown MK5 - 2 Hour Max $2.50 HR 10am-10pm Mon-Sat (Mobile Pay) (NFC)","10am","10pm","2 hour","Mon-Sat","$2.50 HR","Y","",""
"Downtown","Gaslamp","500 ISLAND AVE","SL-513","32.710364000","-117.159480000","57187","Special Event Downtown MK5 - 2 Hour Max $2.50 HR 10am-10pm Mon-Sat (Mobile Pay) (NFC)","10am","10pm","2 hour","Mon-Sat","$2.50 HR","Y","",""
"Downtown","Gaslamp","500 ISLAND AVE","SL-515","32.710365000","-117.159413000","57187","Special Event Downtown MK5 - 2 Hour Max $2.50 HR 10am-10pm Mon-Sat (Mobile Pay) (NFC)","10am","10pm","2 hour","Mon-Sat","$2.50 HR","Y","",""
"Downtown","Gaslamp","500 ISLAND AVE","SL-517","32.710366000","-117.159362000","57187","Special Event Downtown MK5 - 2 Hour Max $2.50 HR 10am-10pm Mon-Sat (Mobile Pay) (NFC)","10am","10pm","2 hour","Mon-Sat","$2.50 HR","Y","",""
"Downtown","Gaslamp","500 ISLAND AVE","SL-519","32.710314338","-117.159316694","57187","Special Event Downtown MK5 - 2 Hour Max $2.50 HR 10am-10pm Mon-Sat (Mobile Pay) (NFC)","10am","10pm","2 hour","Mon-Sat","$2.50 HR","Y","",""
"Downtown","Gaslamp","500 ISLAND AVE","SL-504","32.710512000","-117.159869000","13442","2 Hour Max $2.50 HR 10am-8pm Mon-Sat (Mobile Pay) (NFC)","10am","8pm","2 hour","Mon-Sat","$2.50 HR","Y","",""
"Downtown","Gaslamp","500 ISLAND AVE","SL-506","32.710514000","-117.159752000","13442","2 Hour Max $2.50 HR 10am-8pm Mon-Sat (Mobile Pay) (NFC)","10am","8pm","2 hour","Mon-Sat","$2.50 HR","Y","",""
"Downtown","Gaslamp","500 J ST","J-500S","32.709309000","-117.159335000","60424","Special Event Downtown MSPM PPD - 2 Hour Max $2.50 HR 10am-10pm Mon-Sat (NFC)","10am","10pm","2 hour","Mon-Sat","$2.50 HR","","Y",""
"Downtown","Gaslamp","500 K ST","K-502","32.708409000","-117.159894000","57187","Special Event Downtown MK5 - 2 Hour Max $2.50 HR 10am-10pm Mon-Sat (Mobile Pay) (NFC)","10am","10pm","2 hour","Mon-Sat","$2.50 HR","Y","",""
"Downtown","Gaslamp","500 K ST","K-504","32.708410000","-117.159729000","57187","Special Event Downtown MK5 - 2 Hour Max $2.50 HR 10am-10pm Mon-Sat (Mobile Pay) (NFC)","10am","10pm","2 hour","Mon-Sat","$2.50 HR","Y","",""
"Downtown","Gaslamp","500 K ST","K-515","32.708258000","-117.159563000","57187","Special Event Downtown MK5 - 2 Hour Max $2.50 HR 10am-10pm Mon-Sat (Mobile Pay) (NFC)","10am","10pm","2 hour","Mon-Sat","$2.50 HR","Y","",""
"Downtown","Gaslamp","500 K ST","K-517","32.708259000","-117.159398000","57187","Special Event Downtown MK5 - 2 Hour Max $2.50 HR 10am-10pm Mon-Sat (Mobile Pay) (NFC)","10am","10pm","2 hour","Mon-Sat","$2.50 HR","Y","",""
"Downtown","Gaslamp","500 K ST","K-610","32.708429252","-117.158605456","57187","Special Event Downtown MK5 - 2 Hour Max $2.50 HR 10am-10pm Mon-Sat (Mobile Pay) (NFC)","10am","10pm","2 hour","Mon-Sat","$2.50 HR","Y","",""
"Downtown","Gaslamp","500 K ST","K-612","32.708427559","-117.158551141","57187","Special Event Downtown MK5 - 2 Hour Max $2.50 HR 10am-10pm Mon-Sat (Mobile Pay) (NFC)","10am","10pm","2 hour","Mon-Sat","$2.50 HR","Y","",""
"Downtown","Gaslamp","600 FOURTH AVE","4-623","32.712272000","-117.160981000","57187","Special Event Downtown MK5 - 2 Hour Max $2.50 HR 10am-10pm Mon-Sat (Mobile Pay) (NFC)","10am","10pm","2 hour","Mon-Sat","$2.50 HR","Y","",""
"Downtown","Gaslamp","600 FOURTH AVE","4-625","32.712390000","-117.160984000","57187","Special Event Downtown MK5 - 2 Hour Max $2.50 HR 10am-10pm Mon-Sat (Mobile Pay) (NFC)","10am","10pm","2 hour","Mon-Sat","$2.50 HR","Y","",""
"Downtown","Gaslamp","700 UNION ST","U-700W","32.712965000","-117.165480000","57173","Special Event Downtown MSPM PPD - 2 Hour Max $2.50 HR 8am-8pm Mon-Sat (NFC)","8am","8pm","2 hour","Mon-Sat","$2.50 HR","","Y",""
"Downtown","Gaslamp","700 UNION ST","U-705","32.712694000","-117.165524000","57185","Special Event Downtown MK5 - 2 Hour Max $2.50 HR 8am-8pm Mon-Sat (NFC)","8am","8pm","2 hour","Mon-Sat","$2.50 HR","","",""
"Downtown","Gaslamp","700 UNION ST","U-707","32.712788000","-117.165524000","57185","Special Event Downtown MK5 - 2 Hour Max $2.50 HR 8am-8pm Mon-Sat (NFC)","8am","8pm","2 hour","Mon-Sat","$2.50 HR","","",""
"Downtown","Gaslamp","700 UNION ST","U-715","32.712883000","-117.165524000","57185","Special Event Downtown MK5 - 2 Hour Max $2.50 HR 8am-8pm Mon-Sat (NFC)","8am","8pm","2 hour","Mon-Sat","$2.50 HR","","",""
"Downtown","Gaslamp","700 UNION ST","U-717","32.712978000","-117.165524000","57185","Special Event Downtown MK5 - 2 Hour Max $2.50 HR 8am-8pm Mon-Sat (NFC)","8am","8pm","2 hour","Mon-Sat","$2.50 HR","","",""
"Downtown","Gaslamp","800 FIRST AVE","1-800","32.714179000","-117.163914000","57187","Special Event Downtown MK5 - 2 Hour Max $2.50 HR 10am-10pm Mon-Sat (Mobile Pay) (NFC)","10am","10pm","2 hour","Mon-Sat","$2.50 HR","Y","",""
"Downtown","Gaslamp","800 FIRST AVE","1-802","32.714395000","-117.163916000","57187","Special Event Downtown MK5 - 2 Hour Max $2.50 HR 10am-10pm Mon-Sat (Mobile Pay) (NFC)","10am","10pm","2 hour","Mon-Sat","$2.50 HR","Y","",""
"Downtown","Gaslamp","400 J ST","J-404","32.709459000","-117.160836000","57187","Special Event Downtown MK5 - 2 Hour Max $2.50 HR 10am-10pm Mon-Sat (Mobile Pay) (NFC)","10am","10pm","2 hour","Mon-Sat","$2.50 HR","Y","",""
"Downtown","Gaslamp","400 J ST","J-408","32.709458000","-117.160668000","57187","Special Event Downtown MK5 - 2 Hour Max $2.50 HR 10am-10pm Mon-Sat (Mobile Pay) (NFC)","10am","10pm","2 hour","Mon-Sat","$2.50 HR","Y","",""
"Downtown","Gaslamp","400 J ST","J-410","32.709458000","-117.160567000","57187","Special Event Downtown MK5 - 2 Hour Max $2.50 HR 10am-10pm Mon-Sat (Mobile Pay) (NFC)","10am","10pm","2 hour","Mon-Sat","$2.50 HR","Y","",""
"Downtown","Gaslamp","400 J ST","J-406","32.709458000","-117.160466000","57187","Special Event Downtown MK5 - 2 Hour Max $2.50 HR 10am-10pm Mon-Sat (Mobile Pay) (NFC)","10am","10pm","2 hour","Mon-Sat","$2.50 HR","Y","",""
"Downtown","Gaslamp","400 J ST","J-400S","32.709338494","-117.160737813","60424","Special Event Downtown MSPM PPD - 2 Hour Max $2.50 HR 10am-10pm Mon-Sat (NFC)","10am","10pm","2 hour","Mon-Sat","$2.50 HR","","Y",""
"Downtown","Gaslamp","400 SIXTH AVE","6-404","32.709580000","-117.159410000","57187","Special Event Downtown MK5 - 2 Hour Max $2.50 HR 10am-10pm Mon-Sat (Mobile Pay) (NFC)","10am","10pm","2 hour","Mon-Sat","$2.50 HR","Y","",""
"Downtown","Gaslamp","400 SIXTH AVE","6-402","32.709335000","-117.159162000","57187","Special Event Downtown MK5 - 2 Hour Max $2.50 HR 10am-10pm Mon-Sat (Mobile Pay) (NFC)","10am","10pm","2 hour","Mon-Sat","$2.50 HR","Y","",""
"Downtown","Gaslamp","400 SIXTH AVE","6-400","32.709477000","-117.159200000","57187","Special Event Downtown MK5 - 2 Hour Max $2.50 HR 10am-10pm Mon-Sat (Mobile Pay) (NFC)","10am","10pm","2 hour","Mon-Sat","$2.50 HR","Y","",""
"Downtown","Gaslamp","700 SIXTH AVE","6-708","32.712958000","-117.159338000","57187","Special Event Downtown MK5 - 2 Hour Max $2.50 HR 10am-10pm Mon-Sat (Mobile Pay) (NFC)","10am","10pm","2 hour","Mon-Sat","$2.50 HR","Y","",""
"Downtown","Gaslamp","700 SIXTH AVE","6-710","32.712997000","-117.159338000","57187","Special Event Downtown MK5 - 2 Hour Max $2.50 HR 10am-10pm Mon-Sat (Mobile Pay) (NFC)","10am","10pm","2 hour","Mon-Sat","$2.50 HR","Y","",""
"Downtown","Gaslamp","700 SIXTH AVE","6-722","32.713444000","-117.159343000","57187","Special Event Downtown MK5 - 2 Hour Max $2.50 HR 10am-10pm Mon-Sat (Mobile Pay) (NFC)","10am","10pm","2 hour","Mon-Sat","$2.50 HR","Y","",""
"Downtown","Gaslamp","700 SIXTH AVE","6-700E","32.713247310","-117.159170731","57173","Special Event Downtown MSPM PPD - 2 Hour Max $2.50 HR 8am-8pm Mon-Sat (NFC)","8am","8pm","2 hour","Mon-Sat","$2.50 HR","","Y",""
"Downtown","Gaslamp","Hospitality Zone","F-415","32.713552000","-117.160357000","57187","Special Event Downtown MK5 - 2 Hour Max $2.50 HR 10am-10pm Mon-Sat (Mobile Pay) (NFC)","10am","10pm","2 hour","Mon-Sat","$2.50 HR","Y","",""
"Downtown","Gaslamp","100 WEST F ST","WF-100N","32.713686000","-117.164185000","57173","Special Event Downtown MSPM PPD - 2 Hour Max $2.50 HR 8am-8pm Mon-Sat (NFC)","8am","8pm","2 hour","Mon-Sat","$2.50 HR","","Y",""
"Downtown","Gaslamp","100 WEST F ST","WF-111","32.713539000","-117.163914000","57185","Special Event Downtown MK5 - 2 Hour Max $2.50 HR 8am-8pm Mon-Sat (NFC)","8am","8pm","2 hour","Mon-Sat","$2.50 HR","","",""
"Downtown","Gaslamp","100 WEST F ST","WF-113","32.713539000","-117.163979000","57185","Special Event Downtown MK5 - 2 Hour Max $2.50 HR 8am-8pm Mon-Sat (NFC)","8am","8pm","2 hour","Mon-Sat","$2.50 HR","","",""
"Downtown","Gaslamp","100 WEST F ST","WF-115","32.713540000","-117.164044000","57185","Special Event Downtown MK5 - 2 Hour Max $2.50 HR 8am-8pm Mon-Sat (NFC)","8am","8pm","2 hour","Mon-Sat","$2.50 HR","","",""
"Downtown","Gaslamp","700 FRONT ST","FR-721","32.713302000","-117.164608000","57185","Special Event Downtown MK5 - 2 Hour Max $2.50 HR 8am-8pm Mon-Sat (NFC)","8am","8pm","2 hour","Mon-Sat","$2.50 HR","","",""
"Downtown","Gaslamp","700 FRONT ST","FR-723","32.713415000","-117.164609000","57185","Special Event Downtown MK5 - 2 Hour Max $2.50 HR 8am-8pm Mon-Sat (NFC)","8am","8pm","2 hour","Mon-Sat","$2.50 HR","","",""
"Downtown","Gaslamp","700 FRONT ST","FR-713","32.713074000","-117.164604000","56999","Downtown MK5 – 15 Min Max $2.50 HR, 8am-8pm, Mon-Sat, Prepay, NFC, (Sensor Courtesy)","8am","8pm","15 min","Mon-Sat","$2.50 HR","","",""
"Downtown","Gaslamp","100 WEST G ST","WG-100N","32.712439000","-117.164410000","57173","Special Event Downtown MSPM PPD - 2 Hour Max $2.50 HR 8am-8pm Mon-Sat (NFC)","8am","8pm","2 hour","Mon-Sat","$2.50 HR","","Y",""
"Downtown","Gaslamp","700 FOURTH AVE","4-700","32.712710000","-117.161171000","57187","Special Event Downtown MK5 - 2 Hour Max $2.50 HR 10am-10pm Mon-Sat (Mobile Pay) (NFC)","10am","10pm","2 hour","Mon-Sat","$2.50 HR","Y","",""
"Downtown","Gaslamp","700 FOURTH AVE","4-702","32.712788000","-117.161172000","57187","Special Event Downtown MK5 - 2 Hour Max $2.50 HR 10am-10pm Mon-Sat (Mobile Pay) (NFC)","10am","10pm","2 hour","Mon-Sat","$2.50 HR","Y","",""
"Downtown","Gaslamp","700 FOURTH AVE","4-710","32.712886000","-117.161172000","57187","Special Event Downtown MK5 - 2 Hour Max $2.50 HR 10am-10pm Mon-Sat (Mobile Pay) (NFC)","10am","10pm","2 hour","Mon-Sat","$2.50 HR","Y","",""
"Downtown","Gaslamp","700 FOURTH AVE","4-711","32.712965000","-117.160990000","57187","Special Event Downtown MK5 - 2 Hour Max $2.50 HR 10am-10pm Mon-Sat (Mobile Pay) (NFC)","10am","10pm","2 hour","Mon-Sat","$2.50 HR","Y","",""
"Downtown","Gaslamp","700 FOURTH AVE","4-712","32.713063000","-117.161173000","57187","Special Event Downtown MK5 - 2 Hour Max $2.50 HR 10am-10pm Mon-Sat (Mobile Pay) (NFC)","10am","10pm","2 hour","Mon-Sat","$2.50 HR","Y","",""
"Downtown","Gaslamp","700 FOURTH AVE","4-714","32.713141000","-117.161173000","57187","Special Event Downtown MK5 - 2 Hour Max $2.50 HR 10am-10pm Mon-Sat (Mobile Pay) (NFC)","10am","10pm","2 hour","Mon-Sat","$2.50 HR","Y","",""
"Downtown","Gaslamp","700 FOURTH AVE","4-719","32.713220000","-117.160992000","57187","Special Event Downtown MK5 - 2 Hour Max $2.50 HR 10am-10pm Mon-Sat (Mobile Pay) (NFC)","10am","10pm","2 hour","Mon-Sat","$2.50 HR","Y","",""
"Downtown","Gaslamp","700 FOURTH AVE","4-721","32.713318000","-117.160992000","57187","Special Event Downtown MK5 - 2 Hour Max $2.50 HR 10am-10pm Mon-Sat (Mobile Pay) (NFC)","10am","10pm","2 hour","Mon-Sat","$2.50 HR","Y","",""
"Downtown","Gaslamp","700 FOURTH AVE","4-723","32.713396000","-117.160992000","57187","Special Event Downtown MK5 - 2 Hour Max $2.50 HR 10am-10pm Mon-Sat (Mobile Pay) (NFC)","10am","10pm","2 hour","Mon-Sat","$2.50 HR","Y","",""
"Downtown","Gaslamp","700 FOURTH AVE","4-725","32.713494000","-117.160993000","57187","Special Event Downtown MK5 - 2 Hour Max $2.50 HR 10am-10pm Mon-Sat (Mobile Pay) (NFC)","10am","10pm","2 hour","Mon-Sat","$2.50 HR","Y","",""
"Downtown","Gaslamp","800 FOURTH AVE","4-803","32.713808000","-117.160994000","57187","Special Event Downtown MK5 - 2 Hour Max $2.50 HR 10am-10pm Mon-Sat (Mobile Pay) (NFC)","10am","10pm","2 hour","Mon-Sat","$2.50 HR","Y","",""
"Downtown","Gaslamp","800 FOURTH AVE","4-805","32.713940000","-117.160995000","57187","Special Event Downtown MK5 - 2 Hour Max $2.50 HR 10am-10pm Mon-Sat (Mobile Pay) (NFC)","10am","10pm","2 hour","Mon-Sat","$2.50 HR","Y","",""
"Downtown","Gaslamp","800 FOURTH AVE","4-821","32.714334000","-117.160996000","57187","Special Event Downtown MK5 - 2 Hour Max $2.50 HR 10am-10pm Mon-Sat (Mobile Pay) (NFC)","10am","10pm","2 hour","Mon-Sat","$2.50 HR","Y","",""
"Downtown","Gaslamp","800 FOURTH AVE","4-823","32.714465000","-117.160997000","57187","Special Event Downtown MK5 - 2 Hour Max $2.50 HR 10am-10pm Mon-Sat (Mobile Pay) (NFC)","10am","10pm","2 hour","Mon-Sat","$2.50 HR","Y","",""
"Downtown","Gaslamp","800 FOURTH AVE","4-807","32.714071000","-117.160995000","57002","Downtown MK5 – 30 Min Max $2.50 HR, 10am-10pm, Mon-Sat, Prepay, NFC, (Sensor Courtesy)","10am","10pm","30 min","Mon-Sat","$2.50 HR","","",""
"Downtown","Gaslamp","900 FOURTH AVE","4-909","32.715493000","-117.161001000","57000","Downtown MK5 – 15 Min Max $2.50 HR, 10am-10pm, Mon-Sat, Prepay, NFC, (Sensor Courtesy)","10am","10pm","15 min","Mon-Sat","$2.50 HR","","",""
"Downtown","Gaslamp","900 FOURTH AVE","4-901","32.714855000","-117.160998000","8998","Special Event Downtown MK5 - 1 Hour Max $2.50 HR 10am-10pm Mon-Sat (Mobile Pay) (NFC)","10am","10pm","1 hour","Mon-Sat","$2.50 HR","Y","",""
"Downtown","Gaslamp","900 FOURTH AVE","4-903","32.715010000","-117.160999000","8998","Special Event Downtown MK5 - 1 Hour Max $2.50 HR 10am-10pm Mon-Sat (Mobile Pay) (NFC)","10am","10pm","1 hour","Mon-Sat","$2.50 HR","Y","",""
"Downtown","Gaslamp","200 FIFTH AVE","5-213","32.707947000","-117.160011000","56843","Special Event Gas Lamp MK5 - 2 Hour Max $2.50 HR, 10am-10pm, Mon-Sun, Prepay, NFC","10am","10pm","2 hour","Mon-Sun","$2.50 HR","","",""
"Downtown","Gaslamp","200 FIFTH AVE","5-214","32.708024000","-117.160193000","56843","Special Event Gas Lamp MK5 - 2 Hour Max $2.50 HR, 10am-10pm, Mon-Sun, Prepay, NFC","10am","10pm","2 hour","Mon-Sun","$2.50 HR","","",""
"Downtown","Gaslamp","200 FIFTH AVE","5-215","32.708083000","-117.160012000","56843","Special Event Gas Lamp MK5 - 2 Hour Max $2.50 HR, 10am-10pm, Mon-Sun, Prepay, NFC","10am","10pm","2 hour","Mon-Sun","$2.50 HR","","",""
"Downtown","Gaslamp","200 FIFTH AVE","5-217","32.707873000","-117.160298000","56843","Special Event Gas Lamp MK5 - 2 Hour Max $2.50 HR, 10am-10pm, Mon-Sun, Prepay, NFC","10am","10pm","2 hour","Mon-Sun","$2.50 HR","","",""
"Downtown","Gaslamp","200 FIFTH AVE","5-219","32.708219000","-117.160012000","56843","Special Event Gas Lamp MK5 - 2 Hour Max $2.50 HR, 10am-10pm, Mon-Sun, Prepay, NFC","10am","10pm","2 hour","Mon-Sun","$2.50 HR","","",""
"Downtown","Gaslamp","200 FIFTH AVE","5-205","32.707357000","-117.160071000","56843","Special Event Gas Lamp MK5 - 2 Hour Max $2.50 HR, 10am-10pm, Mon-Sun, Prepay, NFC","10am","10pm","2 hour","Mon-Sun","$2.50 HR","","",""
"Downtown","Gaslamp","200 FIFTH AVE","5-206","32.707483000","-117.160209000","56843","Special Event Gas Lamp MK5 - 2 Hour Max $2.50 HR, 10am-10pm, Mon-Sun, Prepay, NFC","10am","10pm","2 hour","Mon-Sun","$2.50 HR","","",""
"Downtown","Gaslamp","200 FIFTH AVE","5-207","32.707508000","-117.160017000","56843","Special Event Gas Lamp MK5 - 2 Hour Max $2.50 HR, 10am-10pm, Mon-Sun, Prepay, NFC","10am","10pm","2 hour","Mon-Sun","$2.50 HR","","",""
"Downtown","Gaslamp","200 FIFTH AVE","5-208","32.707596000","-117.160193000","56843","Special Event Gas Lamp MK5 - 2 Hour Max $2.50 HR, 10am-10pm, Mon-Sun, Prepay, NFC","10am","10pm","2 hour","Mon-Sun","$2.50 HR","","",""
"Downtown","Gaslamp","200 FIFTH AVE","5-209","32.707614254","-117.160353566","56843","Special Event Gas Lamp MK5 - 2 Hour Max $2.50 HR, 10am-10pm, Mon-Sun, Prepay, NFC","10am","10pm","2 hour","Mon-Sun","$2.50 HR","","",""
"Downtown","Gaslamp","200 FIFTH AVE","5-210","32.707732000","-117.160193000","56843","Special Event Gas Lamp MK5 - 2 Hour Max $2.50 HR, 10am-10pm, Mon-Sun, Prepay, NFC","10am","10pm","2 hour","Mon-Sun","$2.50 HR","","",""
"Downtown","Gaslamp","200 FIFTH AVE","5-211","32.707635000","-117.160371000","56843","Special Event Gas Lamp MK5 - 2 Hour Max $2.50 HR, 10am-10pm, Mon-Sun, Prepay, NFC","10am","10pm","2 hour","Mon-Sun","$2.50 HR","","",""
"Downtown","Gaslamp","200 FIFTH AVE","5-212","32.707888000","-117.160193000","57002","Downtown MK5 – 30 Min Max $2.50 HR, 10am-10pm, Mon-Sat, Prepay, NFC, (Sensor Courtesy)","10am","10pm","30 min","Mon-Sat","$2.50 HR","","",""
"Downtown","Gaslamp","300 FIFTH AVE","5-300W","32.708830689","-117.160200364","56847","Special Event Gas Lamp MS3 - 2 Hour Max $2.50 HR, 10am-10pm, Mon-Sun, Prepay, NFC","10am","10pm","2 hour","Mon-Sun","$2.50 HR","","",""
"Downtown","Gaslamp","300 FIFTH AVE","5-300E","32.708824470","-117.160047885","56847","Special Event Gas Lamp MS3 - 2 Hour Max $2.50 HR, 10am-10pm, Mon-Sun, Prepay, NFC","10am","10pm","2 hour","Mon-Sun","$2.50 HR","","",""
"Downtown","Gaslamp","400 FIFTH AVE","5-400W","32.709871087","-117.160224928","56847","Special Event Gas Lamp MS3 - 2 Hour Max $2.50 HR, 10am-10pm, Mon-Sun, Prepay, NFC","10am","10pm","2 hour","Mon-Sun","$2.50 HR","","",""
"Downtown","Gaslamp","400 FIFTH AVE","5-400E","32.709929108","-117.160047438","56847","Special Event Gas Lamp MS3 - 2 Hour Max $2.50 HR, 10am-10pm, Mon-Sun, Prepay, NFC","10am","10pm","2 hour","Mon-Sun","$2.50 HR","","",""
"Downtown","Gaslamp","500 FIFTH AVE","5-500W","32.710975839","-117.160222828","56847","Special Event Gas Lamp MS3 - 2 Hour Max $2.50 HR, 10am-10pm, Mon-Sun, Prepay, NFC","10am","10pm","2 hour","Mon-Sun","$2.50 HR","","",""
"Downtown","Gaslamp","500 FIFTH AVE","5-500E","32.711018437","-117.160030715","56847","Special Event Gas Lamp MS3 - 2 Hour Max $2.50 HR, 10am-10pm, Mon-Sun, Prepay, NFC","10am","10pm","2 hour","Mon-Sun","$2.50 HR","","",""
"Downtown","Gaslamp","600 FIFTH AVE","5-600W","32.712072088","-117.160254009","56847","Special Event Gas Lamp MS3 - 2 Hour Max $2.50 HR, 10am-10pm, Mon-Sun, Prepay, NFC","10am","10pm","2 hour","Mon-Sun","$2.50 HR","","",""
"Downtown","Gaslamp","600 FIFTH AVE","5-600E","32.712121737","-117.160053178","56847","Special Event Gas Lamp MS3 - 2 Hour Max $2.50 HR, 10am-10pm, Mon-Sun, Prepay, NFC","10am","10pm","2 hour","Mon-Sun","$2.50 HR","","",""
"Downtown","Gaslamp","700 FIFTH AVE","5-700W","32.713162399","-117.160239592","56847","Special Event Gas Lamp MS3 - 2 Hour Max $2.50 HR, 10am-10pm, Mon-Sun, Prepay, NFC","10am","10pm","2 hour","Mon-Sun","$2.50 HR","","",""
"Downtown","Gaslamp","700 FIFTH AVE","5-700E","32.713234051","-117.160046137","56847","Special Event Gas Lamp MS3 - 2 Hour Max $2.50 HR, 10am-10pm, Mon-Sun, Prepay, NFC","10am","10pm","2 hour","Mon-Sun","$2.50 HR","","",""
"Downtown","Gaslamp","800 FIFTH AVE","5-800W","32.714030406","-117.160224504","56847","Special Event Gas Lamp MS3 - 2 Hour Max $2.50 HR, 10am-10pm, Mon-Sun, Prepay, NFC","10am","10pm","2 hour","Mon-Sun","$2.50 HR","","",""
"Downtown","Gaslamp","800 FIFTH AVE","5-800E","32.714050153","-117.160084694","56847","Special Event Gas Lamp MS3 - 2 Hour Max $2.50 HR, 10am-10pm, Mon-Sun, Prepay, NFC","10am","10pm","2 hour","Mon-Sun","$2.50 HR","","",""
"Downtown","Gaslamp","900 FIFTH AVE","5-900W","32.715085150","-117.160244286","56847","Special Event Gas Lamp MS3 - 2 Hour Max $2.50 HR, 10am-10pm, Mon-Sun, Prepay, NFC","10am","10pm","2 hour","Mon-Sun","$2.50 HR","","",""
"Downtown","Gaslamp","900 FIFTH AVE","5-900E","32.715124925","-117.160095088","56847","Special Event Gas Lamp MS3 - 2 Hour Max $2.50 HR, 10am-10pm, Mon-Sun, Prepay, NFC","10am","10pm","2 hour","Mon-Sun","$2.50 HR","","",""
"Downtown","Gaslamp","900 BROADWAY CIRCLE","DC-905","32.714823000","-117.163308000","57187","Special Event Downtown MK5 - 2 Hour Max $2.50 HR 10am-10pm Mon-Sat (Mobile Pay) (NFC)","10am","10pm","2 hour","Mon-Sat","$2.50 HR","Y","",""
"Downtown","Gaslamp","900 BROADWAY CIRCLE","DC-901","32.714873018","-117.162810154","57187","Special Event Downtown MK5 - 2 Hour Max $2.50 HR 10am-10pm Mon-Sat (Mobile Pay) (NFC)","10am","10pm","2 hour","Mon-Sat","$2.50 HR","Y","",""
"Downtown","Gaslamp","900 BROADWAY CIRCLE","DC-909","32.715391218","-117.162723988","57187","Special Event Downtown MK5 - 2 Hour Max $2.50 HR 10am-10pm Mon-Sat (Mobile Pay) (NFC)","10am","10pm","2 hour","Mon-Sat","$2.50 HR","Y","",""
"Downtown","Gaslamp","900 BROADWAY CIRCLE","DC-904","32.714945515","-117.162962369","57187","Special Event Downtown MK5 - 2 Hour Max $2.50 HR 10am-10pm Mon-Sat (Mobile Pay) (NFC)","10am","10pm","2 hour","Mon-Sat","$2.50 HR","Y","",""
"Downtown","Gaslamp","900 BROADWAY CIRCLE","DC-906","32.715043401","-117.162973433","57187","Special Event Downtown MK5 - 2 Hour Max $2.50 HR 10am-10pm Mon-Sat (Mobile Pay) (NFC)","10am","10pm","2 hour","Mon-Sat","$2.50 HR","Y","",""
"Downtown","Gaslamp","900 BROADWAY CIRCLE","DC-912","32.715482051","-117.162977792","57187","Special Event Downtown MK5 - 2 Hour Max $2.50 HR 10am-10pm Mon-Sat (Mobile Pay) (NFC)","10am","10pm","2 hour","Mon-Sat","$2.50 HR","Y","",""
"Downtown","Gaslamp","900 BROADWAY CIRCLE","DC-914","32.715484026","-117.162995226","57187","Special Event Downtown MK5 - 2 Hour Max $2.50 HR 10am-10pm Mon-Sat (Mobile Pay) (NFC)","10am","10pm","2 hour","Mon-Sat","$2.50 HR","Y","",""
"Downtown","Marina","600 COLUMBIA ST","CL-602","32.711591000","-117.167492000","57004","Downtown MK5 - 2 Hour Max $2.50 HR, 8am-8pm, Mon-Sat, Prepay, NFC","8am","8pm","2 hour","Mon-Sat","$2.50 HR","","",""
"Downtown","Marina","600 COLUMBIA ST","CL-603","32.711648000","-117.167309000","57004","Downtown MK5 - 2 Hour Max $2.50 HR, 8am-8pm, Mon-Sat, Prepay, NFC","8am","8pm","2 hour","Mon-Sat","$2.50 HR","","",""
"Downtown","Marina","600 COLUMBIA ST","CL-604","32.711727000","-117.167491000","57004","Downtown MK5 - 2 Hour Max $2.50 HR, 8am-8pm, Mon-Sat, Prepay, NFC","8am","8pm","2 hour","Mon-Sat","$2.50 HR","","",""
"Downtown","Marina","600 COLUMBIA ST","CL-616","32.711786000","-117.167490000","57004","Downtown MK5 - 2 Hour Max $2.50 HR, 8am-8pm, Mon-Sat, Prepay, NFC","8am","8pm","2 hour","Mon-Sat","$2.50 HR","","",""
"Downtown","Marina","600 COLUMBIA ST","CL-617","32.711843000","-117.167308000","57004","Downtown MK5 - 2 Hour Max $2.50 HR, 8am-8pm, Mon-Sat, Prepay, NFC","8am","8pm","2 hour","Mon-Sat","$2.50 HR","","",""
"Downtown","Marina","600 COLUMBIA ST","CL-618","32.711922000","-117.167489000","57004","Downtown MK5 - 2 Hour Max $2.50 HR, 8am-8pm, Mon-Sat, Prepay, NFC","8am","8pm","2 hour","Mon-Sat","$2.50 HR","","",""
"Downtown","Marina","600 COLUMBIA ST","CL-619","32.711979000","-117.167307000","57004","Downtown MK5 - 2 Hour Max $2.50 HR, 8am-8pm, Mon-Sat, Prepay, NFC","8am","8pm","2 hour","Mon-Sat","$2.50 HR","","",""
"Downtown","Marina","600 COLUMBIA ST","CL-620","32.712058000","-117.167488000","57004","Downtown MK5 - 2 Hour Max $2.50 HR, 8am-8pm, Mon-Sat, Prepay, NFC","8am","8pm","2 hour","Mon-Sat","$2.50 HR","","",""
"Downtown","Marina","600 COLUMBIA ST","CL-621","32.712116000","-117.167306000","57004","Downtown MK5 - 2 Hour Max $2.50 HR, 8am-8pm, Mon-Sat, Prepay, NFC","8am","8pm","2 hour","Mon-Sat","$2.50 HR","","",""
"Downtown","Marina","600 COLUMBIA ST","CL-622","32.712175000","-117.167487000","57004","Downtown MK5 - 2 Hour Max $2.50 HR, 8am-8pm, Mon-Sat, Prepay, NFC","8am","8pm","2 hour","Mon-Sat","$2.50 HR","","",""
"Downtown","Marina","600 COLUMBIA ST","CL-623","32.712233000","-117.167305000","57004","Downtown MK5 - 2 Hour Max $2.50 HR, 8am-8pm, Mon-Sat, Prepay, NFC","8am","8pm","2 hour","Mon-Sat","$2.50 HR","","",""
"Downtown","Marina","600 COLUMBIA ST","CL-625","32.712311000","-117.167304000","57004","Downtown MK5 - 2 Hour Max $2.50 HR, 8am-8pm, Mon-Sat, Prepay, NFC","8am","8pm","2 hour","Mon-Sat","$2.50 HR","","",""
"Downtown","Marina","600 COLUMBIA ST","CL-627","32.712369000","-117.167304000","57004","Downtown MK5 - 2 Hour Max $2.50 HR, 8am-8pm, Mon-Sat, Prepay, NFC","8am","8pm","2 hour","Mon-Sat","$2.50 HR","","",""
"Downtown","Marina","800 STATE ST","ST-814","32.714340000","-117.166330000","57185","Special Event Downtown MK5 - 2 Hour Max $2.50 HR 8am-8pm Mon-Sat (NFC)","8am","8pm","2 hour","Mon-Sat","$2.50 HR","","",""
"Downtown","Marina","800 STATE ST","ST-816","32.713702000","-117.166591000","57185","Special Event Downtown MK5 - 2 Hour Max $2.50 HR 8am-8pm Mon-Sat (NFC)","8am","8pm","2 hour","Mon-Sat","$2.50 HR","","",""
"Downtown","Marina","800 STATE ST","ST-818","32.713778000","-117.166591000","57185","Special Event Downtown MK5 - 2 Hour Max $2.50 HR 8am-8pm Mon-Sat (NFC)","8am","8pm","2 hour","Mon-Sat","$2.50 HR","","",""
"Downtown","Marina","800 STATE ST","ST-820","32.713873000","-117.166592000","57185","Special Event Downtown MK5 - 2 Hour Max $2.50 HR 8am-8pm Mon-Sat (NFC)","8am","8pm","2 hour","Mon-Sat","$2.50 HR","","",""
"Downtown","Marina","800 STATE ST","ST-822","32.714515000","-117.166663000","57185","Special Event Downtown MK5 - 2 Hour Max $2.50 HR 8am-8pm Mon-Sat (NFC)","8am","8pm","2 hour","Mon-Sat","$2.50 HR","","",""
"Downtown","Marina","800 STATE ST","ST-824","32.713949000","-117.166592000","57185","Special Event Downtown MK5 - 2 Hour Max $2.50 HR 8am-8pm Mon-Sat (NFC)","8am","8pm","2 hour","Mon-Sat","$2.50 HR","","",""
"Downtown","Marina","800 STATE ST","ST-826","32.714024000","-117.166592000","57185","Special Event Downtown MK5 - 2 Hour Max $2.50 HR 8am-8pm Mon-Sat (NFC)","8am","8pm","2 hour","Mon-Sat","$2.50 HR","","",""
"Downtown","Marina","800 STATE ST","ST-828","32.714100000","-117.166592000","57185","Special Event Downtown MK5 - 2 Hour Max $2.50 HR 8am-8pm Mon-Sat (NFC)","8am","8pm","2 hour","Mon-Sat","$2.50 HR","","",""
"Downtown","Marina","800 STATE ST","ST-830","32.714176000","-117.166592000","57185","Special Event Downtown MK5 - 2 Hour Max $2.50 HR 8am-8pm Mon-Sat (NFC)","8am","8pm","2 hour","Mon-Sat","$2.50 HR","","",""
"Downtown","Marina","800 STATE ST","ST-832","32.714252000","-117.166592000","57185","Special Event Downtown MK5 - 2 Hour Max $2.50 HR 8am-8pm Mon-Sat (NFC)","8am","8pm","2 hour","Mon-Sat","$2.50 HR","","",""
"Downtown","Marina","800 STATE ST","ST-834","32.714347000","-117.166592000","57185","Special Event Downtown MK5 - 2 Hour Max $2.50 HR 8am-8pm Mon-Sat (NFC)","8am","8pm","2 hour","Mon-Sat","$2.50 HR","","",""
"Downtown","Marina","800 STATE ST","ST-800E","32.713993000","-117.166454000","60490","Special Event Downtown MS1 PPD - 2 Hour Max $2.50 HR 8am-8pm Mon-Fri : 9 Hour Max $2.50 HR 8am-8pm Sat (NFC)","8am","8pm","2 hour","Mon-Fri","$2.50 HR","","",""
"Downtown","Marina","800 STATE ST","ST-800W","32.713993000","-117.166454000","59137","Special Event East Village MS3 - 2 Hour Max $2.50 HR,  8am-8pm, Mon-Sat, Prepay, NFC","8am","8pm","2 hour","Mon-Sat","$2.50 HR","","",""
"Downtown","Marina","500 UNION ST","U-521","32.710761000","-117.165507000","57185","Special Event Downtown MK5 - 2 Hour Max $2.50 HR 8am-8pm Mon-Sat (NFC)","8am","8pm","2 hour","Mon-Sat","$2.50 HR","","",""
"Downtown","Marina","500 UNION ST","U-523","32.710956000","-117.165511000","57185","Special Event Downtown MK5 - 2 Hour Max $2.50 HR 8am-8pm Mon-Sat (NFC)","8am","8pm","2 hour","Mon-Sat","$2.50 HR","","",""
"Downtown","Marina","500 UNION ST","U-500W","32.711144000","-117.165330000","57173","Special Event Downtown MSPM PPD - 2 Hour Max $2.50 HR 8am-8pm Mon-Sat (NFC)","8am","8pm","2 hour","Mon-Sat","$2.50 HR","","Y",""
"Downtown","Marina","500 WEST G ST","WG-503","32.712493000","-117.159921000","57007","Downtown MK5 - 9 Hour Max $2.50 HR, 8am-8pm, Mon-Sat, Prepay, NFC","8am","8pm","9 hour","Mon-Sat","$2.50 HR","","",""
"Downtown","Marina","500 WEST G ST","WG-505","32.712503575","-117.159822248","57007","Downtown MK5 - 9 Hour Max $2.50 HR, 8am-8pm, Mon-Sat, Prepay, NFC","8am","8pm","9 hour","Mon-Sat","$2.50 HR","","",""
"Downtown","Marina","500 WEST G ST","WG-507","32.712495000","-117.159737000","57007","Downtown MK5 - 9 Hour Max $2.50 HR, 8am-8pm, Mon-Sat, Prepay, NFC","8am","8pm","9 hour","Mon-Sat","$2.50 HR","","",""
"Downtown","Marina","500 WEST G ST","WG-509","32.712495000","-117.159654000","57007","Downtown MK5 - 9 Hour Max $2.50 HR, 8am-8pm, Mon-Sat, Prepay, NFC","8am","8pm","9 hour","Mon-Sat","$2.50 HR","","",""
"Downtown","Marina","500 WEST G ST","WG-511","32.712496000","-117.159554000","57007","Downtown MK5 - 9 Hour Max $2.50 HR, 8am-8pm, Mon-Sat, Prepay, NFC","8am","8pm","9 hour","Mon-Sat","$2.50 HR","","",""
"Downtown","Marina","500 WEST G ST","WG-513","32.712497000","-117.159471000","57007","Downtown MK5 - 9 Hour Max $2.50 HR, 8am-8pm, Mon-Sat, Prepay, NFC","8am","8pm","9 hour","Mon-Sat","$2.50 HR","","",""
"Downtown","Marina","500 WEST G ST","WG-500N","32.712517000","-117.167815000","13177","Downtown MS1 PPD - 9 Hour Max $2.50 HR 8am-8pm Mon-Sat (NFC)","8am","8pm","9 hour","Mon-Sat","$2.50 HR","","",""
"Downtown","Marina","600 WEST G ST","WG-600N","32.712623299","-117.168674333","13177","Downtown MS1 PPD - 9 Hour Max $2.50 HR 8am-8pm Mon-Sat (NFC)","8am","8pm","9 hour","Mon-Sat","$2.50 HR","","",""
"Downtown","Marina","600 WEST G ST","WG-600S","32.712495000","-117.168589000","13180","Downtown MS1 PPD - 2 Hour Max $2.50 HR 8am-8pm Mon-Sat (NFC)","8am","8pm","2 hour","Mon-Sat","$2.50 HR","","",""
"Downtown","Marina","800 WEST G ST","WG-800N","32.712380000","-117.170293000","13177","Downtown MS1 PPD - 9 Hour Max $2.50 HR 8am-8pm Mon-Sat (NFC)","8am","8pm","9 hour","Mon-Sat","$2.50 HR","","",""
"Downtown","Marina","800 WEST G ST","WG-800S","32.712454958","-117.170527329","13177","Downtown MS1 PPD - 9 Hour Max $2.50 HR 8am-8pm Mon-Sat (NFC)","8am","8pm","9 hour","Mon-Sat","$2.50 HR","","",""
"Downtown","Marina","100 WEST MARKET ST","WH-100S","32.711433000","-117.164195000","57173","Special Event Downtown MSPM PPD - 2 Hour Max $2.50 HR 8am-8pm Mon-Sat (NFC)","8am","8pm","2 hour","Mon-Sat","$2.50 HR","","Y",""
"Downtown","Marina","100 WEST MARKET ST","WH-108","32.711551000","-117.163350000","57185","Special Event Downtown MK5 - 2 Hour Max $2.50 HR 8am-8pm Mon-Sat (NFC)","8am","8pm","2 hour","Mon-Sat","$2.50 HR","","",""
"Downtown","Marina","100 WEST MARKET ST","WH-110","32.711552000","-117.163200000","57185","Special Event Downtown MK5 - 2 Hour Max $2.50 HR 8am-8pm Mon-Sat (NFC)","8am","8pm","2 hour","Mon-Sat","$2.50 HR","","",""
"Downtown","Marina","500 THIRD AVE","3-513","32.711009000","-117.161975000","57000","Downtown MK5 – 15 Min Max $2.50 HR, 10am-10pm, Mon-Sat, Prepay, NFC, (Sensor Courtesy)","10am","10pm","15 min","Mon-Sat","$2.50 HR","","",""
"Downtown","Marina","500 THIRD AVE","3-512","32.710765000","-117.162043000","57002","Downtown MK5 – 30 Min Max $2.50 HR, 10am-10pm, Mon-Sat, Prepay, NFC, (Sensor Courtesy)","10am","10pm","30 min","Mon-Sat","$2.50 HR","","",""
"Downtown","Marina","500 THIRD AVE","3-514","32.710804000","-117.162043000","57002","Downtown MK5 – 30 Min Max $2.50 HR, 10am-10pm, Mon-Sat, Prepay, NFC, (Sensor Courtesy)","10am","10pm","30 min","Mon-Sat","$2.50 HR","","",""
"Downtown","Marina","500 THIRD AVE","3-500E","32.710886000","-117.161918000","13188","Special Event Downtown MSPM PPD - 4 Hour Max $2.50 HR 10am-10pm Mon-Sat","10am","10pm","4 hour","Mon-Sat","$2.50 HR","","Y",""
"Downtown","Marina","500 THIRD AVE","3-500W2","32.711006000","-117.162004000","13188","Special Event Downtown MSPM PPD - 4 Hour Max $2.50 HR 10am-10pm Mon-Sat","10am","10pm","4 hour","Mon-Sat","$2.50 HR","","Y",""
"Downtown","Marina","200 WEST G ST","WG-200S","32.712549000","-117.165270000","60490","Special Event Downtown MS1 PPD - 2 Hour Max $2.50 HR 8am-8pm Mon-Fri : 9 Hour Max $2.50 HR 8am-8pm Sat (NFC)","8am","8pm","2 hour","Mon-Fri","$2.50 HR","","",""
"Downtown","Marina","200 WEST MARKET ST","WH-200N","32.711419000","-117.165207000","60490","Special Event Downtown MS1 PPD - 2 Hour Max $2.50 HR 8am-8pm Mon-Fri : 9 Hour Max $2.50 HR 8am-8pm Sat (NFC)","8am","8pm","2 hour","Mon-Fri","$2.50 HR","","",""
"Downtown","Marina","200 WEST MARKET ST","WH-200S","32.711600000","-117.164930000","57173","Special Event Downtown MSPM PPD - 2 Hour Max $2.50 HR 8am-8pm Mon-Sat (NFC)","8am","8pm","2 hour","Mon-Sat","$2.50 HR","","Y",""
"Downtown","Marina","300 WEST G ST","WG-300N","32.712622000","-117.166028000","57170","Special Event Downtown MSPM PPD - 9 Hour Max $2.50 HR 8am-8pm Mon-Sat (NFC)","8am","8pm","9 hour","Mon-Sat","$2.50 HR","","Y",""
"Downtown","Marina","300 WEST G ST","WG-300S","32.712502000","-117.166092000","57170","Special Event Downtown MSPM PPD - 9 Hour Max $2.50 HR 8am-8pm Mon-Sat (NFC)","8am","8pm","9 hour","Mon-Sat","$2.50 HR","","Y",""
"Downtown","Marina","400 WEST G ST","WG-403","32.712483000","-117.160947000","57007","Downtown MK5 - 9 Hour Max $2.50 HR, 8am-8pm, Mon-Sat, Prepay, NFC","8am","8pm","9 hour","Mon-Sat","$2.50 HR","","",""
"Downtown","Marina","400 WEST G ST","WG-405","32.712484000","-117.160861000","57007","Downtown MK5 - 9 Hour Max $2.50 HR, 8am-8pm, Mon-Sat, Prepay, NFC","8am","8pm","9 hour","Mon-Sat","$2.50 HR","","",""
"Downtown","Marina","400 WEST G ST","WG-407","32.712485000","-117.160776000","57007","Downtown MK5 - 9 Hour Max $2.50 HR, 8am-8pm, Mon-Sat, Prepay, NFC","8am","8pm","9 hour","Mon-Sat","$2.50 HR","","",""
"Downtown","Marina","400 WEST G ST","WG-409","32.712486000","-117.160691000","57007","Downtown MK5 - 9 Hour Max $2.50 HR, 8am-8pm, Mon-Sat, Prepay, NFC","8am","8pm","9 hour","Mon-Sat","$2.50 HR","","",""
"Downtown","Marina","400 WEST G ST","WG-411","32.712487000","-117.160605000","57007","Downtown MK5 - 9 Hour Max $2.50 HR, 8am-8pm, Mon-Sat, Prepay, NFC","8am","8pm","9 hour","Mon-Sat","$2.50 HR","","",""
"Downtown","Marina","400 WEST G ST","WG-413","32.712488000","-117.160520000","57007","Downtown MK5 - 9 Hour Max $2.50 HR, 8am-8pm, Mon-Sat, Prepay, NFC","8am","8pm","9 hour","Mon-Sat","$2.50 HR","","",""
"Downtown","Marina","400 WEST G ST","WG-415","32.712489000","-117.160435000","57007","Downtown MK5 - 9 Hour Max $2.50 HR, 8am-8pm, Mon-Sat, Prepay, NFC","8am","8pm","9 hour","Mon-Sat","$2.50 HR","","",""
"Downtown","Marina","400 WEST G ST","WG-417","32.712490000","-117.160349000","57007","Downtown MK5 - 9 Hour Max $2.50 HR, 8am-8pm, Mon-Sat, Prepay, NFC","8am","8pm","9 hour","Mon-Sat","$2.50 HR","","",""
"Downtown","Marina","400 WEST G ST","WG-419","32.712496383","-117.160261318","57007","Downtown MK5 - 9 Hour Max $2.50 HR, 8am-8pm, Mon-Sat, Prepay, NFC","8am","8pm","9 hour","Mon-Sat","$2.50 HR","","",""
"Downtown","Marina","400 WEST G ST","WG-400N","32.712571000","-117.167066000","13177","Downtown MS1 PPD - 9 Hour Max $2.50 HR 8am-8pm Mon-Sat (NFC)","8am","8pm","9 hour","Mon-Sat","$2.50 HR","","",""
"Downtown","Marina","600 UNION ST","U-600W","32.712159000","-117.165640000","60490","Special Event Downtown MS1 PPD - 2 Hour Max $2.50 HR 8am-8pm Mon-Fri : 9 Hour Max $2.50 HR 8am-8pm Sat (NFC)","8am","8pm","2 hour","Mon-Fri","$2.50 HR","","",""
"Downtown","Marina","600 UNION ST","U-600E","32.712283000","-117.165539000","60490","Special Event Downtown MS1 PPD - 2 Hour Max $2.50 HR 8am-8pm Mon-Fri : 9 Hour Max $2.50 HR 8am-8pm Sat (NFC)","8am","8pm","2 hour","Mon-Fri","$2.50 HR","","",""
"Downtown","Marina","700 KETTNER BLVD","KT-700E","32.713060000","-117.169136000","13177","Downtown MS1 PPD - 9 Hour Max $2.50 HR 8am-8pm Mon-Sat (NFC)","8am","8pm","9 hour","Mon-Sat","$2.50 HR","","",""
"Downtown","Marina","700 KETTNER BLVD","KT-700W","32.713603000","-117.169281000","13177","Downtown MS1 PPD - 9 Hour Max $2.50 HR 8am-8pm Mon-Sat (NFC)","8am","8pm","9 hour","Mon-Sat","$2.50 HR","","",""
"Downtown","Marina","700 PACIFIC HWY","P-707","32.712846167","-117.170904725","57004","Downtown MK5 - 2 Hour Max $2.50 HR, 8am-8pm, Mon-Sat, Prepay, NFC","8am","8pm","2 hour","Mon-Sat","$2.50 HR","","",""
"Downtown","Marina","700 PACIFIC HWY","P-709","32.712850117","-117.170902378","57004","Downtown MK5 - 2 Hour Max $2.50 HR, 8am-8pm, Mon-Sat, Prepay, NFC","8am","8pm","2 hour","Mon-Sat","$2.50 HR","","",""
"Downtown","Marina","700 PACIFIC HWY","P-711","32.712932489","-117.170902714","57004","Downtown MK5 - 2 Hour Max $2.50 HR, 8am-8pm, Mon-Sat, Prepay, NFC","8am","8pm","2 hour","Mon-Sat","$2.50 HR","","",""
"Downtown","Marina","800 KETTNER BLVD","KT-800E","32.714217000","-117.169002000","13177","Downtown MS1 PPD - 9 Hour Max $2.50 HR 8am-8pm Mon-Sat (NFC)","8am","8pm","9 hour","Mon-Sat","$2.50 HR","","",""
"Downtown","Marina","800 KETTNER BLVD","KT-800W","32.714092000","-117.169275000","13177","Downtown MS1 PPD - 9 Hour Max $2.50 HR 8am-8pm Mon-Sat (NFC)","8am","8pm","9 hour","Mon-Sat","$2.50 HR","","",""
"Downtown","Marina","800 West E Street","WE-800S","32.714577000","-117.170534000","13180","Downtown MS1 PPD - 2 Hour Max $2.50 HR 8am-8pm Mon-Sat (NFC)","8am","8pm","2 hour","Mon-Sat","$2.50 HR","","",""
"Downtown","Marina","800 West E Street","WE-806","32.714682252","-117.170427999","57004","Downtown MK5 - 2 Hour Max $2.50 HR, 8am-8pm, Mon-Sat, Prepay, NFC","8am","8pm","2 hour","Mon-Sat","$2.50 HR","","",""
"Downtown","Marina","800 West E Street","WE-808","32.714679062","-117.170510477","57004","Downtown MK5 - 2 Hour Max $2.50 HR, 8am-8pm, Mon-Sat, Prepay, NFC","8am","8pm","2 hour","Mon-Sat","$2.50 HR","","",""
"Downtown","Marina","800 West E Street","WE-814","32.714678128","-117.170749194","57004","Downtown MK5 - 2 Hour Max $2.50 HR, 8am-8pm, Mon-Sat, Prepay, NFC","8am","8pm","2 hour","Mon-Sat","$2.50 HR","","",""
"Downtown","Marina","300 FOURTH AVE","4-300W","32.709270000","-117.161122000","57173","Special Event Downtown MSPM PPD - 2 Hour Max $2.50 HR 8am-8pm Mon-Sat (NFC)","8am","8pm","2 hour","Mon-Sat","$2.50 HR","","Y",""
"Downtown","Marina","300 FOURTH AVE","4-320","32.709216000","-117.161210000","57187","Special Event Downtown MK5 - 2 Hour Max $2.50 HR 10am-10pm Mon-Sat (Mobile Pay) (NFC)","10am","10pm","2 hour","Mon-Sat","$2.50 HR","Y","",""
"Downtown","Marina","300 FOURTH AVE","4-322","32.709230000","-117.161226000","57187","Special Event Downtown MK5 - 2 Hour Max $2.50 HR 10am-10pm Mon-Sat (Mobile Pay) (NFC)","10am","10pm","2 hour","Mon-Sat","$2.50 HR","Y","",""
"Downtown","Marina","500 FOURTH AVE","4-508","32.710669000","-117.161139000","13442","2 Hour Max $2.50 HR 10am-8pm Mon-Sat (Mobile Pay) (NFC)","10am","8pm","2 hour","Mon-Sat","$2.50 HR","Y","",""
"Downtown","Marina","500 FOURTH AVE","4-510","32.710767000","-117.161139000","13442","2 Hour Max $2.50 HR 10am-8pm Mon-Sat (Mobile Pay) (NFC)","10am","8pm","2 hour","Mon-Sat","$2.50 HR","Y","",""
"Downtown","Marina","600 KETTNER BLVD","KT-609","32.712093000","-117.169097000","57004","Downtown MK5 - 2 Hour Max $2.50 HR, 8am-8pm, Mon-Sat, Prepay, NFC","8am","8pm","2 hour","Mon-Sat","$2.50 HR","","",""
"Downtown","Marina","600 KETTNER BLVD","KT-611","32.712296000","-117.169097000","57004","Downtown MK5 - 2 Hour Max $2.50 HR, 8am-8pm, Mon-Sat, Prepay, NFC","8am","8pm","2 hour","Mon-Sat","$2.50 HR","","",""
"Downtown","Marina","600 INDIA ST","N-600","32.712223000","-117.168393000","57004","Downtown MK5 - 2 Hour Max $2.50 HR, 8am-8pm, Mon-Sat, Prepay, NFC","8am","8pm","2 hour","Mon-Sat","$2.50 HR","","",""
"Downtown","Marina","600 INDIA ST","N-602","32.712258000","-117.168393000","57004","Downtown MK5 - 2 Hour Max $2.50 HR, 8am-8pm, Mon-Sat, Prepay, NFC","8am","8pm","2 hour","Mon-Sat","$2.50 HR","","",""
"Downtown","Marina","600 INDIA ST","N-604","32.712299000","-117.168393000","57004","Downtown MK5 - 2 Hour Max $2.50 HR, 8am-8pm, Mon-Sat, Prepay, NFC","8am","8pm","2 hour","Mon-Sat","$2.50 HR","","",""
"Downtown","Marina","600 INDIA ST","N-606","32.712334000","-117.168393000","57004","Downtown MK5 - 2 Hour Max $2.50 HR, 8am-8pm, Mon-Sat, Prepay, NFC","8am","8pm","2 hour","Mon-Sat","$2.50 HR","","",""
"Downtown","Marina","600 INDIA ST","N-608","32.712375000","-117.168392000","57004","Downtown MK5 - 2 Hour Max $2.50 HR, 8am-8pm, Mon-Sat, Prepay, NFC","8am","8pm","2 hour","Mon-Sat","$2.50 HR","","",""
"Downtown","Marina","600 INDIA ST","N-614","32.712410000","-117.168392000","57004","Downtown MK5 - 2 Hour Max $2.50 HR, 8am-8pm, Mon-Sat, Prepay, NFC","8am","8pm","2 hour","Mon-Sat","$2.50 HR","","",""
"Downtown","Marina","600 INDIA ST","N-616","32.712451000","-117.168392000","57004","Downtown MK5 - 2 Hour Max $2.50 HR, 8am-8pm, Mon-Sat, Prepay, NFC","8am","8pm","2 hour","Mon-Sat","$2.50 HR","","",""
"Downtown","Marina","600 INDIA ST","N-618","32.712486000","-117.168392000","57004","Downtown MK5 - 2 Hour Max $2.50 HR, 8am-8pm, Mon-Sat, Prepay, NFC","8am","8pm","2 hour","Mon-Sat","$2.50 HR","","",""
"Downtown","Marina","900 KETTNER BLVD","KT-900W","32.715034000","-117.169108000","13180","Downtown MS1 PPD - 2 Hour Max $2.50 HR 8am-8pm Mon-Sat (NFC)","8am","8pm","2 hour","Mon-Sat","$2.50 HR","","",""
"Downtown","Marina","600 STATE ST","ST-600W","32.712016000","-117.166371000","57173","Special Event Downtown MSPM PPD - 2 Hour Max $2.50 HR 8am-8pm Mon-Sat (NFC)","8am","8pm","2 hour","Mon-Sat","$2.50 HR","","Y",""
"Downtown","Marina","600 STATE ST","ST-600E","32.712118000","-117.166737000","60490","Special Event Downtown MS1 PPD - 2 Hour Max $2.50 HR 8am-8pm Mon-Fri : 9 Hour Max $2.50 HR 8am-8pm Sat (NFC)","8am","8pm","2 hour","Mon-Fri","$2.50 HR","","",""
"Downtown","Marina","700 STATE ST","ST-700E","32.712810000","-117.166477000","60490","Special Event Downtown MS1 PPD - 2 Hour Max $2.50 HR 8am-8pm Mon-Fri : 9 Hour Max $2.50 HR 8am-8pm Sat (NFC)","8am","8pm","2 hour","Mon-Fri","$2.50 HR","","",""
"Downtown","Marina","700 STATE ST","ST-700W","32.712952000","-117.166571000","57173","Special Event Downtown MSPM PPD - 2 Hour Max $2.50 HR 8am-8pm Mon-Sat (NFC)","8am","8pm","2 hour","Mon-Sat","$2.50 HR","","Y",""
"Downtown","Marina","300 WEST MARKET ST","WH-300N","32.711545000","-117.166125000","60490","Special Event Downtown MS1 PPD - 2 Hour Max $2.50 HR 8am-8pm Mon-Fri : 9 Hour Max $2.50 HR 8am-8pm Sat (NFC)","8am","8pm","2 hour","Mon-Fri","$2.50 HR","","",""
"Downtown","Marina","400 WEST MARKET ST","WH-400N","32.711544000","-117.167077000","57460","Downtown MSPM PBP - 2 Hour Max $2.50 HR 8am-8pm Mon-Sat (NFC)","8am","8pm","2 hour","Mon-Sat","$2.50 HR","","Y",""
"Downtown","Marina","200 WEST ISLAND AVE","WSL-200S","32.710241000","-117.165192000","57174","Special Event Downtown MSPM PPD - 4 Hour Max $2.50 HR 8am-8pm Mon-Sat (Mobile Pay) (NFC)","8am","8pm","4 hour","Mon-Sat","$2.50 HR","Y","Y",""
"Downtown","Marina","400 SECOND AVE","2-400E","32.709803000","-117.162701000","13165","Special Event Downtown MSPM PPD - 9 Hour Max $2.50 HR 10am-10pm Mon-Sat","10am","10pm","9 hour","Mon-Sat","$2.50 HR","","Y",""
"Downtown","Marina","400 SECOND AVE","2-400W","32.710074000","-117.163021000","13165","Special Event Downtown MSPM PPD - 9 Hour Max $2.50 HR 10am-10pm Mon-Sat","10am","10pm","9 hour","Mon-Sat","$2.50 HR","","Y",""
"Downtown","Marina","100 G ST","G-111","32.712477000","-117.163072000","57187","Special Event Downtown MK5 - 2 Hour Max $2.50 HR 10am-10pm Mon-Sat (Mobile Pay) (NFC)","10am","10pm","2 hour","Mon-Sat","$2.50 HR","Y","",""
"Downtown","Marina","100 G ST","G-105","32.712476000","-117.163496000","57187","Special Event Downtown MK5 - 2 Hour Max $2.50 HR 10am-10pm Mon-Sat (Mobile Pay) (NFC)","10am","10pm","2 hour","Mon-Sat","$2.50 HR","Y","",""
"Downtown","Marina","100 G ST","G-107","32.712476000","-117.163344000","57187","Special Event Downtown MK5 - 2 Hour Max $2.50 HR 10am-10pm Mon-Sat (Mobile Pay) (NFC)","10am","10pm","2 hour","Mon-Sat","$2.50 HR","Y","",""
"Downtown","Marina","100 G ST","G-109","32.712476000","-117.163208000","57187","Special Event Downtown MK5 - 2 Hour Max $2.50 HR 10am-10pm Mon-Sat (Mobile Pay) (NFC)","10am","10pm","2 hour","Mon-Sat","$2.50 HR","Y","",""
"Downtown","Marina","100 ISLAND AVE","SL-100","32.710484000","-117.163610000","57187","Special Event Downtown MK5 - 2 Hour Max $2.50 HR 10am-10pm Mon-Sat (Mobile Pay) (NFC)","10am","10pm","2 hour","Mon-Sat","$2.50 HR","Y","",""
"Downtown","Marina","100 ISLAND AVE","SL-108","32.710484000","-117.163493000","57187","Special Event Downtown MK5 - 2 Hour Max $2.50 HR 10am-10pm Mon-Sat (Mobile Pay) (NFC)","10am","10pm","2 hour","Mon-Sat","$2.50 HR","Y","",""
"Downtown","Marina","100 ISLAND AVE","SL-111","32.710331000","-117.163374000","57187","Special Event Downtown MK5 - 2 Hour Max $2.50 HR 10am-10pm Mon-Sat (Mobile Pay) (NFC)","10am","10pm","2 hour","Mon-Sat","$2.50 HR","Y","",""
"Downtown","Marina","100 ISLAND AVE","SL-113","32.710331000","-117.163257000","57187","Special Event Downtown MK5 - 2 Hour Max $2.50 HR 10am-10pm Mon-Sat (Mobile Pay) (NFC)","10am","10pm","2 hour","Mon-Sat","$2.50 HR","Y","",""
"Downtown","Marina","100 ISLAND AVE","SL-114","32.710486000","-117.163125000","57187","Special Event Downtown MK5 - 2 Hour Max $2.50 HR 10am-10pm Mon-Sat (Mobile Pay) (NFC)","10am","10pm","2 hour","Mon-Sat","$2.50 HR","Y","",""
"Downtown","Marina","100 ISLAND AVE","SL-115","32.710333000","-117.163023000","57187","Special Event Downtown MK5 - 2 Hour Max $2.50 HR 10am-10pm Mon-Sat (Mobile Pay) (NFC)","10am","10pm","2 hour","Mon-Sat","$2.50 HR","Y","",""
"Downtown","Marina","100 ISLAND AVE","SL-107","32.710345617","-117.163359671","57187","Special Event Downtown MK5 - 2 Hour Max $2.50 HR 10am-10pm Mon-Sat (Mobile Pay) (NFC)","10am","10pm","2 hour","Mon-Sat","$2.50 HR","Y","",""
"Downtown","Marina","100 ISLAND AVE","SL-109","32.710351259","-117.163419350","57187","Special Event Downtown MK5 - 2 Hour Max $2.50 HR 10am-10pm Mon-Sat (Mobile Pay) (NFC)","10am","10pm","2 hour","Mon-Sat","$2.50 HR","Y","",""
"Downtown","Marina","900 PACIFIC HWY","P-900E","32.715179368","-117.170930542","13180","Downtown MS1 PPD - 2 Hour Max $2.50 HR 8am-8pm Mon-Sat (NFC)","8am","8pm","2 hour","Mon-Sat","$2.50 HR","","",""
"Downtown","Marina","100 J ST","J-100N","32.709448000","-117.163330000","57173","Special Event Downtown MSPM PPD - 2 Hour Max $2.50 HR 8am-8pm Mon-Sat (NFC)","8am","8pm","2 hour","Mon-Sat","$2.50 HR","","Y",""
"Downtown","Marina","100 MARKET ST","H-103","32.711396000","-117.163600000","57000","Downtown MK5 – 15 Min Max $2.50 HR, 10am-10pm, Mon-Sat, Prepay, NFC, (Sensor Courtesy)","10am","10pm","15 min","Mon-Sat","$2.50 HR","","",""
"Downtown","Marina","100 MARKET ST","H-105","32.711397000","-117.163466000","57000","Downtown MK5 – 15 Min Max $2.50 HR, 10am-10pm, Mon-Sat, Prepay, NFC, (Sensor Courtesy)","10am","10pm","15 min","Mon-Sat","$2.50 HR","","",""
"Downtown","Marina","100 MARKET ST","H-107","32.711398000","-117.163316000","57187","Special Event Downtown MK5 - 2 Hour Max $2.50 HR 10am-10pm Mon-Sat (Mobile Pay) (NFC)","10am","10pm","2 hour","Mon-Sat","$2.50 HR","Y","",""
"Downtown","Marina","100 MARKET ST","H-109","32.711398000","-117.163182000","57187","Special Event Downtown MK5 - 2 Hour Max $2.50 HR 10am-10pm Mon-Sat (Mobile Pay) (NFC)","10am","10pm","2 hour","Mon-Sat","$2.50 HR","Y","",""
"Downtown","Marina","100 MARKET ST","H-111","32.711399000","-117.163048000","57187","Special Event Downtown MK5 - 2 Hour Max $2.50 HR 10am-10pm Mon-Sat (Mobile Pay) (NFC)","10am","10pm","2 hour","Mon-Sat","$2.50 HR","Y","",""
"Downtown","Marina","100 WEST G ST","WG-100S","32.712476000","-117.163354729","57173","Special Event Downtown MSPM PPD - 2 Hour Max $2.50 HR 8am-8pm Mon-Sat (NFC)","8am","8pm","2 hour","Mon-Sat","$2.50 HR","","Y",""
"Downtown","Marina","100 WEST ISLAND AVE","WSL-100N","32.710501000","-117.164218000","57174","Special Event Downtown MSPM PPD - 4 Hour Max $2.50 HR 8am-8pm Mon-Sat (Mobile Pay) (NFC)","8am","8pm","4 hour","Mon-Sat","$2.50 HR","Y","Y",""
"Downtown","Marina","200 G ST","G-211","32.712479000","-117.162324000","57002","Downtown MK5 – 30 Min Max $2.50 HR, 10am-10pm, Mon-Sat, Prepay, NFC, (Sensor Courtesy)","10am","10pm","30 min","Mon-Sat","$2.50 HR","","",""
"Downtown","Marina","200 G ST","G-213","32.712480000","-117.162224000","57002","Downtown MK5 – 30 Min Max $2.50 HR, 10am-10pm, Mon-Sat, Prepay, NFC, (Sensor Courtesy)","10am","10pm","30 min","Mon-Sat","$2.50 HR","","",""
"Downtown","Marina","200 G ST","G-203","32.712478000","-117.162744000","57187","Special Event Downtown MK5 - 2 Hour Max $2.50 HR 10am-10pm Mon-Sat (Mobile Pay) (NFC)","10am","10pm","2 hour","Mon-Sat","$2.50 HR","Y","",""
"Downtown","Marina","200 G ST","G-205","32.712478000","-117.162643000","57187","Special Event Downtown MK5 - 2 Hour Max $2.50 HR 10am-10pm Mon-Sat (Mobile Pay) (NFC)","10am","10pm","2 hour","Mon-Sat","$2.50 HR","Y","",""
"Downtown","Marina","200 G ST","G-207","32.712478000","-117.162542000","57187","Special Event Downtown MK5 - 2 Hour Max $2.50 HR 10am-10pm Mon-Sat (Mobile Pay) (NFC)","10am","10pm","2 hour","Mon-Sat","$2.50 HR","Y","",""
"Downtown","Marina","200 G ST","G-209","32.712479000","-117.162425000","57187","Special Event Downtown MK5 - 2 Hour Max $2.50 HR 10am-10pm Mon-Sat (Mobile Pay) (NFC)","10am","10pm","2 hour","Mon-Sat","$2.50 HR","Y","",""
"Downtown","Marina","200 G ST","G-215","32.712480000","-117.162123000","57187","Special Event Downtown MK5 - 2 Hour Max $2.50 HR 10am-10pm Mon-Sat (Mobile Pay) (NFC)","10am","10pm","2 hour","Mon-Sat","$2.50 HR","Y","",""
"Downtown","Marina","200 ISLAND AVE","SL-208","32.710491000","-117.162531000","57187","Special Event Downtown MK5 - 2 Hour Max $2.50 HR 10am-10pm Mon-Sat (Mobile Pay) (NFC)","10am","10pm","2 hour","Mon-Sat","$2.50 HR","Y","",""
"Downtown","Marina","200 ISLAND AVE","SL-212","32.710492000","-117.162397000","57187","Special Event Downtown MK5 - 2 Hour Max $2.50 HR 10am-10pm Mon-Sat (Mobile Pay) (NFC)","10am","10pm","2 hour","Mon-Sat","$2.50 HR","Y","",""
"Downtown","Marina","200 ISLAND AVE","SL-214","32.710494000","-117.162263000","57187","Special Event Downtown MK5 - 2 Hour Max $2.50 HR 10am-10pm Mon-Sat (Mobile Pay) (NFC)","10am","10pm","2 hour","Mon-Sat","$2.50 HR","Y","",""
"Downtown","Marina","200 ISLAND AVE","SL-216","32.710499787","-117.162118706","57187","Special Event Downtown MK5 - 2 Hour Max $2.50 HR 10am-10pm Mon-Sat (Mobile Pay) (NFC)","10am","10pm","2 hour","Mon-Sat","$2.50 HR","Y","",""
"Downtown","Marina","200 MARKET ST","H-208","32.711557000","-117.162374000","57187","Special Event Downtown MK5 - 2 Hour Max $2.50 HR 10am-10pm Mon-Sat (Mobile Pay) (NFC)","10am","10pm","2 hour","Mon-Sat","$2.50 HR","Y","",""
"Downtown","Marina","200 MARKET ST","H-211","32.711404000","-117.162322000","57187","Special Event Downtown MK5 - 2 Hour Max $2.50 HR 10am-10pm Mon-Sat (Mobile Pay) (NFC)","10am","10pm","2 hour","Mon-Sat","$2.50 HR","Y","",""
"Downtown","Marina","200 MARKET ST","H-212","32.711558000","-117.162240000","57187","Special Event Downtown MK5 - 2 Hour Max $2.50 HR 10am-10pm Mon-Sat (Mobile Pay) (NFC)","10am","10pm","2 hour","Mon-Sat","$2.50 HR","Y","",""
"Downtown","Marina","200 MARKET ST","H-213","32.711405000","-117.162188000","57187","Special Event Downtown MK5 - 2 Hour Max $2.50 HR 10am-10pm Mon-Sat (Mobile Pay) (NFC)","10am","10pm","2 hour","Mon-Sat","$2.50 HR","Y","",""
"Downtown","Marina","200 MARKET ST","H-201","32.711400000","-117.162773000","57187","Special Event Downtown MK5 - 2 Hour Max $2.50 HR 10am-10pm Mon-Sat (Mobile Pay) (NFC)","10am","10pm","2 hour","Mon-Sat","$2.50 HR","Y","",""
"Downtown","Marina","200 MARKET ST","H-202","32.711555000","-117.162691000","57187","Special Event Downtown MK5 - 2 Hour Max $2.50 HR 10am-10pm Mon-Sat (Mobile Pay) (NFC)","10am","10pm","2 hour","Mon-Sat","$2.50 HR","Y","",""
"Downtown","Marina","200 MARKET ST","H-203","32.711401000","-117.162639000","57187","Special Event Downtown MK5 - 2 Hour Max $2.50 HR 10am-10pm Mon-Sat (Mobile Pay) (NFC)","10am","10pm","2 hour","Mon-Sat","$2.50 HR","Y","",""
"Downtown","Marina","200 MARKET ST","H-204","32.711556000","-117.162574000","57187","Special Event Downtown MK5 - 2 Hour Max $2.50 HR 10am-10pm Mon-Sat (Mobile Pay) (NFC)","10am","10pm","2 hour","Mon-Sat","$2.50 HR","Y","",""
"Downtown","Marina","200 MARKET ST","H-205","32.711402000","-117.162506000","57187","Special Event Downtown MK5 - 2 Hour Max $2.50 HR 10am-10pm Mon-Sat (Mobile Pay) (NFC)","10am","10pm","2 hour","Mon-Sat","$2.50 HR","Y","",""
"Downtown","Marina","200 MARKET ST","H-206","32.711557000","-117.162440000","57187","Special Event Downtown MK5 - 2 Hour Max $2.50 HR 10am-10pm Mon-Sat (Mobile Pay) (NFC)","10am","10pm","2 hour","Mon-Sat","$2.50 HR","Y","",""
"Downtown","Marina","200 MARKET ST","H-215","32.711406000","-117.162054000","57187","Special Event Downtown MK5 - 2 Hour Max $2.50 HR 10am-10pm Mon-Sat (Mobile Pay) (NFC)","10am","10pm","2 hour","Mon-Sat","$2.50 HR","Y","",""
"Downtown","Marina","200 MARKET ST","H-214","32.711559000","-117.162123000","57000","Downtown MK5 – 15 Min Max $2.50 HR, 10am-10pm, Mon-Sat, Prepay, NFC, (Sensor Courtesy)","10am","10pm","15 min","Mon-Sat","$2.50 HR","","",""
"Downtown","Marina","300 FIRST AVE","1-305","32.709398000","-117.163786000","57187","Special Event Downtown MK5 - 2 Hour Max $2.50 HR 10am-10pm Mon-Sat (Mobile Pay) (NFC)","10am","10pm","2 hour","Mon-Sat","$2.50 HR","Y","",""
"Downtown","Marina","300 FIRST AVE","1-307","32.709169000","-117.163659000","57187","Special Event Downtown MK5 - 2 Hour Max $2.50 HR 10am-10pm Mon-Sat (Mobile Pay) (NFC)","10am","10pm","2 hour","Mon-Sat","$2.50 HR","Y","",""
"Downtown","Marina","300 FIRST AVE","1-309","32.709220000","-117.163659000","57187","Special Event Downtown MK5 - 2 Hour Max $2.50 HR 10am-10pm Mon-Sat (Mobile Pay) (NFC)","10am","10pm","2 hour","Mon-Sat","$2.50 HR","Y","",""
"Downtown","Marina","300 G ST","G-301","32.712487056","-117.161696702","57187","Special Event Downtown MK5 - 2 Hour Max $2.50 HR 10am-10pm Mon-Sat (Mobile Pay) (NFC)","10am","10pm","2 hour","Mon-Sat","$2.50 HR","Y","",""
"Downtown","Marina","300 G ST","G-303","32.712500597","-117.161733582","57187","Special Event Downtown MK5 - 2 Hour Max $2.50 HR 10am-10pm Mon-Sat (Mobile Pay) (NFC)","10am","10pm","2 hour","Mon-Sat","$2.50 HR","Y","",""
"Downtown","Marina","300 G ST","G-305","32.712487620","-117.161602154","57187","Special Event Downtown MK5 - 2 Hour Max $2.50 HR 10am-10pm Mon-Sat (Mobile Pay) (NFC)","10am","10pm","2 hour","Mon-Sat","$2.50 HR","Y","",""
"Downtown","Marina","300 G ST","G-307","32.712498622","-117.161559574","57187","Special Event Downtown MK5 - 2 Hour Max $2.50 HR 10am-10pm Mon-Sat (Mobile Pay) (NFC)","10am","10pm","2 hour","Mon-Sat","$2.50 HR","Y","",""
"Downtown","Marina","300 G ST","G-315","32.712490723","-117.161178030","57187","Special Event Downtown MK5 - 2 Hour Max $2.50 HR 10am-10pm Mon-Sat (Mobile Pay) (NFC)","10am","10pm","2 hour","Mon-Sat","$2.50 HR","Y","",""
"Downtown","Marina","300 G ST","G-313","32.712465617","-117.161327227","57187","Special Event Downtown MK5 - 2 Hour Max $2.50 HR 10am-10pm Mon-Sat (Mobile Pay) (NFC)","10am","10pm","2 hour","Mon-Sat","$2.50 HR","Y","",""
"Downtown","Marina","300 J ST","J-300","32.709456000","-117.161832000","57187","Special Event Downtown MK5 - 2 Hour Max $2.50 HR 10am-10pm Mon-Sat (Mobile Pay) (NFC)","10am","10pm","2 hour","Mon-Sat","$2.50 HR","Y","",""
"Downtown","Marina","300 J ST","J-302","32.709456000","-117.161750000","57187","Special Event Downtown MK5 - 2 Hour Max $2.50 HR 10am-10pm Mon-Sat (Mobile Pay) (NFC)","10am","10pm","2 hour","Mon-Sat","$2.50 HR","Y","",""
"Downtown","Marina","300 J ST","J-316","32.709461192","-117.161379706","57187","Special Event Downtown MK5 - 2 Hour Max $2.50 HR 10am-10pm Mon-Sat (Mobile Pay) (NFC)","10am","10pm","2 hour","Mon-Sat","$2.50 HR","Y","",""
"Downtown","Marina","300 J ST","J-318","32.709458000","-117.161292000","57187","Special Event Downtown MK5 - 2 Hour Max $2.50 HR 10am-10pm Mon-Sat (Mobile Pay) (NFC)","10am","10pm","2 hour","Mon-Sat","$2.50 HR","Y","",""
"Downtown","Marina","300 J ST","J-300S","32.709312540","-117.161497213","60424","Special Event Downtown MSPM PPD - 2 Hour Max $2.50 HR 10am-10pm Mon-Sat (NFC)","10am","10pm","2 hour","Mon-Sat","$2.50 HR","","Y",""
"Downtown","Marina","300 K ST","K-300S","32.708272680","-117.161510288","57173","Special Event Downtown MSPM PPD - 2 Hour Max $2.50 HR 8am-8pm Mon-Sat (NFC)","8am","8pm","2 hour","Mon-Sat","$2.50 HR","","Y",""
"Downtown","Marina","300 K ST","K-300N","32.708415993","-117.161612883","57173","Special Event Downtown MSPM PPD - 2 Hour Max $2.50 HR 8am-8pm Mon-Sat (NFC)","8am","8pm","2 hour","Mon-Sat","$2.50 HR","","Y",""
"Downtown","Marina","300 MARKET ST","H-319","32.711412000","-117.161194000","57002","Downtown MK5 – 30 Min Max $2.50 HR, 10am-10pm, Mon-Sat, Prepay, NFC, (Sensor Courtesy)","10am","10pm","30 min","Mon-Sat","$2.50 HR","","",""
"Downtown","Marina","300 MARKET ST","H-305","32.711407000","-117.161813000","57187","Special Event Downtown MK5 - 2 Hour Max $2.50 HR 10am-10pm Mon-Sat (Mobile Pay) (NFC)","10am","10pm","2 hour","Mon-Sat","$2.50 HR","Y","",""
"Downtown","Marina","300 MARKET ST","H-306","32.711562000","-117.161697000","57187","Special Event Downtown MK5 - 2 Hour Max $2.50 HR 10am-10pm Mon-Sat (Mobile Pay) (NFC)","10am","10pm","2 hour","Mon-Sat","$2.50 HR","Y","",""
"Downtown","Marina","300 MARKET ST","H-307","32.711409000","-117.161612000","57187","Special Event Downtown MK5 - 2 Hour Max $2.50 HR 10am-10pm Mon-Sat (Mobile Pay) (NFC)","10am","10pm","2 hour","Mon-Sat","$2.50 HR","Y","",""
"Downtown","Marina","300 MARKET ST","H-309","32.711411000","-117.161395000","57187","Special Event Downtown MK5 - 2 Hour Max $2.50 HR 10am-10pm Mon-Sat (Mobile Pay) (NFC)","10am","10pm","2 hour","Mon-Sat","$2.50 HR","Y","",""
"Downtown","Marina","300 THIRD AVE","3-303","32.708527000","-117.161825000","57187","Special Event Downtown MK5 - 2 Hour Max $2.50 HR 10am-10pm Mon-Sat (Mobile Pay) (NFC)","10am","10pm","2 hour","Mon-Sat","$2.50 HR","Y","",""
"Downtown","Marina","300 THIRD AVE","3-305","32.708683000","-117.161826000","57187","Special Event Downtown MK5 - 2 Hour Max $2.50 HR 10am-10pm Mon-Sat (Mobile Pay) (NFC)","10am","10pm","2 hour","Mon-Sat","$2.50 HR","Y","",""
"Downtown","Marina","300 THIRD AVE","3-307","32.708858000","-117.161828000","57187","Special Event Downtown MK5 - 2 Hour Max $2.50 HR 10am-10pm Mon-Sat (Mobile Pay) (NFC)","10am","10pm","2 hour","Mon-Sat","$2.50 HR","Y","",""
"Downtown","Marina","300 THIRD AVE","3-300E","32.709065000","-117.161939000","57173","Special Event Downtown MSPM PPD - 2 Hour Max $2.50 HR 8am-8pm Mon-Sat (NFC)","8am","8pm","2 hour","Mon-Sat","$2.50 HR","","Y",""
"Downtown","Marina","300 WEST F ST","WF-300N","32.713400000","-117.164737000","60490","Special Event Downtown MS1 PPD - 2 Hour Max $2.50 HR 8am-8pm Mon-Fri : 9 Hour Max $2.50 HR 8am-8pm Sat (NFC)","8am","8pm","2 hour","Mon-Fri","$2.50 HR","","",""
"Downtown","Marina","400 THIRD AVE","3-407","32.709680000","-117.161841000","57187","Special Event Downtown MK5 - 2 Hour Max $2.50 HR 10am-10pm Mon-Sat (Mobile Pay) (NFC)","10am","10pm","2 hour","Mon-Sat","$2.50 HR","Y","",""
"Downtown","Marina","400 THIRD AVE","3-411","32.709853000","-117.161844000","57187","Special Event Downtown MK5 - 2 Hour Max $2.50 HR 10am-10pm Mon-Sat (Mobile Pay) (NFC)","10am","10pm","2 hour","Mon-Sat","$2.50 HR","Y","",""
"Downtown","Marina","400 THIRD AVE","3-413","32.709910000","-117.161846000","57187","Special Event Downtown MK5 - 2 Hour Max $2.50 HR 10am-10pm Mon-Sat (Mobile Pay) (NFC)","10am","10pm","2 hour","Mon-Sat","$2.50 HR","Y","",""
"Downtown","Marina","400 THIRD AVE","3-415","32.709948000","-117.161847000","57187","Special Event Downtown MK5 - 2 Hour Max $2.50 HR 10am-10pm Mon-Sat (Mobile Pay) (NFC)","10am","10pm","2 hour","Mon-Sat","$2.50 HR","Y","",""
"Downtown","Marina","400 THIRD AVE","3-419","32.710006000","-117.161848000","57187","Special Event Downtown MK5 - 2 Hour Max $2.50 HR 10am-10pm Mon-Sat (Mobile Pay) (NFC)","10am","10pm","2 hour","Mon-Sat","$2.50 HR","Y","",""
"Downtown","Marina","400 THIRD AVE","3-438","32.710175000","-117.162034000","57187","Special Event Downtown MK5 - 2 Hour Max $2.50 HR 10am-10pm Mon-Sat (Mobile Pay) (NFC)","10am","10pm","2 hour","Mon-Sat","$2.50 HR","Y","",""
"Downtown","Marina","400 THIRD AVE","3-440","32.710232000","-117.162035000","57187","Special Event Downtown MK5 - 2 Hour Max $2.50 HR 10am-10pm Mon-Sat (Mobile Pay) (NFC)","10am","10pm","2 hour","Mon-Sat","$2.50 HR","Y","",""
"Downtown","Marina","400 THIRD AVE","3-442","32.710270000","-117.162036000","57187","Special Event Downtown MK5 - 2 Hour Max $2.50 HR 10am-10pm Mon-Sat (Mobile Pay) (NFC)","10am","10pm","2 hour","Mon-Sat","$2.50 HR","Y","",""
"Downtown","Marina","400 THIRD AVE","3-444","32.710328000","-117.162037000","57187","Special Event Downtown MK5 - 2 Hour Max $2.50 HR 10am-10pm Mon-Sat (Mobile Pay) (NFC)","10am","10pm","2 hour","Mon-Sat","$2.50 HR","Y","",""
"Downtown","Marina","400 WEST BROADWAY","WD-411","32.715625000","-117.160775000","57005","Downtown MK5 - 2 Hour Max $2.50 HR, 8am-8pm, Mon-Sun, Prepay, NFC","8am","8pm","2 hour","Mon-Sun","$2.50 HR","","",""
"Downtown","Marina","400 WEST BROADWAY","WD-413","32.715626000","-117.160486000","57005","Downtown MK5 - 2 Hour Max $2.50 HR, 8am-8pm, Mon-Sun, Prepay, NFC","8am","8pm","2 hour","Mon-Sun","$2.50 HR","","",""
"Downtown","Marina","500 SECOND AVE","2-500E","32.710844000","-117.162758000","13165","Special Event Downtown MSPM PPD - 9 Hour Max $2.50 HR 10am-10pm Mon-Sat","10am","10pm","9 hour","Mon-Sat","$2.50 HR","","Y",""
"Downtown","Marina","500 SECOND AVE","2-500W2","32.710740000","-117.162813000","13165","Special Event Downtown MSPM PPD - 9 Hour Max $2.50 HR 10am-10pm Mon-Sat","10am","10pm","9 hour","Mon-Sat","$2.50 HR","","Y",""
"Downtown","Marina","600 FRONT ST","FR-601","32.711601000","-117.164605000","57185","Special Event Downtown MK5 - 2 Hour Max $2.50 HR 8am-8pm Mon-Sat (NFC)","8am","8pm","2 hour","Mon-Sat","$2.50 HR","","",""
"Downtown","Marina","600 FRONT ST","FR-603","32.711701000","-117.164604000","57185","Special Event Downtown MK5 - 2 Hour Max $2.50 HR 8am-8pm Mon-Sat (NFC)","8am","8pm","2 hour","Mon-Sat","$2.50 HR","","",""
"Downtown","Marina","600 FRONT ST","FR-600W","32.712073000","-117.164423000","60490","Special Event Downtown MS1 PPD - 2 Hour Max $2.50 HR 8am-8pm Mon-Fri : 9 Hour Max $2.50 HR 8am-8pm Sat (NFC)","8am","8pm","2 hour","Mon-Fri","$2.50 HR","","",""
"Downtown","Marina","600 SECOND AVE","2-601","32.711591000","-117.162781000","57187","Special Event Downtown MK5 - 2 Hour Max $2.50 HR 10am-10pm Mon-Sat (Mobile Pay) (NFC)","10am","10pm","2 hour","Mon-Sat","$2.50 HR","Y","",""
"Downtown","Marina","600 SECOND AVE","2-603","32.711650000","-117.162782000","57187","Special Event Downtown MK5 - 2 Hour Max $2.50 HR 10am-10pm Mon-Sat (Mobile Pay) (NFC)","10am","10pm","2 hour","Mon-Sat","$2.50 HR","Y","",""
"Downtown","Marina","600 SECOND AVE","2-605","32.711710000","-117.162783000","57187","Special Event Downtown MK5 - 2 Hour Max $2.50 HR 10am-10pm Mon-Sat (Mobile Pay) (NFC)","10am","10pm","2 hour","Mon-Sat","$2.50 HR","Y","",""
"Downtown","Marina","600 SECOND AVE","2-613","32.711947000","-117.162788000","57187","Special Event Downtown MK5 - 2 Hour Max $2.50 HR 10am-10pm Mon-Sat (Mobile Pay) (NFC)","10am","10pm","2 hour","Mon-Sat","$2.50 HR","Y","",""
"Downtown","Marina","600 SECOND AVE","2-615","32.712086000","-117.162790000","57187","Special Event Downtown MK5 - 2 Hour Max $2.50 HR 10am-10pm Mon-Sat (Mobile Pay) (NFC)","10am","10pm","2 hour","Mon-Sat","$2.50 HR","Y","",""
"Downtown","Marina","600 SECOND AVE","2-617","32.712204000","-117.162793000","57187","Special Event Downtown MK5 - 2 Hour Max $2.50 HR 10am-10pm Mon-Sat (Mobile Pay) (NFC)","10am","10pm","2 hour","Mon-Sat","$2.50 HR","Y","",""
"Downtown","Marina","600 SECOND AVE","2-619","32.712323000","-117.162795000","57187","Special Event Downtown MK5 - 2 Hour Max $2.50 HR 10am-10pm Mon-Sat (Mobile Pay) (NFC)","10am","10pm","2 hour","Mon-Sat","$2.50 HR","Y","",""
"Downtown","Marina","600 SECOND AVE","2-600W","32.711986079","-117.162963157","13188","Special Event Downtown MSPM PPD - 4 Hour Max $2.50 HR 10am-10pm Mon-Sat","10am","10pm","4 hour","Mon-Sat","$2.50 HR","","Y",""
"Downtown","Marina","600 THIRD AVE","3-601","32.711657000","-117.161871000","57187","Special Event Downtown MK5 - 2 Hour Max $2.50 HR 10am-10pm Mon-Sat (Mobile Pay) (NFC)","10am","10pm","2 hour","Mon-Sat","$2.50 HR","Y","",""
"Downtown","Marina","600 THIRD AVE","3-602","32.711733000","-117.162055000","57187","Special Event Downtown MK5 - 2 Hour Max $2.50 HR 10am-10pm Mon-Sat (Mobile Pay) (NFC)","10am","10pm","2 hour","Mon-Sat","$2.50 HR","Y","",""
"Downtown","Marina","600 THIRD AVE","3-603","32.711795000","-117.161874000","57187","Special Event Downtown MK5 - 2 Hour Max $2.50 HR 10am-10pm Mon-Sat (Mobile Pay) (NFC)","10am","10pm","2 hour","Mon-Sat","$2.50 HR","Y","",""
"Downtown","Marina","600 THIRD AVE","3-605","32.711854000","-117.161874000","57187","Special Event Downtown MK5 - 2 Hour Max $2.50 HR 10am-10pm Mon-Sat (Mobile Pay) (NFC)","10am","10pm","2 hour","Mon-Sat","$2.50 HR","Y","",""
"Downtown","Marina","600 THIRD AVE","3-608","32.711931000","-117.162058000","57187","Special Event Downtown MK5 - 2 Hour Max $2.50 HR 10am-10pm Mon-Sat (Mobile Pay) (NFC)","10am","10pm","2 hour","Mon-Sat","$2.50 HR","Y","",""
"Downtown","Marina","600 THIRD AVE","3-610","32.711990000","-117.162059000","57187","Special Event Downtown MK5 - 2 Hour Max $2.50 HR 10am-10pm Mon-Sat (Mobile Pay) (NFC)","10am","10pm","2 hour","Mon-Sat","$2.50 HR","Y","",""
"Downtown","Marina","600 THIRD AVE","3-611","32.712051000","-117.161878000","57187","Special Event Downtown MK5 - 2 Hour Max $2.50 HR 10am-10pm Mon-Sat (Mobile Pay) (NFC)","10am","10pm","2 hour","Mon-Sat","$2.50 HR","Y","",""
"Downtown","Marina","600 THIRD AVE","3-616","32.712128000","-117.162061000","57187","Special Event Downtown MK5 - 2 Hour Max $2.50 HR 10am-10pm Mon-Sat (Mobile Pay) (NFC)","10am","10pm","2 hour","Mon-Sat","$2.50 HR","Y","",""
"Downtown","Marina","600 THIRD AVE","3-617","32.712189000","-117.161880000","57187","Special Event Downtown MK5 - 2 Hour Max $2.50 HR 10am-10pm Mon-Sat (Mobile Pay) (NFC)","10am","10pm","2 hour","Mon-Sat","$2.50 HR","Y","",""
"Downtown","Marina","600 THIRD AVE","3-619","32.712249000","-117.161881000","57187","Special Event Downtown MK5 - 2 Hour Max $2.50 HR 10am-10pm Mon-Sat (Mobile Pay) (NFC)","10am","10pm","2 hour","Mon-Sat","$2.50 HR","Y","",""
"Downtown","Marina","600 THIRD AVE","3-621","32.712328000","-117.161882000","57187","Special Event Downtown MK5 - 2 Hour Max $2.50 HR 10am-10pm Mon-Sat (Mobile Pay) (NFC)","10am","10pm","2 hour","Mon-Sat","$2.50 HR","Y","",""
"Downtown","Marina","600 THIRD AVE","3-622","32.712385000","-117.162065000","57187","Special Event Downtown MK5 - 2 Hour Max $2.50 HR 10am-10pm Mon-Sat (Mobile Pay) (NFC)","10am","10pm","2 hour","Mon-Sat","$2.50 HR","Y","",""
"Downtown","Marina","600 THIRD AVE","3-623","32.712446000","-117.161884000","57187","Special Event Downtown MK5 - 2 Hour Max $2.50 HR 10am-10pm Mon-Sat (Mobile Pay) (NFC)","10am","10pm","2 hour","Mon-Sat","$2.50 HR","Y","",""
"Downtown","Marina","700 WEST E ST","WE-701","32.714587541","-117.169351056","57004","Downtown MK5 - 2 Hour Max $2.50 HR, 8am-8pm, Mon-Sat, Prepay, NFC","8am","8pm","2 hour","Mon-Sat","$2.50 HR","","",""
"Downtown","Marina","700 WEST E ST","WE-703","32.714596000","-117.158034000","57004","Downtown MK5 - 2 Hour Max $2.50 HR, 8am-8pm, Mon-Sat, Prepay, NFC","8am","8pm","2 hour","Mon-Sat","$2.50 HR","","",""
"Downtown","Marina","700 WEST E ST","WE-705","32.714597000","-117.157884000","57004","Downtown MK5 - 2 Hour Max $2.50 HR, 8am-8pm, Mon-Sat, Prepay, NFC","8am","8pm","2 hour","Mon-Sat","$2.50 HR","","",""
"Downtown","Marina","700 WEST E ST","WE-707","32.714598000","-117.157750000","57004","Downtown MK5 - 2 Hour Max $2.50 HR, 8am-8pm, Mon-Sat, Prepay, NFC","8am","8pm","2 hour","Mon-Sat","$2.50 HR","","",""
"Downtown","Marina","700 WEST E ST","WE-709","32.714599000","-117.157616000","57004","Downtown MK5 - 2 Hour Max $2.50 HR, 8am-8pm, Mon-Sat, Prepay, NFC","8am","8pm","2 hour","Mon-Sat","$2.50 HR","","",""
"Downtown","Marina","800 WEST F ST","WF-801","32.713503503","-117.170153618","57007","Downtown MK5 - 9 Hour Max $2.50 HR, 8am-8pm, Mon-Sat, Prepay, NFC","8am","8pm","9 hour","Mon-Sat","$2.50 HR","","",""
"Downtown","Marina","800 WEST F ST","WF-817","32.713520788","-117.170645859","57007","Downtown MK5 - 9 Hour Max $2.50 HR, 8am-8pm, Mon-Sat, Prepay, NFC","8am","8pm","9 hour","Mon-Sat","$2.50 HR","","",""
"Downtown","Marina","800 WEST F ST","WF-819","32.713528759","-117.170753438","57007","Downtown MK5 - 9 Hour Max $2.50 HR, 8am-8pm, Mon-Sat, Prepay, NFC","8am","8pm","9 hour","Mon-Sat","$2.50 HR","","",""
"Downtown","Marina","800 WEST F ST","WF-800N","32.713672000","-117.170502000","13177","Downtown MS1 PPD - 9 Hour Max $2.50 HR 8am-8pm Mon-Sat (NFC)","8am","8pm","9 hour","Mon-Sat","$2.50 HR","","",""
"Downtown","East Village","1500 F ST","F-1500S","32.713602469","-117.149898670","59138","Special Event East Village MS3 - 4 Hour MS3 $2.50 HR, 8am-8pm Mon-Sat, Prepay, NFC","8am","8pm","4 hour","Mon-Sat","$2.50 HR","","",""
"Downtown","East Village","1500 F ST","F-1510","32.713787000","-117.150011000","57676","Special Event Downtown MK5 - 2 Hour Max $2.50 HR 8:30am-8pm Mon-Fri 8am-8pm Sat NO PARKING 7am-8:30am Mon-Fri (NFC)","8:30am","8pm","2 hour","Mon-Fri","$2.50 HR","","","Y"
"Downtown","East Village","400 SIXTEENTH ST","16-400W","32.709914276","-117.149500697","57176","Special Event Downtown MSPM PBP - 2 Hour Max $2.50 HR 10am-10pm Mon-Sat (Mobile Pay) (NFC)","10am","10pm","2 hour","Mon-Sat","$2.50 HR","Y","Y",""
"Downtown","East Village","1500 J ST","J-1500S","32.709333134","-117.149917110","57176","Special Event Downtown MSPM PBP - 2 Hour Max $2.50 HR 10am-10pm Mon-Sat (Mobile Pay) (NFC)","10am","10pm","2 hour","Mon-Sat","$2.50 HR","Y","Y",""
"Downtown","East Village","1500 J ST","J-1500N","32.709589570","-117.149902358","60424","Special Event Downtown MSPM PPD - 2 Hour Max $2.50 HR 10am-10pm Mon-Sat (NFC)","10am","10pm","2 hour","Mon-Sat","$2.50 HR","","Y",""
"Downtown","East Village","1500 ISLAND AVE","SL-1504","32.710519394","-117.150135375","57187","Special Event Downtown MK5 - 2 Hour Max $2.50 HR 10am-10pm Mon-Sat (Mobile Pay) (NFC)","10am","10pm","2 hour","Mon-Sat","$2.50 HR","Y","",""
"Downtown","East Village","1500 ISLAND AVE","SL-1506","32.710520522","-117.150121964","57187","Special Event Downtown MK5 - 2 Hour Max $2.50 HR 10am-10pm Mon-Sat (Mobile Pay) (NFC)","10am","10pm","2 hour","Mon-Sat","$2.50 HR","Y","",""
"Downtown","East Village","1500 ISLAND AVE","SL-1508","32.710523343","-117.149980142","57187","Special Event Downtown MK5 - 2 Hour Max $2.50 HR 10am-10pm Mon-Sat (Mobile Pay) (NFC)","10am","10pm","2 hour","Mon-Sat","$2.50 HR","Y","",""
"Downtown","East Village","1500 ISLAND AVE","SL-1510","32.710510931","-117.149998918","57187","Special Event Downtown MK5 - 2 Hour Max $2.50 HR 10am-10pm Mon-Sat (Mobile Pay) (NFC)","10am","10pm","2 hour","Mon-Sat","$2.50 HR","Y","",""
"Downtown","East Village","1500 ISLAND AVE","SL-1512","32.710510367","-117.149933539","57187","Special Event Downtown MK5 - 2 Hour Max $2.50 HR 10am-10pm Mon-Sat (Mobile Pay) (NFC)","10am","10pm","2 hour","Mon-Sat","$2.50 HR","Y","",""
"Downtown","East Village","1500 ISLAND AVE","SL-1514","32.710524190","-117.149881571","57187","Special Event Downtown MK5 - 2 Hour Max $2.50 HR 10am-10pm Mon-Sat (Mobile Pay) (NFC)","10am","10pm","2 hour","Mon-Sat","$2.50 HR","Y","",""
"Downtown","East Village","1500 ISLAND AVE","SL-1518","32.710525318","-117.149867154","57187","Special Event Downtown MK5 - 2 Hour Max $2.50 HR 10am-10pm Mon-Sat (Mobile Pay) (NFC)","10am","10pm","2 hour","Mon-Sat","$2.50 HR","Y","",""
"Downtown","East Village","1500 ISLAND AVE","SL-1516","32.710525036","-117.149861790","57187","Special Event Downtown MK5 - 2 Hour Max $2.50 HR 10am-10pm Mon-Sat (Mobile Pay) (NFC)","10am","10pm","2 hour","Mon-Sat","$2.50 HR","Y","",""
"Downtown","East Village","1500 ISLAND AVE","SL-1520","32.710518830","-117.149770930","57187","Special Event Downtown MK5 - 2 Hour Max $2.50 HR 10am-10pm Mon-Sat (Mobile Pay) (NFC)","10am","10pm","2 hour","Mon-Sat","$2.50 HR","Y","",""
"Downtown","East Village","1500 ISLAND AVE","SL-1522","32.710518266","-117.149828933","57187","Special Event Downtown MK5 - 2 Hour Max $2.50 HR 10am-10pm Mon-Sat (Mobile Pay) (NFC)","10am","10pm","2 hour","Mon-Sat","$2.50 HR","Y","",""
"Downtown","East Village","1500 ISLAND AVE","SL-1524","32.710522215","-117.149732038","57187","Special Event Downtown MK5 - 2 Hour Max $2.50 HR 10am-10pm Mon-Sat (Mobile Pay) (NFC)","10am","10pm","2 hour","Mon-Sat","$2.50 HR","Y","",""
"Downtown","East Village","1500 ISLAND AVE","SL-1500S","32.710386240","-117.149989865","57175","Special Event Downtown MSPM PBP - 2 Hour Max $2.50 HR 8am-8pm Mon-Sat (NFC)","8am","8pm","2 hour","Mon-Sat","$2.50 HR","","Y",""
"Downtown","East Village","1500 ISLAND AVE","SL-1500","32.719187000","-117.144733000","13442","2 Hour Max $2.50 HR 10am-8pm Mon-Sat (Mobile Pay) (NFC)","10am","8pm","2 hour","Mon-Sat","$2.50 HR","Y","",""
"Downtown","East Village","1500 ISLAND AVE","SL-1502","32.719187000","-117.144733000","13442","2 Hour Max $2.50 HR 10am-8pm Mon-Sat (Mobile Pay) (NFC)","10am","8pm","2 hour","Mon-Sat","$2.50 HR","Y","",""
"Downtown","East Village","400 FIFTEENTH ST","15-408","32.709602829","-117.150444835","57187","Special Event Downtown MK5 - 2 Hour Max $2.50 HR 10am-10pm Mon-Sat (Mobile Pay) (NFC)","10am","10pm","2 hour","Mon-Sat","$2.50 HR","Y","",""
"Downtown","East Village","400 FIFTEENTH ST","15-410","32.709728367","-117.150432094","57187","Special Event Downtown MK5 - 2 Hour Max $2.50 HR 10am-10pm Mon-Sat (Mobile Pay) (NFC)","10am","10pm","2 hour","Mon-Sat","$2.50 HR","Y","",""
"Downtown","East Village","400 FIFTEENTH ST","15-412","32.709924150","-117.150443829","57187","Special Event Downtown MK5 - 2 Hour Max $2.50 HR 10am-10pm Mon-Sat (Mobile Pay) (NFC)","10am","10pm","2 hour","Mon-Sat","$2.50 HR","Y","",""
"Downtown","East Village","400 FIFTEENTH ST","15-414","32.709920765","-117.150442488","57187","Special Event Downtown MK5 - 2 Hour Max $2.50 HR 10am-10pm Mon-Sat (Mobile Pay) (NFC)","10am","10pm","2 hour","Mon-Sat","$2.50 HR","Y","",""
"Downtown","East Village","400 FIFTEENTH ST","15-416","32.710067742","-117.150424718","57187","Special Event Downtown MK5 - 2 Hour Max $2.50 HR 10am-10pm Mon-Sat (Mobile Pay) (NFC)","10am","10pm","2 hour","Mon-Sat","$2.50 HR","Y","",""
"Downtown","East Village","400 FIFTEENTH ST","15-418","32.710169019","-117.150443829","57187","Special Event Downtown MK5 - 2 Hour Max $2.50 HR 10am-10pm Mon-Sat (Mobile Pay) (NFC)","10am","10pm","2 hour","Mon-Sat","$2.50 HR","Y","",""
"Downtown","East Village","400 FIFTEENTH ST","15-420","32.710255907","-117.150450199","57187","Special Event Downtown MK5 - 2 Hour Max $2.50 HR 10am-10pm Mon-Sat (Mobile Pay) (NFC)","10am","10pm","2 hour","Mon-Sat","$2.50 HR","Y","",""
"Downtown","East Village","400 FIFTEENTH ST","15-400E","32.709971262","-117.150297984","57176","Special Event Downtown MSPM PBP - 2 Hour Max $2.50 HR 10am-10pm Mon-Sat (Mobile Pay) (NFC)","10am","10pm","2 hour","Mon-Sat","$2.50 HR","Y","Y",""
"Downtown","East Village","1400 J ST","J-1400N","32.709439207","-117.151213288","57176","Special Event Downtown MSPM PBP - 2 Hour Max $2.50 HR 10am-10pm Mon-Sat (Mobile Pay) (NFC)","10am","10pm","2 hour","Mon-Sat","$2.50 HR","Y","Y",""
"Downtown","East Village","1400 J ST","J-1400S","32.709343854","-117.151240445","57176","Special Event Downtown MSPM PBP - 2 Hour Max $2.50 HR 10am-10pm Mon-Sat (Mobile Pay) (NFC)","10am","10pm","2 hour","Mon-Sat","$2.50 HR","Y","Y",""
"Downtown","East Village","1300 ISLAND AVE","SL-1302","32.710522497","-117.152521871","57187","Special Event Downtown MK5 - 2 Hour Max $2.50 HR 10am-10pm Mon-Sat (Mobile Pay) (NFC)","10am","10pm","2 hour","Mon-Sat","$2.50 HR","Y","",""
"Downtown","East Village","1300 ISLAND AVE","SL-1304","32.710514598","-117.152526229","57187","Special Event Downtown MK5 - 2 Hour Max $2.50 HR 10am-10pm Mon-Sat (Mobile Pay) (NFC)","10am","10pm","2 hour","Mon-Sat","$2.50 HR","Y","",""
"Downtown","East Village","1300 ISLAND AVE","SL-1306","32.710519958","-117.152483314","57187","Special Event Downtown MK5 - 2 Hour Max $2.50 HR 10am-10pm Mon-Sat (Mobile Pay) (NFC)","10am","10pm","2 hour","Mon-Sat","$2.50 HR","Y","",""
"Downtown","East Village","1300 ISLAND AVE","SL-1308","32.710514316","-117.152365967","57187","Special Event Downtown MK5 - 2 Hour Max $2.50 HR 10am-10pm Mon-Sat (Mobile Pay) (NFC)","10am","10pm","2 hour","Mon-Sat","$2.50 HR","Y","",""
"Downtown","East Village","1300 ISLAND AVE","SL-1310","32.710518266","-117.152351550","57187","Special Event Downtown MK5 - 2 Hour Max $2.50 HR 10am-10pm Mon-Sat (Mobile Pay) (NFC)","10am","10pm","2 hour","Mon-Sat","$2.50 HR","Y","",""
"Downtown","East Village","1300 ISLAND AVE","SL-1312","32.710519112","-117.152355238","57187","Special Event Downtown MK5 - 2 Hour Max $2.50 HR 10am-10pm Mon-Sat (Mobile Pay) (NFC)","10am","10pm","2 hour","Mon-Sat","$2.50 HR","Y","",""
"Downtown","East Village","1300 ISLAND AVE","SL-1314","32.710500493","-117.152281142","57187","Special Event Downtown MK5 - 2 Hour Max $2.50 HR 10am-10pm Mon-Sat (Mobile Pay) (NFC)","10am","10pm","2 hour","Mon-Sat","$2.50 HR","Y","",""
"Downtown","East Village","1300 ISLAND AVE","SL-1316","32.710521087","-117.152265720","57187","Special Event Downtown MK5 - 2 Hour Max $2.50 HR 10am-10pm Mon-Sat (Mobile Pay) (NFC)","10am","10pm","2 hour","Mon-Sat","$2.50 HR","Y","",""
"Downtown","East Village","1300 ISLAND AVE","SL-1322","32.710516573","-117.152136638","57187","Special Event Downtown MK5 - 2 Hour Max $2.50 HR 10am-10pm Mon-Sat (Mobile Pay) (NFC)","10am","10pm","2 hour","Mon-Sat","$2.50 HR","Y","",""
"Downtown","East Village","1300 ISLAND AVE","SL-1303","32.710386240","-117.152472250","57187","Special Event Downtown MK5 - 2 Hour Max $2.50 HR 10am-10pm Mon-Sat (Mobile Pay) (NFC)","10am","10pm","2 hour","Mon-Sat","$2.50 HR","Y","",""
"Downtown","East Village","1300 ISLAND AVE","SL-1305","32.710395832","-117.152515500","57187","Special Event Downtown MK5 - 2 Hour Max $2.50 HR 10am-10pm Mon-Sat (Mobile Pay) (NFC)","10am","10pm","2 hour","Mon-Sat","$2.50 HR","Y","",""
"Downtown","East Village","1300 ISLAND AVE","SL-1307","32.710391318","-117.152487672","57187","Special Event Downtown MK5 - 2 Hour Max $2.50 HR 10am-10pm Mon-Sat (Mobile Pay) (NFC)","10am","10pm","2 hour","Mon-Sat","$2.50 HR","Y","",""
"Downtown","East Village","1300 ISLAND AVE","SL-1309","32.710399217","-117.152405194","57187","Special Event Downtown MK5 - 2 Hour Max $2.50 HR 10am-10pm Mon-Sat (Mobile Pay) (NFC)","10am","10pm","2 hour","Mon-Sat","$2.50 HR","Y","",""
"Downtown","East Village","1300 ISLAND AVE","SL-1311","32.710401474","-117.152356244","57187","Special Event Downtown MK5 - 2 Hour Max $2.50 HR 10am-10pm Mon-Sat (Mobile Pay) (NFC)","10am","10pm","2 hour","Mon-Sat","$2.50 HR","Y","",""
"Downtown","East Village","1300 ISLAND AVE","SL-1313","32.710397524","-117.152258008","57187","Special Event Downtown MK5 - 2 Hour Max $2.50 HR 10am-10pm Mon-Sat (Mobile Pay) (NFC)","10am","10pm","2 hour","Mon-Sat","$2.50 HR","Y","",""
"Downtown","East Village","300 THIRTEENTH ST","13-308","32.708648171","-117.152898386","57187","Special Event Downtown MK5 - 2 Hour Max $2.50 HR 10am-10pm Mon-Sat (Mobile Pay) (NFC)","10am","10pm","2 hour","Mon-Sat","$2.50 HR","Y","",""
"Downtown","East Village","300 THIRTEENTH ST","13-310","32.708714467","-117.152907103","57187","Special Event Downtown MK5 - 2 Hour Max $2.50 HR 10am-10pm Mon-Sat (Mobile Pay) (NFC)","10am","10pm","2 hour","Mon-Sat","$2.50 HR","Y","",""
"Downtown","East Village","300 THIRTEENTH ST","13-312","32.708772581","-117.152919173","57187","Special Event Downtown MK5 - 2 Hour Max $2.50 HR 10am-10pm Mon-Sat (Mobile Pay) (NFC)","10am","10pm","2 hour","Mon-Sat","$2.50 HR","Y","",""
"Downtown","East Village","300 THIRTEENTH ST","13-314","32.708719545","-117.152902409","57187","Special Event Downtown MK5 - 2 Hour Max $2.50 HR 10am-10pm Mon-Sat (Mobile Pay) (NFC)","10am","10pm","2 hour","Mon-Sat","$2.50 HR","Y","",""
"Downtown","East Village","300 THIRTEENTH ST","13-316","32.708806999","-117.152901068","57187","Special Event Downtown MK5 - 2 Hour Max $2.50 HR 10am-10pm Mon-Sat (Mobile Pay) (NFC)","10am","10pm","2 hour","Mon-Sat","$2.50 HR","Y","",""
"Downtown","East Village","300 THIRTEENTH ST","13-332","32.709102368","-117.152902744","57187","Special Event Downtown MK5 - 2 Hour Max $2.50 HR 10am-10pm Mon-Sat (Mobile Pay) (NFC)","10am","10pm","2 hour","Mon-Sat","$2.50 HR","Y","",""
"Downtown","East Village","300 THIRTEENTH ST","13-334","32.709144403","-117.152905762","57187","Special Event Downtown MK5 - 2 Hour Max $2.50 HR 10am-10pm Mon-Sat (Mobile Pay) (NFC)","10am","10pm","2 hour","Mon-Sat","$2.50 HR","Y","",""
"Downtown","East Village","300 THIRTEENTH ST","13-336","32.709207595","-117.152891345","57187","Special Event Downtown MK5 - 2 Hour Max $2.50 HR 10am-10pm Mon-Sat (Mobile Pay) (NFC)","10am","10pm","2 hour","Mon-Sat","$2.50 HR","Y","",""
"Downtown","East Village","300 THIRTEENTH ST","13-338","32.709248783","-117.152907773","57187","Special Event Downtown MK5 - 2 Hour Max $2.50 HR 10am-10pm Mon-Sat (Mobile Pay) (NFC)","10am","10pm","2 hour","Mon-Sat","$2.50 HR","Y","",""
"Downtown","East Village","300 THIRTEENTH ST","13-300E","32.708907712","-117.152776680","57176","Special Event Downtown MSPM PBP - 2 Hour Max $2.50 HR 10am-10pm Mon-Sat (Mobile Pay) (NFC)","10am","10pm","2 hour","Mon-Sat","$2.50 HR","Y","Y",""
"Downtown","East Village","1300 K ST","K-1300S","32.708275783","-117.152415923","57176","Special Event Downtown MSPM PBP - 2 Hour Max $2.50 HR 10am-10pm Mon-Sat (Mobile Pay) (NFC)","10am","10pm","2 hour","Mon-Sat","$2.50 HR","Y","Y",""
"Downtown","East Village","1300 K ST","K-1302","32.708433766","-117.152626477","57187","Special Event Downtown MK5 - 2 Hour Max $2.50 HR 10am-10pm Mon-Sat (Mobile Pay) (NFC)","10am","10pm","2 hour","Mon-Sat","$2.50 HR","Y","",""
"Downtown","East Village","1300 K ST","K-1304","32.708428406","-117.152617089","57187","Special Event Downtown MK5 - 2 Hour Max $2.50 HR 10am-10pm Mon-Sat (Mobile Pay) (NFC)","10am","10pm","2 hour","Mon-Sat","$2.50 HR","Y","",""
"Downtown","East Village","1300 K ST","K-1306","32.708430945","-117.152506113","57187","Special Event Downtown MK5 - 2 Hour Max $2.50 HR 10am-10pm Mon-Sat (Mobile Pay) (NFC)","10am","10pm","2 hour","Mon-Sat","$2.50 HR","Y","",""
"Downtown","East Village","1300 K ST","K-1308","32.708430945","-117.152491025","57187","Special Event Downtown MK5 - 2 Hour Max $2.50 HR 10am-10pm Mon-Sat (Mobile Pay) (NFC)","10am","10pm","2 hour","Mon-Sat","$2.50 HR","Y","",""
"Downtown","East Village","1300 K ST","K-1310","32.708428970","-117.152469232","57187","Special Event Downtown MK5 - 2 Hour Max $2.50 HR 10am-10pm Mon-Sat (Mobile Pay) (NFC)","10am","10pm","2 hour","Mon-Sat","$2.50 HR","Y","",""
"Downtown","East Village","1300 K ST","K-1312","32.708417685","-117.152380384","57187","Special Event Downtown MK5 - 2 Hour Max $2.50 HR 10am-10pm Mon-Sat (Mobile Pay) (NFC)","10am","10pm","2 hour","Mon-Sat","$2.50 HR","Y","",""
"Downtown","East Village","1300 K ST","K-1314","32.708439972","-117.152414247","57187","Special Event Downtown MK5 - 2 Hour Max $2.50 HR 10am-10pm Mon-Sat (Mobile Pay) (NFC)","10am","10pm","2 hour","Mon-Sat","$2.50 HR","Y","",""
"Downtown","East Village","1300 K ST","K-1316","32.708432355","-117.152373343","57187","Special Event Downtown MK5 - 2 Hour Max $2.50 HR 10am-10pm Mon-Sat (Mobile Pay) (NFC)","10am","10pm","2 hour","Mon-Sat","$2.50 HR","Y","",""
"Downtown","East Village","1300 K ST","K-1318","32.708426149","-117.152351886","57187","Special Event Downtown MK5 - 2 Hour Max $2.50 HR 10am-10pm Mon-Sat (Mobile Pay) (NFC)","10am","10pm","2 hour","Mon-Sat","$2.50 HR","Y","",""
"Downtown","East Village","1300 K ST","K-1320","32.708432637","-117.152305282","57187","Special Event Downtown MK5 - 2 Hour Max $2.50 HR 10am-10pm Mon-Sat (Mobile Pay) (NFC)","10am","10pm","2 hour","Mon-Sat","$2.50 HR","Y","",""
"Downtown","East Village","1300 K ST","K-1322","32.708426149","-117.152204029","57187","Special Event Downtown MK5 - 2 Hour Max $2.50 HR 10am-10pm Mon-Sat (Mobile Pay) (NFC)","10am","10pm","2 hour","Mon-Sat","$2.50 HR","Y","",""
"Downtown","East Village","1300 K ST","K-1324","32.708439408","-117.152193970","57187","Special Event Downtown MK5 - 2 Hour Max $2.50 HR 10am-10pm Mon-Sat (Mobile Pay) (NFC)","10am","10pm","2 hour","Mon-Sat","$2.50 HR","Y","",""
"Downtown","East Village","1400 ISLAND AVE","SL-1400N","32.710541680","-117.151312194","57176","Special Event Downtown MSPM PBP - 2 Hour Max $2.50 HR 10am-10pm Mon-Sat (Mobile Pay) (NFC)","10am","10pm","2 hour","Mon-Sat","$2.50 HR","Y","Y",""
"Downtown","East Village","1400 ISLAND AVE","SL-1400S","32.710420939","-117.151268944","57176","Special Event Downtown MSPM PBP - 2 Hour Max $2.50 HR 10am-10pm Mon-Sat (Mobile Pay) (NFC)","10am","10pm","2 hour","Mon-Sat","$2.50 HR","Y","Y",""
"Downtown","East Village","1400 ISLAND AVE","SL-1435","32.710404577","-117.150684557","57187","Special Event Downtown MK5 - 2 Hour Max $2.50 HR 10am-10pm Mon-Sat (Mobile Pay) (NFC)","10am","10pm","2 hour","Mon-Sat","$2.50 HR","Y","",""
"Downtown","East Village","1600 ISLAND AVE","SL-1604","32.710514598","-117.149176821","57187","Special Event Downtown MK5 - 2 Hour Max $2.50 HR 10am-10pm Mon-Sat (Mobile Pay) (NFC)","10am","10pm","2 hour","Mon-Sat","$2.50 HR","Y","",""
"Downtown","East Village","1600 ISLAND AVE","SL-1606","32.710509238","-117.149137258","57187","Special Event Downtown MK5 - 2 Hour Max $2.50 HR 10am-10pm Mon-Sat (Mobile Pay) (NFC)","10am","10pm","2 hour","Mon-Sat","$2.50 HR","Y","",""
"Downtown","East Village","1600 ISLAND AVE","SL-1612","32.710514598","-117.149009853","57187","Special Event Downtown MK5 - 2 Hour Max $2.50 HR 10am-10pm Mon-Sat (Mobile Pay) (NFC)","10am","10pm","2 hour","Mon-Sat","$2.50 HR","Y","",""
"Downtown","East Village","1600 ISLAND AVE","SL-1614","32.710511777","-117.148716151","57187","Special Event Downtown MK5 - 2 Hour Max $2.50 HR 10am-10pm Mon-Sat (Mobile Pay) (NFC)","10am","10pm","2 hour","Mon-Sat","$2.50 HR","Y","",""
"Downtown","East Village","1600 ISLAND AVE","SL-1600S","32.710402884","-117.149059139","57176","Special Event Downtown MSPM PBP - 2 Hour Max $2.50 HR 10am-10pm Mon-Sat (Mobile Pay) (NFC)","10am","10pm","2 hour","Mon-Sat","$2.50 HR","Y","Y",""
"Downtown","East Village","300 SIXTEENTH ST","16-300W","32.708836903","-117.149518467","57176","Special Event Downtown MSPM PBP - 2 Hour Max $2.50 HR 10am-10pm Mon-Sat (Mobile Pay) (NFC)","10am","10pm","2 hour","Mon-Sat","$2.50 HR","Y","Y",""
"Downtown","East Village","1500 K ST","K-1500N","32.708418532","-117.149908728","57176","Special Event Downtown MSPM PBP - 2 Hour Max $2.50 HR 10am-10pm Mon-Sat (Mobile Pay) (NFC)","10am","10pm","2 hour","Mon-Sat","$2.50 HR","Y","Y",""
"Downtown","East Village","1500 K ST","K-1503","32.708300891","-117.150087431","57187","Special Event Downtown MK5 - 2 Hour Max $2.50 HR 10am-10pm Mon-Sat (Mobile Pay) (NFC)","10am","10pm","2 hour","Mon-Sat","$2.50 HR","Y","",""
"Downtown","East Village","1500 K ST","K-1505","32.708322614","-117.150100842","57187","Special Event Downtown MK5 - 2 Hour Max $2.50 HR 10am-10pm Mon-Sat (Mobile Pay) (NFC)","10am","10pm","2 hour","Mon-Sat","$2.50 HR","Y","",""
"Downtown","East Village","1500 K ST","K-1515","32.708311329","-117.149758525","57187","Special Event Downtown MK5 - 2 Hour Max $2.50 HR 10am-10pm Mon-Sat (Mobile Pay) (NFC)","10am","10pm","2 hour","Mon-Sat","$2.50 HR","Y","",""
"Downtown","East Village","1500 K ST","K-1507","32.708323742","-117.149965390","57187","Special Event Downtown MK5 - 2 Hour Max $2.50 HR 10am-10pm Mon-Sat (Mobile Pay) (NFC)","10am","10pm","2 hour","Mon-Sat","$2.50 HR","Y","",""
"Downtown","East Village","1200 K ST","K-1202","32.708408094","-117.153208851","57187","Special Event Downtown MK5 - 2 Hour Max $2.50 HR 10am-10pm Mon-Sat (Mobile Pay) (NFC)","10am","10pm","2 hour","Mon-Sat","$2.50 HR","Y","",""
"Downtown","East Village","1400 K ST","K-1402","32.708435741","-117.151722237","57187","Special Event Downtown MK5 - 2 Hour Max $2.50 HR 10am-10pm Mon-Sat (Mobile Pay) (NFC)","10am","10pm","2 hour","Mon-Sat","$2.50 HR","Y","",""
"Downtown","East Village","1400 K ST","K-1404","32.708441947","-117.151560634","57187","Special Event Downtown MK5 - 2 Hour Max $2.50 HR 10am-10pm Mon-Sat (Mobile Pay) (NFC)","10am","10pm","2 hour","Mon-Sat","$2.50 HR","Y","",""
"Downtown","East Village","1400 K ST","K-1406","32.708462541","-117.151542529","57187","Special Event Downtown MK5 - 2 Hour Max $2.50 HR 10am-10pm Mon-Sat (Mobile Pay) (NFC)","10am","10pm","2 hour","Mon-Sat","$2.50 HR","Y","",""
"Downtown","East Village","1400 K ST","K-1408","32.708433766","-117.151530794","57187","Special Event Downtown MK5 - 2 Hour Max $2.50 HR 10am-10pm Mon-Sat (Mobile Pay) (NFC)","10am","10pm","2 hour","Mon-Sat","$2.50 HR","Y","",""
"Downtown","East Village","1400 K ST","K-1410","32.708444204","-117.151392661","57187","Special Event Downtown MK5 - 2 Hour Max $2.50 HR 10am-10pm Mon-Sat (Mobile Pay) (NFC)","10am","10pm","2 hour","Mon-Sat","$2.50 HR","Y","",""
"Downtown","East Village","1400 K ST","K-1412","32.708428124","-117.151316553","57187","Special Event Downtown MK5 - 2 Hour Max $2.50 HR 10am-10pm Mon-Sat (Mobile Pay) (NFC)","10am","10pm","2 hour","Mon-Sat","$2.50 HR","Y","",""
"Downtown","East Village","1400 K ST","K-1400S","32.719187000","-117.144733000","57176","Special Event Downtown MSPM PBP - 2 Hour Max $2.50 HR 10am-10pm Mon-Sat (Mobile Pay) (NFC)","10am","10pm","2 hour","Mon-Sat","$2.50 HR","Y","Y",""
"Downtown","East Village","1200 ISLAND AVE","SL-1209","32.710373263","-117.153349332","57187","Special Event Downtown MK5 - 2 Hour Max $2.50 HR 10am-10pm Mon-Sat (Mobile Pay) (NFC)","10am","10pm","2 hour","Mon-Sat","$2.50 HR","Y","",""
"Downtown","East Village","1200 J ST","J-1201","32.709346393","-117.153486460","57187","Special Event Downtown MK5 - 2 Hour Max $2.50 HR 10am-10pm Mon-Sat (Mobile Pay) (NFC)","10am","10pm","2 hour","Mon-Sat","$2.50 HR","Y","",""
"Downtown","East Village","1200 J ST","J-1203","32.709351471","-117.153463326","57187","Special Event Downtown MK5 - 2 Hour Max $2.50 HR 10am-10pm Mon-Sat (Mobile Pay) (NFC)","10am","10pm","2 hour","Mon-Sat","$2.50 HR","Y","",""
"Downtown","East Village","1200 J ST","J-1204","32.709477855","-117.153471037","57187","Special Event Downtown MK5 - 2 Hour Max $2.50 HR 10am-10pm Mon-Sat (Mobile Pay) (NFC)","10am","10pm","2 hour","Mon-Sat","$2.50 HR","Y","",""
"Downtown","East Village","1200 J ST","J-1206","32.709482087","-117.153490483","57187","Special Event Downtown MK5 - 2 Hour Max $2.50 HR 10am-10pm Mon-Sat (Mobile Pay) (NFC)","10am","10pm","2 hour","Mon-Sat","$2.50 HR","Y","",""
"Downtown","East Village","1200 J ST","J-1208","32.709477573","-117.153344303","57187","Special Event Downtown MK5 - 2 Hour Max $2.50 HR 10am-10pm Mon-Sat (Mobile Pay) (NFC)","10am","10pm","2 hour","Mon-Sat","$2.50 HR","Y","",""
"Downtown","East Village","1200 J ST","J-1212","32.709479830","-117.153105922","57187","Special Event Downtown MK5 - 2 Hour Max $2.50 HR 10am-10pm Mon-Sat (Mobile Pay) (NFC)","10am","10pm","2 hour","Mon-Sat","$2.50 HR","Y","",""
"Downtown","East Village","300 SEVENTH AVE","7-316","32.708902070","-117.158397920","57187","Special Event Downtown MK5 - 2 Hour Max $2.50 HR 10am-10pm Mon-Sat (Mobile Pay) (NFC)","10am","10pm","2 hour","Mon-Sat","$2.50 HR","Y","",""
"Downtown","East Village","1100 ISLAND AVE","SL-1111","32.710373828","-117.154151648","57185","Special Event Downtown MK5 - 2 Hour Max $2.50 HR 8am-8pm Mon-Sat (NFC)","8am","8pm","2 hour","Mon-Sat","$2.50 HR","","",""
"Downtown","East Village","1100 ISLAND AVE","SL-1104","32.710501339","-117.154357843","57185","Special Event Downtown MK5 - 2 Hour Max $2.50 HR 8am-8pm Mon-Sat (NFC)","8am","8pm","2 hour","Mon-Sat","$2.50 HR","","",""
"Downtown","East Village","1100 ISLAND AVE","SL-1106","32.710511777","-117.154294140","57185","Special Event Downtown MK5 - 2 Hour Max $2.50 HR 8am-8pm Mon-Sat (NFC)","8am","8pm","2 hour","Mon-Sat","$2.50 HR","","",""
"Downtown","East Village","1100 ISLAND AVE","SL-1105","32.710379470","-117.154354825","57185","Special Event Downtown MK5 - 2 Hour Max $2.50 HR 8am-8pm Mon-Sat (NFC)","8am","8pm","2 hour","Mon-Sat","$2.50 HR","","",""
"Downtown","East Village","1100 ISLAND AVE","SL-1107","32.710373263","-117.154322974","57185","Special Event Downtown MK5 - 2 Hour Max $2.50 HR 8am-8pm Mon-Sat (NFC)","8am","8pm","2 hour","Mon-Sat","$2.50 HR","","",""
"Downtown","East Village","1100 ISLAND AVE","SL-1109","32.710372699","-117.154263295","57185","Special Event Downtown MK5 - 2 Hour Max $2.50 HR 8am-8pm Mon-Sat (NFC)","8am","8pm","2 hour","Mon-Sat","$2.50 HR","","",""
"Downtown","East Village","400 ELEVENTH ST","11-400E","32.719187000","-117.144733000","59137","Special Event East Village MS3 - 2 Hour Max $2.50 HR,  8am-8pm, Mon-Sat, Prepay, NFC","8am","8pm","2 hour","Mon-Sat","$2.50 HR","","",""
"Downtown","East Village","100 FOURTEENTH ST","14-100E","32.706862107","-117.151830866","59139","Special Event East Village MS3 -  2 Hour Max $2.50 HR, 10am-10pm, Mon-Sat, Prepay, NFC","10am","10pm","2 hour","Mon-Sat","$2.50 HR","","",""
"Downtown","East Village","100 FOURTEENTH ST","14-100W","32.706832203","-117.152035720","59139","Special Event East Village MS3 -  2 Hour Max $2.50 HR, 10am-10pm, Mon-Sat, Prepay, NFC","10am","10pm","2 hour","Mon-Sat","$2.50 HR","","",""
"Downtown","East Village","500  FIFTHTEENTH ST","15-500E","32.711085295","-117.150290273","59139","Special Event East Village MS3 -  2 Hour Max $2.50 HR, 10am-10pm, Mon-Sat, Prepay, NFC","10am","10pm","2 hour","Mon-Sat","$2.50 HR","","",""
"Downtown","East Village","500  FIFTHTEENTH ST","15-500W","32.710793036","-117.150465622","59139","Special Event East Village MS3 -  2 Hour Max $2.50 HR, 10am-10pm, Mon-Sat, Prepay, NFC","10am","10pm","2 hour","Mon-Sat","$2.50 HR","","",""
"Downtown","East Village","500 SIXTHTEENTH ST","16-500E","32.711013923","-117.149380668","59139","Special Event East Village MS3 -  2 Hour Max $2.50 HR, 10am-10pm, Mon-Sat, Prepay, NFC","10am","10pm","2 hour","Mon-Sat","$2.50 HR","","",""
"Downtown","East Village","500 SIXTHTEENTH ST","16-500W","32.711033388","-117.149538584","59139","Special Event East Village MS3 -  2 Hour Max $2.50 HR, 10am-10pm, Mon-Sat, Prepay, NFC","10am","10pm","2 hour","Mon-Sat","$2.50 HR","","",""
"Downtown","East Village","300 SIXTH ST","6-300E","32.708872166","-117.159160338","59139","Special Event East Village MS3 -  2 Hour Max $2.50 HR, 10am-10pm, Mon-Sat, Prepay, NFC","10am","10pm","2 hour","Mon-Sat","$2.50 HR","","",""
"Downtown","East Village","400 SIXTH ST","6-400E","32.709798894","-117.159157320","59139","Special Event East Village MS3 -  2 Hour Max $2.50 HR, 10am-10pm, Mon-Sat, Prepay, NFC","10am","10pm","2 hour","Mon-Sat","$2.50 HR","","",""
"Downtown","East Village","400 SEVENTH ST","7-400W","32.709731753","-117.158385850","59139","Special Event East Village MS3 -  2 Hour Max $2.50 HR, 10am-10pm, Mon-Sat, Prepay, NFC","10am","10pm","2 hour","Mon-Sat","$2.50 HR","","",""
"Downtown","East Village","1100 J ST","J-1100N","32.709479548","-117.154202274","59137","Special Event East Village MS3 - 2 Hour Max $2.50 HR,  8am-8pm, Mon-Sat, Prepay, NFC","8am","8pm","2 hour","Mon-Sat","$2.50 HR","","",""
"Downtown","East Village","600 K ST","K-600S","32.708273808","-117.158772423","59139","Special Event East Village MS3 -  2 Hour Max $2.50 HR, 10am-10pm, Mon-Sat, Prepay, NFC","10am","10pm","2 hour","Mon-Sat","$2.50 HR","","",""
"Downtown","East Village","1400 F ST","F-1400N","32.719187000","-117.144733000","59140","Special Event East Village MS3 - 4 Hour Max $2.50 HR, 8:30am-8pm, Mon-Fri, 8-8 Sat Prepay, NFC  NO PARK TOW AWAY 7am – 8:30am Mon-Friday","8:30am","8pm","4 hour","Mon-Fri","$2.50 HR","","",""
"Downtown","East Village","1600 F ST","F-1600N","32.713751133","-117.148933075","59138","Special Event East Village MS3 - 4 Hour MS3 $2.50 HR, 8am-8pm Mon-Sat, Prepay, NFC","8am","8pm","4 hour","Mon-Sat","$2.50 HR","","",""
"Downtown","East Village","1600 F ST","F-1600S","32.713604161","-117.148969620","59138","Special Event East Village MS3 - 4 Hour MS3 $2.50 HR, 8am-8pm Mon-Sat, Prepay, NFC","8am","8pm","4 hour","Mon-Sat","$2.50 HR","","",""
"Downtown","East Village","1400 C ST","C-1400N","32.716875550","-117.151649623","60375","Downtown MS3 - 4 Hour Max $2.50 HR 8am-8pm, Mon-Sat, Prepay, NFC","8am","8pm","4 hour","Mon-Sat","$2.50 HR","","",""
"Downtown","East Village","1400 C ST","C-1400S","32.719187000","-117.144733000","60375","Downtown MS3 - 4 Hour Max $2.50 HR 8am-8pm, Mon-Sat, Prepay, NFC","8am","8pm","4 hour","Mon-Sat","$2.50 HR","","",""
"Downtown","East Village","1500 C ST","C-1500N","32.719187000","-117.144733000","60375","Downtown MS3 - 4 Hour Max $2.50 HR 8am-8pm, Mon-Sat, Prepay, NFC","8am","8pm","4 hour","Mon-Sat","$2.50 HR","","",""
"Downtown","East Village","1500 C ST","C-1500S","32.719187000","-117.144733000","60375","Downtown MS3 - 4 Hour Max $2.50 HR 8am-8pm, Mon-Sat, Prepay, NFC","8am","8pm","4 hour","Mon-Sat","$2.50 HR","","",""
"Downtown","East Village","1600 C ST","C-1600S","32.719187000","-117.144733000","60375","Downtown MS3 - 4 Hour Max $2.50 HR 8am-8pm, Mon-Sat, Prepay, NFC","8am","8pm","4 hour","Mon-Sat","$2.50 HR","","",""
"Downtown","East Village","1000 SEVENTEENTH ST","17-1000E","32.719187000","-117.144733000","60375","Downtown MS3 - 4 Hour Max $2.50 HR 8am-8pm, Mon-Sat, Prepay, NFC","8am","8pm","4 hour","Mon-Sat","$2.50 HR","","",""
"Downtown","East Village","1000 SEVENTEENTH ST","17-1000W","32.719187000","-117.144733000","60375","Downtown MS3 - 4 Hour Max $2.50 HR 8am-8pm, Mon-Sat, Prepay, NFC","8am","8pm","4 hour","Mon-Sat","$2.50 HR","","",""
"Downtown","East Village","1000 FOURTEENTH ST","14-1000W","32.719187000","-117.144733000","60375","Downtown MS3 - 4 Hour Max $2.50 HR 8am-8pm, Mon-Sat, Prepay, NFC","8am","8pm","4 hour","Mon-Sat","$2.50 HR","","",""
"Downtown","East Village","1000 FOURTEENTH ST","14-1000E","32.719187000","-117.144733000","60375","Downtown MS3 - 4 Hour Max $2.50 HR 8am-8pm, Mon-Sat, Prepay, NFC","8am","8pm","4 hour","Mon-Sat","$2.50 HR","","",""
"Downtown","East Village","700 SEVENTEENTH ST","17-700W","32.712708000","-117.150498000","59137","Special Event East Village MS3 - 2 Hour Max $2.50 HR,  8am-8pm, Mon-Sat, Prepay, NFC","8am","8pm","2 hour","Mon-Sat","$2.50 HR","","",""
"Downtown","East Village","700 SEVENTEENTH ST","17-707","32.713021350","-117.148509621","57185","Special Event Downtown MK5 - 2 Hour Max $2.50 HR 8am-8pm Mon-Sat (NFC)","8am","8pm","2 hour","Mon-Sat","$2.50 HR","","",""
"Downtown","East Village","700 SEVENTEENTH ST","17-715","32.713184402","-117.148498222","57185","Special Event Downtown MK5 - 2 Hour Max $2.50 HR 8am-8pm Mon-Sat (NFC)","8am","8pm","2 hour","Mon-Sat","$2.50 HR","","",""
"Downtown","East Village","700 SEVENTEENTH ST","17-717","32.713305704","-117.148525379","57185","Special Event Downtown MK5 - 2 Hour Max $2.50 HR 8am-8pm Mon-Sat (NFC)","8am","8pm","2 hour","Mon-Sat","$2.50 HR","","",""
"Downtown","East Village","700 SEVENTEENTH ST","17-721","32.713468191","-117.148491851","57185","Special Event Downtown MK5 - 2 Hour Max $2.50 HR 8am-8pm Mon-Sat (NFC)","8am","8pm","2 hour","Mon-Sat","$2.50 HR","","",""
"Downtown","East Village","600 ELEVENTH ST","11-600E","32.712124840","-117.154602929","59137","Special Event East Village MS3 - 2 Hour Max $2.50 HR,  8am-8pm, Mon-Sat, Prepay, NFC","8am","8pm","2 hour","Mon-Sat","$2.50 HR","","",""
"Downtown","East Village","600 ELEVENTH ST","11-600W","32.712021310","-117.154718935","59137","Special Event East Village MS3 - 2 Hour Max $2.50 HR,  8am-8pm, Mon-Sat, Prepay, NFC","8am","8pm","2 hour","Mon-Sat","$2.50 HR","","",""
"Downtown","East Village","100 Park Blvd","PB-100S","32.707031377","-117.155042141","13382","DOWNTOWN NO PARK MSPM PPD Ballpark Special Event","","","","","","","Y",""
"Downtown","East Village","200 PARK BLVD","PB-200S","32.707580092","-117.154485248","13382","DOWNTOWN NO PARK MSPM PPD Ballpark Special Event","","","","","","","Y",""
"Downtown","East Village","1100 IMPERIAL AVE","IMP-1200N","32.706369248","-117.154391035","13382","DOWNTOWN NO PARK MSPM PPD Ballpark Special Event","","","","","","","Y",""
"Downtown","East Village","1100 IMPERIAL AVE","IMP-1100N","32.706359374","-117.155113890","13382","DOWNTOWN NO PARK MSPM PPD Ballpark Special Event","","","","","","","Y",""
"Downtown","East Village","1000 ISLAND AVE","SL-1000N","32.710532000","-117.154792000","57173","Special Event Downtown MSPM PPD - 2 Hour Max $2.50 HR 8am-8pm Mon-Sat (NFC)","8am","8pm","2 hour","Mon-Sat","$2.50 HR","","Y",""
"Downtown","East Village","1000 ISLAND AVE","SL-1009","32.710369000","-117.155327000","57185","Special Event Downtown MK5 - 2 Hour Max $2.50 HR 8am-8pm Mon-Sat (NFC)","8am","8pm","2 hour","Mon-Sat","$2.50 HR","","",""
"Downtown","East Village","1000 ISLAND AVE","SL-1011","32.710371000","-117.155226000","57185","Special Event Downtown MK5 - 2 Hour Max $2.50 HR 8am-8pm Mon-Sat (NFC)","8am","8pm","2 hour","Mon-Sat","$2.50 HR","","",""
"Downtown","East Village","1000 ISLAND AVE","SL-1013","32.710374000","-117.155007000","57185","Special Event Downtown MK5 - 2 Hour Max $2.50 HR 8am-8pm Mon-Sat (NFC)","8am","8pm","2 hour","Mon-Sat","$2.50 HR","","",""
"Downtown","East Village","500 SEVENTH AVE","7-507","32.710580000","-117.158210000","57187","Special Event Downtown MK5 - 2 Hour Max $2.50 HR 10am-10pm Mon-Sat (Mobile Pay) (NFC)","10am","10pm","2 hour","Mon-Sat","$2.50 HR","Y","",""
"Downtown","East Village","500 SEVENTH AVE","7-509","32.710699000","-117.158213000","57187","Special Event Downtown MK5 - 2 Hour Max $2.50 HR 10am-10pm Mon-Sat (Mobile Pay) (NFC)","10am","10pm","2 hour","Mon-Sat","$2.50 HR","Y","",""
"Downtown","East Village","500 SEVENTH AVE","7-511","32.710798000","-117.158215000","57187","Special Event Downtown MK5 - 2 Hour Max $2.50 HR 10am-10pm Mon-Sat (Mobile Pay) (NFC)","10am","10pm","2 hour","Mon-Sat","$2.50 HR","Y","",""
"Downtown","East Village","500 SEVENTH AVE","7-513","32.710918000","-117.158218000","57187","Special Event Downtown MK5 - 2 Hour Max $2.50 HR 10am-10pm Mon-Sat (Mobile Pay) (NFC)","10am","10pm","2 hour","Mon-Sat","$2.50 HR","Y","",""
"Downtown","East Village","500 SEVENTH AVE","7-515","32.711049000","-117.158211000","57187","Special Event Downtown MK5 - 2 Hour Max $2.50 HR 10am-10pm Mon-Sat (Mobile Pay) (NFC)","10am","10pm","2 hour","Mon-Sat","$2.50 HR","Y","",""
"Downtown","East Village","500 SEVENTH AVE","7-517","32.711128000","-117.158226000","57187","Special Event Downtown MK5 - 2 Hour Max $2.50 HR 10am-10pm Mon-Sat (Mobile Pay) (NFC)","10am","10pm","2 hour","Mon-Sat","$2.50 HR","Y","",""
"Downtown","East Village","500 SEVENTH AVE","7-519","32.711017000","-117.158220000","57187","Special Event Downtown MK5 - 2 Hour Max $2.50 HR 10am-10pm Mon-Sat (Mobile Pay) (NFC)","10am","10pm","2 hour","Mon-Sat","$2.50 HR","Y","",""
"Downtown","East Village","500 SEVENTH AVE","7-521","32.711137000","-117.158222000","57187","Special Event Downtown MK5 - 2 Hour Max $2.50 HR 10am-10pm Mon-Sat (Mobile Pay) (NFC)","10am","10pm","2 hour","Mon-Sat","$2.50 HR","Y","",""
"Downtown","East Village","500 SIXTH AVE","6-503","32.710694863","-117.159091271","57187","Special Event Downtown MK5 - 2 Hour Max $2.50 HR 10am-10pm Mon-Sat (Mobile Pay) (NFC)","10am","10pm","2 hour","Mon-Sat","$2.50 HR","Y","",""
"Downtown","East Village","500 SIXTH AVE","6-505","32.710688939","-117.159099653","57187","Special Event Downtown MK5 - 2 Hour Max $2.50 HR 10am-10pm Mon-Sat (Mobile Pay) (NFC)","10am","10pm","2 hour","Mon-Sat","$2.50 HR","Y","",""
"Downtown","East Village","600 E ST","E-600","32.714742000","-117.159102000","8998","Special Event Downtown MK5 - 1 Hour Max $2.50 HR 10am-10pm Mon-Sat (Mobile Pay) (NFC)","10am","10pm","1 hour","Mon-Sat","$2.50 HR","Y","",""
"Downtown","East Village","600 E ST","E-602","32.714743000","-117.158984000","8998","Special Event Downtown MK5 - 1 Hour Max $2.50 HR 10am-10pm Mon-Sat (Mobile Pay) (NFC)","10am","10pm","1 hour","Mon-Sat","$2.50 HR","Y","",""
"Downtown","East Village","600 E ST","E-604","32.714744000","-117.158866000","8998","Special Event Downtown MK5 - 1 Hour Max $2.50 HR 10am-10pm Mon-Sat (Mobile Pay) (NFC)","10am","10pm","1 hour","Mon-Sat","$2.50 HR","Y","",""
"Downtown","East Village","600 E ST","E-606","32.714745000","-117.158731000","8998","Special Event Downtown MK5 - 1 Hour Max $2.50 HR 10am-10pm Mon-Sat (Mobile Pay) (NFC)","10am","10pm","1 hour","Mon-Sat","$2.50 HR","Y","",""
"Downtown","East Village","600 E ST","E-613","32.714592000","-117.158629000","8998","Special Event Downtown MK5 - 1 Hour Max $2.50 HR 10am-10pm Mon-Sat (Mobile Pay) (NFC)","10am","10pm","1 hour","Mon-Sat","$2.50 HR","Y","",""
"Downtown","East Village","600 E ST","E-615","32.714593000","-117.158511000","8998","Special Event Downtown MK5 - 1 Hour Max $2.50 HR 10am-10pm Mon-Sat (Mobile Pay) (NFC)","10am","10pm","1 hour","Mon-Sat","$2.50 HR","Y","",""
"Downtown","East Village","600 F ST","F-603","32.713559000","-117.158704000","57187","Special Event Downtown MK5 - 2 Hour Max $2.50 HR 10am-10pm Mon-Sat (Mobile Pay) (NFC)","10am","10pm","2 hour","Mon-Sat","$2.50 HR","Y","",""
"Downtown","East Village","600 F ST","F-613","32.713560000","-117.158537000","57187","Special Event Downtown MK5 - 2 Hour Max $2.50 HR 10am-10pm Mon-Sat (Mobile Pay) (NFC)","10am","10pm","2 hour","Mon-Sat","$2.50 HR","Y","",""
"Downtown","East Village","600 F ST","F-602","32.713797678","-117.158921621","57187","Special Event Downtown MK5 - 2 Hour Max $2.50 HR 10am-10pm Mon-Sat (Mobile Pay) (NFC)","10am","10pm","2 hour","Mon-Sat","$2.50 HR","Y","",""
"Downtown","East Village","600 F ST","F-604","32.713796268","-117.158902846","57187","Special Event Downtown MK5 - 2 Hour Max $2.50 HR 10am-10pm Mon-Sat (Mobile Pay) (NFC)","10am","10pm","2 hour","Mon-Sat","$2.50 HR","Y","",""
"Downtown","East Village","600 G ST","G-610","32.712639107","-117.158853225","57187","Special Event Downtown MK5 - 2 Hour Max $2.50 HR 10am-10pm Mon-Sat (Mobile Pay) (NFC)","10am","10pm","2 hour","Mon-Sat","$2.50 HR","Y","",""
"Downtown","East Village","600 G ST","G-603","32.712500000","-117.159113000","57187","Special Event Downtown MK5 - 2 Hour Max $2.50 HR 10am-10pm Mon-Sat (Mobile Pay) (NFC)","10am","10pm","2 hour","Mon-Sat","$2.50 HR","Y","",""
"Downtown","East Village","600 G ST","G-605","32.712501000","-117.159030000","57187","Special Event Downtown MK5 - 2 Hour Max $2.50 HR 10am-10pm Mon-Sat (Mobile Pay) (NFC)","10am","10pm","2 hour","Mon-Sat","$2.50 HR","Y","",""
"Downtown","East Village","600 G ST","G-606","32.712655000","-117.158949000","57187","Special Event Downtown MK5 - 2 Hour Max $2.50 HR 10am-10pm Mon-Sat (Mobile Pay) (NFC)","10am","10pm","2 hour","Mon-Sat","$2.50 HR","Y","",""
"Downtown","East Village","600 G ST","G-608","32.712641646","-117.158800251","57187","Special Event Downtown MK5 - 2 Hour Max $2.50 HR 10am-10pm Mon-Sat (Mobile Pay) (NFC)","10am","10pm","2 hour","Mon-Sat","$2.50 HR","Y","",""
"Downtown","East Village","600 ISLAND AVE","SL-609","32.710356000","-117.158650000","57187","Special Event Downtown MK5 - 2 Hour Max $2.50 HR 10am-10pm Mon-Sat (Mobile Pay) (NFC)","10am","10pm","2 hour","Mon-Sat","$2.50 HR","Y","",""
"Downtown","East Village","600 ISLAND AVE","SL-611","32.710354000","-117.158566000","57187","Special Event Downtown MK5 - 2 Hour Max $2.50 HR 10am-10pm Mon-Sat (Mobile Pay) (NFC)","10am","10pm","2 hour","Mon-Sat","$2.50 HR","Y","",""
"Downtown","East Village","600 ISLAND AVE","SL-613","32.710352000","-117.158498000","57187","Special Event Downtown MK5 - 2 Hour Max $2.50 HR 10am-10pm Mon-Sat (Mobile Pay) (NFC)","10am","10pm","2 hour","Mon-Sat","$2.50 HR","Y","",""
"Downtown","East Village","600 ISLAND AVE","SL-615","32.710350000","-117.158414000","57187","Special Event Downtown MK5 - 2 Hour Max $2.50 HR 10am-10pm Mon-Sat (Mobile Pay) (NFC)","10am","10pm","2 hour","Mon-Sat","$2.50 HR","Y","",""
"Downtown","East Village","600 J ST","J-600N","32.709409000","-117.158782000","60424","Special Event Downtown MSPM PPD - 2 Hour Max $2.50 HR 10am-10pm Mon-Sat (NFC)","10am","10pm","2 hour","Mon-Sat","$2.50 HR","","Y",""
"Downtown","East Village","600 J ST","J-600S","32.709312000","-117.158322000","60424","Special Event Downtown MSPM PPD - 2 Hour Max $2.50 HR 10am-10pm Mon-Sat (NFC)","10am","10pm","2 hour","Mon-Sat","$2.50 HR","","Y",""
"Downtown","East Village","600 SEVENTH AVE","7-620","32.712332000","-117.158424000","57187","Special Event Downtown MK5 - 2 Hour Max $2.50 HR 10am-10pm Mon-Sat (Mobile Pay) (NFC)","10am","10pm","2 hour","Mon-Sat","$2.50 HR","Y","",""
"Downtown","East Village","600 SEVENTH AVE","7-606","32.711679000","-117.158415000","57187","Special Event Downtown MK5 - 2 Hour Max $2.50 HR 10am-10pm Mon-Sat (Mobile Pay) (NFC)","10am","10pm","2 hour","Mon-Sat","$2.50 HR","Y","",""
"Downtown","East Village","600 SEVENTH AVE","7-608","32.711778000","-117.158416000","57187","Special Event Downtown MK5 - 2 Hour Max $2.50 HR 10am-10pm Mon-Sat (Mobile Pay) (NFC)","10am","10pm","2 hour","Mon-Sat","$2.50 HR","Y","",""
"Downtown","East Village","600 SEVENTH AVE","7-610","32.711897000","-117.158418000","57187","Special Event Downtown MK5 - 2 Hour Max $2.50 HR 10am-10pm Mon-Sat (Mobile Pay) (NFC)","10am","10pm","2 hour","Mon-Sat","$2.50 HR","Y","",""
"Downtown","East Village","600 SEVENTH AVE","7-615","32.711997000","-117.158237000","57187","Special Event Downtown MK5 - 2 Hour Max $2.50 HR 10am-10pm Mon-Sat (Mobile Pay) (NFC)","10am","10pm","2 hour","Mon-Sat","$2.50 HR","Y","",""
"Downtown","East Village","600 SEVENTH AVE","7-617","32.712096000","-117.158239000","57187","Special Event Downtown MK5 - 2 Hour Max $2.50 HR 10am-10pm Mon-Sat (Mobile Pay) (NFC)","10am","10pm","2 hour","Mon-Sat","$2.50 HR","Y","",""
"Downtown","East Village","600 SEVENTH AVE","7-618","32.712213000","-117.158422000","57187","Special Event Downtown MK5 - 2 Hour Max $2.50 HR 10am-10pm Mon-Sat (Mobile Pay) (NFC)","10am","10pm","2 hour","Mon-Sat","$2.50 HR","Y","",""
"Downtown","East Village","700 SEVENTH AVE","7-700","32.712695000","-117.158428000","57187","Special Event Downtown MK5 - 2 Hour Max $2.50 HR 10am-10pm Mon-Sat (Mobile Pay) (NFC)","10am","10pm","2 hour","Mon-Sat","$2.50 HR","Y","",""
"Downtown","East Village","700 SEVENTH AVE","7-702","32.712772000","-117.158428000","57187","Special Event Downtown MK5 - 2 Hour Max $2.50 HR 10am-10pm Mon-Sat (Mobile Pay) (NFC)","10am","10pm","2 hour","Mon-Sat","$2.50 HR","Y","",""
"Downtown","East Village","700 SEVENTH AVE","7-705","32.712749408","-117.158263809","57187","Special Event Downtown MK5 - 2 Hour Max $2.50 HR 10am-10pm Mon-Sat (Mobile Pay) (NFC)","10am","10pm","2 hour","Mon-Sat","$2.50 HR","Y","",""
"Downtown","East Village","700 SEVENTH AVE","7-707","32.712823318","-117.158274874","57187","Special Event Downtown MK5 - 2 Hour Max $2.50 HR 10am-10pm Mon-Sat (Mobile Pay) (NFC)","10am","10pm","2 hour","Mon-Sat","$2.50 HR","Y","",""
"Downtown","East Village","700 SEVENTH AVE","7-708","32.713024000","-117.158429000","57187","Special Event Downtown MK5 - 2 Hour Max $2.50 HR 10am-10pm Mon-Sat (Mobile Pay) (NFC)","10am","10pm","2 hour","Mon-Sat","$2.50 HR","Y","",""
"Downtown","East Village","700 SEVENTH AVE","7-720","32.713352000","-117.158430000","57187","Special Event Downtown MK5 - 2 Hour Max $2.50 HR 10am-10pm Mon-Sat (Mobile Pay) (NFC)","10am","10pm","2 hour","Mon-Sat","$2.50 HR","Y","",""
"Downtown","East Village","700 SEVENTH AVE","7-722","32.713468000","-117.158431000","57187","Special Event Downtown MK5 - 2 Hour Max $2.50 HR 10am-10pm Mon-Sat (Mobile Pay) (NFC)","10am","10pm","2 hour","Mon-Sat","$2.50 HR","Y","",""
"Downtown","East Village","700 SEVENTH AVE","7-724","32.713546000","-117.158431000","57187","Special Event Downtown MK5 - 2 Hour Max $2.50 HR 10am-10pm Mon-Sat (Mobile Pay) (NFC)","10am","10pm","2 hour","Mon-Sat","$2.50 HR","Y","",""
"Downtown","East Village","700 SEVENTH AVE","7-709","32.712883404","-117.158263809","57187","Special Event Downtown MK5 - 2 Hour Max $2.50 HR 10am-10pm Mon-Sat (Mobile Pay) (NFC)","10am","10pm","2 hour","Mon-Sat","$2.50 HR","Y","",""
"Downtown","East Village","700 SEVENTH AVE","7-711","32.712910204","-117.158258780","57187","Special Event Downtown MK5 - 2 Hour Max $2.50 HR 10am-10pm Mon-Sat (Mobile Pay) (NFC)","10am","10pm","2 hour","Mon-Sat","$2.50 HR","Y","",""
"Downtown","East Village","800 SEVENTH AVE","7-800","32.713745000","-117.158432000","57187","Special Event Downtown MK5 - 2 Hour Max $2.50 HR 10am-10pm Mon-Sat (Mobile Pay) (NFC)","10am","10pm","2 hour","Mon-Sat","$2.50 HR","Y","",""
"Downtown","East Village","800 SEVENTH AVE","7-810","32.714011000","-117.158434000","57187","Special Event Downtown MK5 - 2 Hour Max $2.50 HR 10am-10pm Mon-Sat (Mobile Pay) (NFC)","10am","10pm","2 hour","Mon-Sat","$2.50 HR","Y","",""
"Downtown","East Village","800 SEVENTH AVE","7-812","32.714106000","-117.158435000","57187","Special Event Downtown MK5 - 2 Hour Max $2.50 HR 10am-10pm Mon-Sat (Mobile Pay) (NFC)","10am","10pm","2 hour","Mon-Sat","$2.50 HR","Y","",""
"Downtown","East Village","800 SEVENTH AVE","7-814","32.714220000","-117.158436000","57187","Special Event Downtown MK5 - 2 Hour Max $2.50 HR 10am-10pm Mon-Sat (Mobile Pay) (NFC)","10am","10pm","2 hour","Mon-Sat","$2.50 HR","Y","",""
"Downtown","East Village","800 SEVENTH AVE","7-822","32.714486000","-117.158438000","57187","Special Event Downtown MK5 - 2 Hour Max $2.50 HR 10am-10pm Mon-Sat (Mobile Pay) (NFC)","10am","10pm","2 hour","Mon-Sat","$2.50 HR","Y","",""
"Downtown","East Village","800 SEVENTH AVE","7-824","32.714581000","-117.158438000","57187","Special Event Downtown MK5 - 2 Hour Max $2.50 HR 10am-10pm Mon-Sat (Mobile Pay) (NFC)","10am","10pm","2 hour","Mon-Sat","$2.50 HR","Y","",""
"Downtown","East Village","900 SEVENTH AVE","7-902","32.714895000","-117.158440000","8998","Special Event Downtown MK5 - 1 Hour Max $2.50 HR 10am-10pm Mon-Sat (Mobile Pay) (NFC)","10am","10pm","1 hour","Mon-Sat","$2.50 HR","Y","",""
"Downtown","East Village","900 SEVENTH AVE","7-904","32.715068000","-117.158440000","8998","Special Event Downtown MK5 - 1 Hour Max $2.50 HR 10am-10pm Mon-Sat (Mobile Pay) (NFC)","10am","10pm","1 hour","Mon-Sat","$2.50 HR","Y","",""
"Downtown","East Village","900 SEVENTH AVE","7-906","32.715241000","-117.158441000","8998","Special Event Downtown MK5 - 1 Hour Max $2.50 HR 10am-10pm Mon-Sat (Mobile Pay) (NFC)","10am","10pm","1 hour","Mon-Sat","$2.50 HR","Y","",""
"Downtown","East Village","900 SEVENTH AVE","7-908","32.715413000","-117.158442000","8998","Special Event Downtown MK5 - 1 Hour Max $2.50 HR 10am-10pm Mon-Sat (Mobile Pay) (NFC)","10am","10pm","1 hour","Mon-Sat","$2.50 HR","Y","",""
"Downtown","East Village","900 SEVENTH AVE","7-913","32.715606000","-117.157925000","8998","Special Event Downtown MK5 - 1 Hour Max $2.50 HR 10am-10pm Mon-Sat (Mobile Pay) (NFC)","10am","10pm","1 hour","Mon-Sat","$2.50 HR","Y","",""
"Downtown","East Village","900 SEVENTH AVE","7-915","32.715520000","-117.158207000","8998","Special Event Downtown MK5 - 1 Hour Max $2.50 HR 10am-10pm Mon-Sat (Mobile Pay) (NFC)","10am","10pm","1 hour","Mon-Sat","$2.50 HR","Y","",""
"Downtown","East Village","900 SEVENTH AVE","7-917","32.715620000","-117.158139000","8998","Special Event Downtown MK5 - 1 Hour Max $2.50 HR 10am-10pm Mon-Sat (Mobile Pay) (NFC)","10am","10pm","1 hour","Mon-Sat","$2.50 HR","Y","",""
"Downtown","East Village","900 SEVENTH AVE","7-919","32.715602000","-117.158105000","8998","Special Event Downtown MK5 - 1 Hour Max $2.50 HR 10am-10pm Mon-Sat (Mobile Pay) (NFC)","10am","10pm","1 hour","Mon-Sat","$2.50 HR","Y","",""
"Downtown","East Village","900 SEVENTH AVE","7-900E","32.715586000","-117.158261000","13775","Special Event Downtown MSPM PPD - 1 Hour Max $2.50 HR 10am-10pm Mon-Sat (Mobile Pay) (NFC)","10am","10pm","1 hour","Mon-Sat","$2.50 HR","Y","Y",""
"Downtown","East Village","1000 F ST","F-1000S","32.713619000","-117.155098000","57174","Special Event Downtown MSPM PPD - 4 Hour Max $2.50 HR 8am-8pm Mon-Sat (Mobile Pay) (NFC)","8am","8pm","4 hour","Mon-Sat","$2.50 HR","Y","Y",""
"Downtown","East Village","1000 F ST","F-1000N","32.713779000","-117.155114000","57677","Special Event Downtown MSPM PPD - 4 Hour Max $2.50 HR 8:30am-8pm Mon-Fri 8am-8pm Sat NO PARKING 7am-8:30am Mon-Fri (Mobile Pay) (NFC)","8:30am","8pm","4 hour","Mon-Fri","$2.50 HR","Y","Y","Y"
"Downtown","East Village","1100 F ST","F-1100N","32.713769000","-117.154140000","57677","Special Event Downtown MSPM PPD - 4 Hour Max $2.50 HR 8:30am-8pm Mon-Fri 8am-8pm Sat NO PARKING 7am-8:30am Mon-Fri (Mobile Pay) (NFC)","8:30am","8pm","4 hour","Mon-Fri","$2.50 HR","Y","Y","Y"
"Downtown","East Village","1100 F ST","F-1100S","32.713543000","-117.154383000","57174","Special Event Downtown MSPM PPD - 4 Hour Max $2.50 HR 8am-8pm Mon-Sat (Mobile Pay) (NFC)","8am","8pm","4 hour","Mon-Sat","$2.50 HR","Y","Y",""
"Downtown","East Village","1200 F ST","F-1200S","32.713718000","-117.154530000","57174","Special Event Downtown MSPM PPD - 4 Hour Max $2.50 HR 8am-8pm Mon-Sat (Mobile Pay) (NFC)","8am","8pm","4 hour","Mon-Sat","$2.50 HR","Y","Y",""
"Downtown","East Village","1200 F ST","F-1200N","32.713668000","-117.153248000","57677","Special Event Downtown MSPM PPD - 4 Hour Max $2.50 HR 8:30am-8pm Mon-Fri 8am-8pm Sat NO PARKING 7am-8:30am Mon-Fri (Mobile Pay) (NFC)","8:30am","8pm","4 hour","Mon-Fri","$2.50 HR","Y","Y","Y"
"Downtown","East Village","900 F ST","F-900N","32.713727000","-117.156070000","57677","Special Event Downtown MSPM PPD - 4 Hour Max $2.50 HR 8:30am-8pm Mon-Fri 8am-8pm Sat NO PARKING 7am-8:30am Mon-Fri (Mobile Pay) (NFC)","8:30am","8pm","4 hour","Mon-Fri","$2.50 HR","Y","Y","Y"
"Downtown","East Village","900 F ST","F-900S","32.713538000","-117.156057000","57174","Special Event Downtown MSPM PPD - 4 Hour Max $2.50 HR 8am-8pm Mon-Sat (Mobile Pay) (NFC)","8am","8pm","4 hour","Mon-Sat","$2.50 HR","Y","Y",""
"Downtown","East Village","400 EIGHTH AVE","8-410","32.709928000","-117.157406000","13383","DOWNTOWN NO PARK Single Space 2 hour meters Petco Special Event (Mobile Pay) (NFC)","","","2 hour","","","Y","",""
"Downtown","East Village","400 EIGHTH AVE","8-412","32.710048000","-117.157427000","13383","DOWNTOWN NO PARK Single Space 2 hour meters Petco Special Event (Mobile Pay) (NFC)","","","2 hour","","","Y","",""
"Downtown","East Village","400 EIGHTH AVE","8-414","32.710059969","-117.157494726","13383","DOWNTOWN NO PARK Single Space 2 hour meters Petco Special Event (Mobile Pay) (NFC)","","","2 hour","","","Y","",""
"Downtown","East Village","400 EIGHTH AVE","8-416","32.710145000","-117.157283000","13383","DOWNTOWN NO PARK Single Space 2 hour meters Petco Special Event (Mobile Pay) (NFC)","","","2 hour","","","Y","",""
"Downtown","East Village","400 EIGHTH AVE","8-418","32.710358000","-117.157463000","13383","DOWNTOWN NO PARK Single Space 2 hour meters Petco Special Event (Mobile Pay) (NFC)","","","2 hour","","","Y","",""
"Downtown","East Village","400 EIGHTH AVE","8-400E","32.709964000","-117.157449000","13183","Special Event Downtown MS1 - 1 Hour Max $2.50 HR 8am-8pm Mon-Sat (NFC)","8am","8pm","1 hour","Mon-Sat","$2.50 HR","","",""
"Downtown","East Village","700 G ST","G-700","32.712663000","-117.158124000","57185","Special Event Downtown MK5 - 2 Hour Max $2.50 HR 8am-8pm Mon-Sat (NFC)","8am","8pm","2 hour","Mon-Sat","$2.50 HR","","",""
"Downtown","East Village","700 G ST","G-702","32.712670181","-117.158124000","57185","Special Event Downtown MK5 - 2 Hour Max $2.50 HR 8am-8pm Mon-Sat (NFC)","8am","8pm","2 hour","Mon-Sat","$2.50 HR","","",""
"Downtown","East Village","700 G ST","G-704","32.712659000","-117.157966000","57185","Special Event Downtown MK5 - 2 Hour Max $2.50 HR 8am-8pm Mon-Sat (NFC)","8am","8pm","2 hour","Mon-Sat","$2.50 HR","","",""
"Downtown","East Village","700 G ST","G-709","32.712511000","-117.157955000","57185","Special Event Downtown MK5 - 2 Hour Max $2.50 HR 8am-8pm Mon-Sat (NFC)","8am","8pm","2 hour","Mon-Sat","$2.50 HR","","",""
"Downtown","East Village","700 G ST","G-711","32.712511000","-117.157872000","57185","Special Event Downtown MK5 - 2 Hour Max $2.50 HR 8am-8pm Mon-Sat (NFC)","8am","8pm","2 hour","Mon-Sat","$2.50 HR","","",""
"Downtown","East Village","700 G ST","G-712","32.712666989","-117.158116624","57185","Special Event Downtown MK5 - 2 Hour Max $2.50 HR 8am-8pm Mon-Sat (NFC)","8am","8pm","2 hour","Mon-Sat","$2.50 HR","","",""
"Downtown","East Village","700 G ST","G-713","32.712509000","-117.158206000","57185","Special Event Downtown MK5 - 2 Hour Max $2.50 HR 8am-8pm Mon-Sat (NFC)","8am","8pm","2 hour","Mon-Sat","$2.50 HR","","",""
"Downtown","East Village","800 G ST","G-801","32.712516000","-117.157295000","57185","Special Event Downtown MK5 - 2 Hour Max $2.50 HR 8am-8pm Mon-Sat (NFC)","8am","8pm","2 hour","Mon-Sat","$2.50 HR","","",""
"Downtown","East Village","800 G ST","G-803","32.712517000","-117.157194000","57185","Special Event Downtown MK5 - 2 Hour Max $2.50 HR 8am-8pm Mon-Sat (NFC)","8am","8pm","2 hour","Mon-Sat","$2.50 HR","","",""
"Downtown","East Village","800 G ST","G-805","32.712518000","-117.157110000","57185","Special Event Downtown MK5 - 2 Hour Max $2.50 HR 8am-8pm Mon-Sat (NFC)","8am","8pm","2 hour","Mon-Sat","$2.50 HR","","",""
"Downtown","East Village","800 G ST","G-808","32.712673000","-117.157011000","57185","Special Event Downtown MK5 - 2 Hour Max $2.50 HR 8am-8pm Mon-Sat (NFC)","8am","8pm","2 hour","Mon-Sat","$2.50 HR","","",""
"Downtown","East Village","800 G ST","G-814","32.712674000","-117.156910000","57185","Special Event Downtown MK5 - 2 Hour Max $2.50 HR 8am-8pm Mon-Sat (NFC)","8am","8pm","2 hour","Mon-Sat","$2.50 HR","","",""
"Downtown","East Village","800 G ST","G-815","32.712521000","-117.156823000","57185","Special Event Downtown MK5 - 2 Hour Max $2.50 HR 8am-8pm Mon-Sat (NFC)","8am","8pm","2 hour","Mon-Sat","$2.50 HR","","",""
"Downtown","East Village","800 G ST","G-813","32.712475000","-117.156805000","57185","Special Event Downtown MK5 - 2 Hour Max $2.50 HR 8am-8pm Mon-Sat (NFC)","8am","8pm","2 hour","Mon-Sat","$2.50 HR","","",""
"Downtown","East Village","900 G ST","G-901","32.712555888","-117.156249806","57185","Special Event Downtown MK5 - 2 Hour Max $2.50 HR 8am-8pm Mon-Sat (NFC)","8am","8pm","2 hour","Mon-Sat","$2.50 HR","","",""
"Downtown","East Village","900 G ST","G-903","32.712555888","-117.156248129","57185","Special Event Downtown MK5 - 2 Hour Max $2.50 HR 8am-8pm Mon-Sat (NFC)","8am","8pm","2 hour","Mon-Sat","$2.50 HR","","",""
"Downtown","East Village","900 G ST","G-907","32.712548836","-117.156088873","57185","Special Event Downtown MK5 - 2 Hour Max $2.50 HR 8am-8pm Mon-Sat (NFC)","8am","8pm","2 hour","Mon-Sat","$2.50 HR","","",""
"Downtown","East Village","900 G ST","G-905","32.712549118","-117.156093232","57185","Special Event Downtown MK5 - 2 Hour Max $2.50 HR 8am-8pm Mon-Sat (NFC)","8am","8pm","2 hour","Mon-Sat","$2.50 HR","","",""
"Downtown","East Village","900 G ST","G-911","32.712558991","-117.155928611","57185","Special Event Downtown MK5 - 2 Hour Max $2.50 HR 8am-8pm Mon-Sat (NFC)","8am","8pm","2 hour","Mon-Sat","$2.50 HR","","",""
"Downtown","East Village","900 G ST","G-909","32.712544604","-117.155946381","57185","Special Event Downtown MK5 - 2 Hour Max $2.50 HR 8am-8pm Mon-Sat (NFC)","8am","8pm","2 hour","Mon-Sat","$2.50 HR","","",""
"Downtown","East Village","900 G ST","G-908","32.712680000","-117.156076000","57183","Special Event Downtown MK5 - 4 Hour Max $2.50 HR 8am-8pm Mon-Sat (Mobile Pay) (NFC)","8am","8pm","4 hour","Mon-Sat","$2.50 HR","Y","",""
"Downtown","East Village","900 G ST","G-910","32.712680000","-117.155959000","57183","Special Event Downtown MK5 - 4 Hour Max $2.50 HR 8am-8pm Mon-Sat (Mobile Pay) (NFC)","8am","8pm","4 hour","Mon-Sat","$2.50 HR","Y","",""
"Downtown","East Village","900 G ST","G-904","32.712679000","-117.156295000","57183","Special Event Downtown MK5 - 4 Hour Max $2.50 HR 8am-8pm Mon-Sat (Mobile Pay) (NFC)","8am","8pm","4 hour","Mon-Sat","$2.50 HR","Y","",""
"Downtown","East Village","900 G ST","G-906","32.712679000","-117.156178000","57183","Special Event Downtown MK5 - 4 Hour Max $2.50 HR 8am-8pm Mon-Sat (Mobile Pay) (NFC)","8am","8pm","4 hour","Mon-Sat","$2.50 HR","Y","",""
"Downtown","East Village","900 G ST","G-912","32.712681000","-117.155841000","57183","Special Event Downtown MK5 - 4 Hour Max $2.50 HR 8am-8pm Mon-Sat (Mobile Pay) (NFC)","8am","8pm","4 hour","Mon-Sat","$2.50 HR","Y","",""
"Downtown","East Village","900 G ST","G-914","32.712681000","-117.155740000","57183","Special Event Downtown MK5 - 4 Hour Max $2.50 HR 8am-8pm Mon-Sat (Mobile Pay) (NFC)","8am","8pm","4 hour","Mon-Sat","$2.50 HR","Y","",""
"Downtown","East Village","700 MARKET ST","H-700","32.711586000","-117.158159000","57185","Special Event Downtown MK5 - 2 Hour Max $2.50 HR 8am-8pm Mon-Sat (NFC)","8am","8pm","2 hour","Mon-Sat","$2.50 HR","","",""
"Downtown","East Village","700 MARKET ST","H-702","32.711586000","-117.158041000","57185","Special Event Downtown MK5 - 2 Hour Max $2.50 HR 8am-8pm Mon-Sat (NFC)","8am","8pm","2 hour","Mon-Sat","$2.50 HR","","",""
"Downtown","East Village","700 MARKET ST","H-704","32.711587000","-117.157923000","57185","Special Event Downtown MK5 - 2 Hour Max $2.50 HR 8am-8pm Mon-Sat (NFC)","8am","8pm","2 hour","Mon-Sat","$2.50 HR","","",""
"Downtown","East Village","800 MARKET ST","H-805","32.711438000","-117.157158000","57185","Special Event Downtown MK5 - 2 Hour Max $2.50 HR 8am-8pm Mon-Sat (NFC)","8am","8pm","2 hour","Mon-Sat","$2.50 HR","","",""
"Downtown","East Village","800 MARKET ST","H-807","32.711439000","-117.157090000","57185","Special Event Downtown MK5 - 2 Hour Max $2.50 HR 8am-8pm Mon-Sat (NFC)","8am","8pm","2 hour","Mon-Sat","$2.50 HR","","",""
"Downtown","East Village","800 MARKET ST","H-808","32.711593000","-117.157007000","57185","Special Event Downtown MK5 - 2 Hour Max $2.50 HR 8am-8pm Mon-Sat (NFC)","8am","8pm","2 hour","Mon-Sat","$2.50 HR","","",""
"Downtown","East Village","800 MARKET ST","H-809","32.711439000","-117.156939000","57185","Special Event Downtown MK5 - 2 Hour Max $2.50 HR 8am-8pm Mon-Sat (NFC)","8am","8pm","2 hour","Mon-Sat","$2.50 HR","","",""
"Downtown","East Village","800 MARKET ST","H-810","32.711593000","-117.156873000","57185","Special Event Downtown MK5 - 2 Hour Max $2.50 HR 8am-8pm Mon-Sat (NFC)","8am","8pm","2 hour","Mon-Sat","$2.50 HR","","",""
"Downtown","East Village","800 MARKET ST","H-811","32.711440000","-117.156805000","57185","Special Event Downtown MK5 - 2 Hour Max $2.50 HR 8am-8pm Mon-Sat (NFC)","8am","8pm","2 hour","Mon-Sat","$2.50 HR","","",""
"Downtown","East Village","800 MARKET ST","H-812","32.711594000","-117.156722000","57185","Special Event Downtown MK5 - 2 Hour Max $2.50 HR 8am-8pm Mon-Sat (NFC)","8am","8pm","2 hour","Mon-Sat","$2.50 HR","","",""
"Downtown","East Village","800 MARKET ST","H-813","32.711440000","-117.156671000","57185","Special Event Downtown MK5 - 2 Hour Max $2.50 HR 8am-8pm Mon-Sat (NFC)","8am","8pm","2 hour","Mon-Sat","$2.50 HR","","",""
"Downtown","East Village","800 MARKET ST","H-814","32.711595000","-117.156588000","57185","Special Event Downtown MK5 - 2 Hour Max $2.50 HR 8am-8pm Mon-Sat (NFC)","8am","8pm","2 hour","Mon-Sat","$2.50 HR","","",""
"Downtown","East Village","900 MARKET ST","H-900","32.711596000","-117.156329000","57185","Special Event Downtown MK5 - 2 Hour Max $2.50 HR 8am-8pm Mon-Sat (NFC)","8am","8pm","2 hour","Mon-Sat","$2.50 HR","","",""
"Downtown","East Village","900 MARKET ST","H-908","32.711597000","-117.156212000","57185","Special Event Downtown MK5 - 2 Hour Max $2.50 HR 8am-8pm Mon-Sat (NFC)","8am","8pm","2 hour","Mon-Sat","$2.50 HR","","",""
"Downtown","East Village","900 MARKET ST","H-910","32.711598000","-117.156094000","57185","Special Event Downtown MK5 - 2 Hour Max $2.50 HR 8am-8pm Mon-Sat (NFC)","8am","8pm","2 hour","Mon-Sat","$2.50 HR","","",""
"Downtown","East Village","900 MARKET ST","H-912","32.711599000","-117.155960000","57185","Special Event Downtown MK5 - 2 Hour Max $2.50 HR 8am-8pm Mon-Sat (NFC)","8am","8pm","2 hour","Mon-Sat","$2.50 HR","","",""
"Downtown","East Village","900 MARKET ST","H-914","32.711600000","-117.155843000","57185","Special Event Downtown MK5 - 2 Hour Max $2.50 HR 8am-8pm Mon-Sat (NFC)","8am","8pm","2 hour","Mon-Sat","$2.50 HR","","",""
"Downtown","East Village","900 MARKET ST","H-916","32.711601000","-117.155725000","57185","Special Event Downtown MK5 - 2 Hour Max $2.50 HR 8am-8pm Mon-Sat (NFC)","8am","8pm","2 hour","Mon-Sat","$2.50 HR","","",""
"Downtown","East Village","700 J ST","J-710","32.709477000","-117.158099000","13383","DOWNTOWN NO PARK Single Space 2 hour meters Petco Special Event (Mobile Pay) (NFC)","","","2 hour","","","Y","",""
"Downtown","East Village","700 J ST","J-712","32.709477000","-117.157928000","13383","DOWNTOWN NO PARK Single Space 2 hour meters Petco Special Event (Mobile Pay) (NFC)","","","2 hour","","","Y","",""
"Downtown","East Village","700 J ST","J-714","32.709477000","-117.157758000","13383","DOWNTOWN NO PARK Single Space 2 hour meters Petco Special Event (Mobile Pay) (NFC)","","","2 hour","","","Y","",""
"Downtown","East Village","900 J ST","J-902","32.709612000","-117.156306000","13384","DOWNTOWN NO PARK Single Space 30 min meters Petco Special Event Parking (Sensor Courtesy)","","","30 min","","","","",""
"Downtown","East Village","900 J ST","J-900N","32.709562000","-117.155886000","13382","DOWNTOWN NO PARK MSPM PPD Ballpark Special Event","","","","","","","Y",""
"Downtown","East Village","600 MARKET ST","H-614","32.711584000","-117.158731000","57187","Special Event Downtown MK5 - 2 Hour Max $2.50 HR 10am-10pm Mon-Sat (Mobile Pay) (NFC)","10am","10pm","2 hour","Mon-Sat","$2.50 HR","Y","",""
"Downtown","East Village","300 ELEVENTH AVE","11-300W","32.708909000","-117.154527000","57172","Special Event Downtown MSPM PPD - 2 Hour Max $2.50 HR 8am-8pm Mon-Sat (NFC)","8am","8pm","2 hour","Mon-Sat","$2.50 HR","","Y",""
"Downtown","East Village","300 ELEVENTH AVE","11-400W","32.709870000","-117.154542000","57173","Special Event Downtown MSPM PPD - 2 Hour Max $2.50 HR 8am-8pm Mon-Sat (NFC)","8am","8pm","2 hour","Mon-Sat","$2.50 HR","","Y",""
"Downtown","East Village","300 ELEVENTH AVE","11-500W","32.710874000","-117.154637000","57173","Special Event Downtown MSPM PPD - 2 Hour Max $2.50 HR 8am-8pm Mon-Sat (NFC)","8am","8pm","2 hour","Mon-Sat","$2.50 HR","","Y",""
"Downtown","East Village","1300 F ST","F-1300N","32.713746000","-117.152343000","57678","Special Event Downtown MSPM PPD - 9 Hour Max $2.50 HR 8:30am-8pm Mon-Fri 8am-8pm Sat NO PARKING 7am-8:30am Mon-Fri (NFC)","8:30am","8pm","9 hour","Mon-Fri","$2.50 HR","","Y","Y"
"Downtown","East Village","800 J ST","J-800N","32.709533000","-117.156876000","13382","DOWNTOWN NO PARK MSPM PPD Ballpark Special Event","","","","","","","Y",""
"Downtown","East Village","Hospitality Zone","H-613","32.711412000","-117.158718000","57187","Special Event Downtown MK5 - 2 Hour Max $2.50 HR 10am-10pm Mon-Sat (Mobile Pay) (NFC)","10am","10pm","2 hour","Mon-Sat","$2.50 HR","Y","",""
"Downtown","East Village","Hospitality Zone","H-615","32.711393352","-117.158713415","57187","Special Event Downtown MK5 - 2 Hour Max $2.50 HR 10am-10pm Mon-Sat (Mobile Pay) (NFC)","10am","10pm","2 hour","Mon-Sat","$2.50 HR","Y","",""
"Downtown","East Village","700 F ST","F-703","32.713561000","-117.158127000","57185","Special Event Downtown MK5 - 2 Hour Max $2.50 HR 8am-8pm Mon-Sat (NFC)","8am","8pm","2 hour","Mon-Sat","$2.50 HR","","",""
"Downtown","East Village","700 F ST","F-705","32.713562000","-117.158044000","57185","Special Event Downtown MK5 - 2 Hour Max $2.50 HR 8am-8pm Mon-Sat (NFC)","8am","8pm","2 hour","Mon-Sat","$2.50 HR","","",""
"Downtown","East Village","700 F ST","F-707","32.713562000","-117.157960000","57185","Special Event Downtown MK5 - 2 Hour Max $2.50 HR 8am-8pm Mon-Sat (NFC)","8am","8pm","2 hour","Mon-Sat","$2.50 HR","","",""
"Downtown","East Village","700 F ST","F-709","32.713562000","-117.157876000","57185","Special Event Downtown MK5 - 2 Hour Max $2.50 HR 8am-8pm Mon-Sat (NFC)","8am","8pm","2 hour","Mon-Sat","$2.50 HR","","",""
"Downtown","East Village","700 F ST","F-711","32.713563000","-117.157793000","57185","Special Event Downtown MK5 - 2 Hour Max $2.50 HR 8am-8pm Mon-Sat (NFC)","8am","8pm","2 hour","Mon-Sat","$2.50 HR","","",""
"Downtown","East Village","700 F ST","F-713","32.713563000","-117.157709000","57676","Special Event Downtown MK5 - 2 Hour Max $2.50 HR 8:30am-8pm Mon-Fri 8am-8pm Sat NO PARKING 7am-8:30am Mon-Fri (NFC)","8:30am","8pm","2 hour","Mon-Fri","$2.50 HR","","","Y"
"Downtown","East Village","700 F ST","F-714","32.713717000","-117.157627000","57676","Special Event Downtown MK5 - 2 Hour Max $2.50 HR 8:30am-8pm Mon-Fri 8am-8pm Sat NO PARKING 7am-8:30am Mon-Fri (NFC)","8:30am","8pm","2 hour","Mon-Fri","$2.50 HR","","","Y"
"Downtown","East Village","700 F ST","F-715","32.713561000","-117.157641000","57676","Special Event Downtown MK5 - 2 Hour Max $2.50 HR 8:30am-8pm Mon-Fri 8am-8pm Sat NO PARKING 7am-8:30am Mon-Fri (NFC)","8:30am","8pm","2 hour","Mon-Fri","$2.50 HR","","","Y"
"Downtown","East Village","700 F ST","F-716","32.713718000","-117.157543000","57676","Special Event Downtown MK5 - 2 Hour Max $2.50 HR 8:30am-8pm Mon-Fri 8am-8pm Sat NO PARKING 7am-8:30am Mon-Fri (NFC)","8:30am","8pm","2 hour","Mon-Fri","$2.50 HR","","","Y"
"Downtown","East Village","800 F ST","F-800","32.713719000","-117.157335000","57676","Special Event Downtown MK5 - 2 Hour Max $2.50 HR 8:30am-8pm Mon-Fri 8am-8pm Sat NO PARKING 7am-8:30am Mon-Fri (NFC)","8:30am","8pm","2 hour","Mon-Fri","$2.50 HR","","","Y"
"Downtown","East Village","800 F ST","F-802","32.713719000","-117.157268000","57676","Special Event Downtown MK5 - 2 Hour Max $2.50 HR 8:30am-8pm Mon-Fri 8am-8pm Sat NO PARKING 7am-8:30am Mon-Fri (NFC)","8:30am","8pm","2 hour","Mon-Fri","$2.50 HR","","","Y"
"Downtown","East Village","800 F ST","F-804","32.713719000","-117.157218000","57676","Special Event Downtown MK5 - 2 Hour Max $2.50 HR 8:30am-8pm Mon-Fri 8am-8pm Sat NO PARKING 7am-8:30am Mon-Fri (NFC)","8:30am","8pm","2 hour","Mon-Fri","$2.50 HR","","","Y"
"Downtown","East Village","800 F ST","F-814","32.713722000","-117.156666000","57676","Special Event Downtown MK5 - 2 Hour Max $2.50 HR 8:30am-8pm Mon-Fri 8am-8pm Sat NO PARKING 7am-8:30am Mon-Fri (NFC)","8:30am","8pm","2 hour","Mon-Fri","$2.50 HR","","","Y"
"Downtown","East Village","800 F ST","F-812","32.713721000","-117.156766000","57676","Special Event Downtown MK5 - 2 Hour Max $2.50 HR 8:30am-8pm Mon-Fri 8am-8pm Sat NO PARKING 7am-8:30am Mon-Fri (NFC)","8:30am","8pm","2 hour","Mon-Fri","$2.50 HR","","","Y"
"Downtown","East Village","800 F ST","F-808","32.713720000","-117.157001000","57676","Special Event Downtown MK5 - 2 Hour Max $2.50 HR 8:30am-8pm Mon-Fri 8am-8pm Sat NO PARKING 7am-8:30am Mon-Fri (NFC)","8:30am","8pm","2 hour","Mon-Fri","$2.50 HR","","","Y"
"Downtown","East Village","800 F ST","F-810","32.713721000","-117.156884000","57676","Special Event Downtown MK5 - 2 Hour Max $2.50 HR 8:30am-8pm Mon-Fri 8am-8pm Sat NO PARKING 7am-8:30am Mon-Fri (NFC)","8:30am","8pm","2 hour","Mon-Fri","$2.50 HR","","","Y"
"Downtown","East Village","800 F ST","F-806","32.713720000","-117.157101000","57676","Special Event Downtown MK5 - 2 Hour Max $2.50 HR 8:30am-8pm Mon-Fri 8am-8pm Sat NO PARKING 7am-8:30am Mon-Fri (NFC)","8:30am","8pm","2 hour","Mon-Fri","$2.50 HR","","","Y"
"Downtown","East Village","800 F ST","F-811","32.713567000","-117.156832000","57185","Special Event Downtown MK5 - 2 Hour Max $2.50 HR 8am-8pm Mon-Sat (NFC)","8am","8pm","2 hour","Mon-Sat","$2.50 HR","","",""
"Downtown","East Village","800 F ST","F-813","32.713567000","-117.156715000","57185","Special Event Downtown MK5 - 2 Hour Max $2.50 HR 8am-8pm Mon-Sat (NFC)","8am","8pm","2 hour","Mon-Sat","$2.50 HR","","",""
"Downtown","East Village","800 F ST","F-805","32.713565000","-117.157167000","57185","Special Event Downtown MK5 - 2 Hour Max $2.50 HR 8am-8pm Mon-Sat (NFC)","8am","8pm","2 hour","Mon-Sat","$2.50 HR","","",""
"Downtown","East Village","800 F ST","F-809","32.713566000","-117.156949000","57185","Special Event Downtown MK5 - 2 Hour Max $2.50 HR 8am-8pm Mon-Sat (NFC)","8am","8pm","2 hour","Mon-Sat","$2.50 HR","","",""
"Downtown","East Village","800 F ST","F-815","32.713576000","-117.156749000","12494","2 Hour Max $2.50 HR 8am-6pm Mon-Sat (Mobile Pay) (NFC)","8am","6pm","2 hour","Mon-Sat","$2.50 HR","Y","",""
"Downtown","East Village","500 EIGHTH AVE","8-504","32.710524000","-117.157488000","57185","Special Event Downtown MK5 - 2 Hour Max $2.50 HR 8am-8pm Mon-Sat (NFC)","8am","8pm","2 hour","Mon-Sat","$2.50 HR","","",""
"Downtown","East Village","500 EIGHTH AVE","8-509","32.710702000","-117.157308000","57185","Special Event Downtown MK5 - 2 Hour Max $2.50 HR 8am-8pm Mon-Sat (NFC)","8am","8pm","2 hour","Mon-Sat","$2.50 HR","","",""
"Downtown","East Village","500 EIGHTH AVE","8-511","32.710760000","-117.157308000","57185","Special Event Downtown MK5 - 2 Hour Max $2.50 HR 8am-8pm Mon-Sat (NFC)","8am","8pm","2 hour","Mon-Sat","$2.50 HR","","",""
"Downtown","East Village","500 EIGHTH AVE","8-514","32.710838000","-117.157491000","57185","Special Event Downtown MK5 - 2 Hour Max $2.50 HR 8am-8pm Mon-Sat (NFC)","8am","8pm","2 hour","Mon-Sat","$2.50 HR","","",""
"Downtown","East Village","500 EIGHTH AVE","8-516","32.710897000","-117.157491000","57185","Special Event Downtown MK5 - 2 Hour Max $2.50 HR 8am-8pm Mon-Sat (NFC)","8am","8pm","2 hour","Mon-Sat","$2.50 HR","","",""
"Downtown","East Village","500 EIGHTH AVE","8-518","32.710989000","-117.157492000","57185","Special Event Downtown MK5 - 2 Hour Max $2.50 HR 8am-8pm Mon-Sat (NFC)","8am","8pm","2 hour","Mon-Sat","$2.50 HR","","",""
"Downtown","East Village","500 EIGHTH AVE","8-519","32.711052000","-117.157310000","57185","Special Event Downtown MK5 - 2 Hour Max $2.50 HR 8am-8pm Mon-Sat (NFC)","8am","8pm","2 hour","Mon-Sat","$2.50 HR","","",""
"Downtown","East Village","500 EIGHTH AVE","8-520","32.711114000","-117.157493000","57185","Special Event Downtown MK5 - 2 Hour Max $2.50 HR 8am-8pm Mon-Sat (NFC)","8am","8pm","2 hour","Mon-Sat","$2.50 HR","","",""
"Downtown","East Village","500 EIGHTH AVE","8-521","32.711177000","-117.157311000","57185","Special Event Downtown MK5 - 2 Hour Max $2.50 HR 8am-8pm Mon-Sat (NFC)","8am","8pm","2 hour","Mon-Sat","$2.50 HR","","",""
"Downtown","East Village","500 EIGHTH AVE","8-523","32.711301000","-117.157312000","57185","Special Event Downtown MK5 - 2 Hour Max $2.50 HR 8am-8pm Mon-Sat (NFC)","8am","8pm","2 hour","Mon-Sat","$2.50 HR","","",""
"Downtown","East Village","500 EIGHTH AVE","8-525","32.711416223","-117.157295566","57185","Special Event Downtown MK5 - 2 Hour Max $2.50 HR 8am-8pm Mon-Sat (NFC)","8am","8pm","2 hour","Mon-Sat","$2.50 HR","","",""
"Downtown","East Village","500 EIGHTH AVE","8-506","32.711425000","-117.157313000","57185","Special Event Downtown MK5 - 2 Hour Max $2.50 HR 8am-8pm Mon-Sat (NFC)","8am","8pm","2 hour","Mon-Sat","$2.50 HR","","",""
"Downtown","East Village","500 EIGHTH AVE","8-508","32.711408244","-117.157313000","57185","Special Event Downtown MK5 - 2 Hour Max $2.50 HR 8am-8pm Mon-Sat (NFC)","8am","8pm","2 hour","Mon-Sat","$2.50 HR","","",""
"Downtown","East Village","600 EIGHTH AVE","8-606","32.711765000","-117.157501000","57185","Special Event Downtown MK5 - 2 Hour Max $2.50 HR 8am-8pm Mon-Sat (NFC)","8am","8pm","2 hour","Mon-Sat","$2.50 HR","","",""
"Downtown","East Village","600 EIGHTH AVE","8-609","32.711986000","-117.157480000","57185","Special Event Downtown MK5 - 2 Hour Max $2.50 HR 8am-8pm Mon-Sat (NFC)","8am","8pm","2 hour","Mon-Sat","$2.50 HR","","",""
"Downtown","East Village","600 EIGHTH AVE","8-611","32.712009000","-117.157471000","57185","Special Event Downtown MK5 - 2 Hour Max $2.50 HR 8am-8pm Mon-Sat (NFC)","8am","8pm","2 hour","Mon-Sat","$2.50 HR","","",""
"Downtown","East Village","600 EIGHTH AVE","8-614","32.712061000","-117.157507000","57185","Special Event Downtown MK5 - 2 Hour Max $2.50 HR 8am-8pm Mon-Sat (NFC)","8am","8pm","2 hour","Mon-Sat","$2.50 HR","","",""
"Downtown","East Village","600 EIGHTH AVE","8-615","32.712163000","-117.157327000","57185","Special Event Downtown MK5 - 2 Hour Max $2.50 HR 8am-8pm Mon-Sat (NFC)","8am","8pm","2 hour","Mon-Sat","$2.50 HR","","",""
"Downtown","East Village","600 EIGHTH AVE","8-616","32.712259000","-117.157510000","57185","Special Event Downtown MK5 - 2 Hour Max $2.50 HR 8am-8pm Mon-Sat (NFC)","8am","8pm","2 hour","Mon-Sat","$2.50 HR","","",""
"Downtown","East Village","600 EIGHTH AVE","8-617","32.712361000","-117.157330000","57185","Special Event Downtown MK5 - 2 Hour Max $2.50 HR 8am-8pm Mon-Sat (NFC)","8am","8pm","2 hour","Mon-Sat","$2.50 HR","","",""
"Downtown","East Village","600 EIGHTH AVE","8-618","32.712457000","-117.157514000","57185","Special Event Downtown MK5 - 2 Hour Max $2.50 HR 8am-8pm Mon-Sat (NFC)","8am","8pm","2 hour","Mon-Sat","$2.50 HR","","",""
"Downtown","East Village","700 EIGHTH AVE","8-701","32.712760000","-117.157336000","57185","Special Event Downtown MK5 - 2 Hour Max $2.50 HR 8am-8pm Mon-Sat (NFC)","8am","8pm","2 hour","Mon-Sat","$2.50 HR","","",""
"Downtown","East Village","700 EIGHTH AVE","8-702","32.712817000","-117.157518000","57185","Special Event Downtown MK5 - 2 Hour Max $2.50 HR 8am-8pm Mon-Sat (NFC)","8am","8pm","2 hour","Mon-Sat","$2.50 HR","","",""
"Downtown","East Village","700 EIGHTH AVE","8-703","32.712876000","-117.157336000","57185","Special Event Downtown MK5 - 2 Hour Max $2.50 HR 8am-8pm Mon-Sat (NFC)","8am","8pm","2 hour","Mon-Sat","$2.50 HR","","",""
"Downtown","East Village","700 EIGHTH AVE","8-704","32.712830000","-117.157514000","57185","Special Event Downtown MK5 - 2 Hour Max $2.50 HR 8am-8pm Mon-Sat (NFC)","8am","8pm","2 hour","Mon-Sat","$2.50 HR","","",""
"Downtown","East Village","700 EIGHTH AVE","8-705","32.712933000","-117.157336000","57185","Special Event Downtown MK5 - 2 Hour Max $2.50 HR 8am-8pm Mon-Sat (NFC)","8am","8pm","2 hour","Mon-Sat","$2.50 HR","","",""
"Downtown","East Village","700 EIGHTH AVE","8-706","32.712894000","-117.157457000","57185","Special Event Downtown MK5 - 2 Hour Max $2.50 HR 8am-8pm Mon-Sat (NFC)","8am","8pm","2 hour","Mon-Sat","$2.50 HR","","",""
"Downtown","East Village","700 EIGHTH AVE","8-707","32.712991000","-117.157336000","57185","Special Event Downtown MK5 - 2 Hour Max $2.50 HR 8am-8pm Mon-Sat (NFC)","8am","8pm","2 hour","Mon-Sat","$2.50 HR","","",""
"Downtown","East Village","700 EIGHTH AVE","8-708","32.712896000","-117.157428000","57185","Special Event Downtown MK5 - 2 Hour Max $2.50 HR 8am-8pm Mon-Sat (NFC)","8am","8pm","2 hour","Mon-Sat","$2.50 HR","","",""
"Downtown","East Village","700 EIGHTH AVE","8-710","32.713068000","-117.157519000","57185","Special Event Downtown MK5 - 2 Hour Max $2.50 HR 8am-8pm Mon-Sat (NFC)","8am","8pm","2 hour","Mon-Sat","$2.50 HR","","",""
"Downtown","East Village","700 EIGHTH AVE","8-712","32.713126000","-117.157519000","57185","Special Event Downtown MK5 - 2 Hour Max $2.50 HR 8am-8pm Mon-Sat (NFC)","8am","8pm","2 hour","Mon-Sat","$2.50 HR","","",""
"Downtown","East Village","700 EIGHTH AVE","8-714","32.713118000","-117.157414000","57185","Special Event Downtown MK5 - 2 Hour Max $2.50 HR 8am-8pm Mon-Sat (NFC)","8am","8pm","2 hour","Mon-Sat","$2.50 HR","","",""
"Downtown","East Village","700 EIGHTH AVE","8-716","32.713090000","-117.157434000","57185","Special Event Downtown MK5 - 2 Hour Max $2.50 HR 8am-8pm Mon-Sat (NFC)","8am","8pm","2 hour","Mon-Sat","$2.50 HR","","",""
"Downtown","East Village","700 EIGHTH AVE","8-718","32.713184000","-117.157519000","57185","Special Event Downtown MK5 - 2 Hour Max $2.50 HR 8am-8pm Mon-Sat (NFC)","8am","8pm","2 hour","Mon-Sat","$2.50 HR","","",""
"Downtown","East Village","700 EIGHTH AVE","8-721","32.713242000","-117.157337000","57185","Special Event Downtown MK5 - 2 Hour Max $2.50 HR 8am-8pm Mon-Sat (NFC)","8am","8pm","2 hour","Mon-Sat","$2.50 HR","","",""
"Downtown","East Village","700 EIGHTH AVE","8-722","32.713299000","-117.157520000","57185","Special Event Downtown MK5 - 2 Hour Max $2.50 HR 8am-8pm Mon-Sat (NFC)","8am","8pm","2 hour","Mon-Sat","$2.50 HR","","",""
"Downtown","East Village","700 EIGHTH AVE","8-723","32.713358000","-117.157338000","57185","Special Event Downtown MK5 - 2 Hour Max $2.50 HR 8am-8pm Mon-Sat (NFC)","8am","8pm","2 hour","Mon-Sat","$2.50 HR","","",""
"Downtown","East Village","700 EIGHTH AVE","8-724","32.713434000","-117.157520000","57185","Special Event Downtown MK5 - 2 Hour Max $2.50 HR 8am-8pm Mon-Sat (NFC)","8am","8pm","2 hour","Mon-Sat","$2.50 HR","","",""
"Downtown","East Village","700 EIGHTH AVE","8-725","32.713473000","-117.157338000","57185","Special Event Downtown MK5 - 2 Hour Max $2.50 HR 8am-8pm Mon-Sat (NFC)","8am","8pm","2 hour","Mon-Sat","$2.50 HR","","",""
"Downtown","East Village","700 EIGHTH AVE","8-726","32.713550000","-117.157521000","57185","Special Event Downtown MK5 - 2 Hour Max $2.50 HR 8am-8pm Mon-Sat (NFC)","8am","8pm","2 hour","Mon-Sat","$2.50 HR","","",""
"Downtown","East Village","800 EIGHTH AVE","8-800","32.713750000","-117.157522000","57185","Special Event Downtown MK5 - 2 Hour Max $2.50 HR 8am-8pm Mon-Sat (NFC)","8am","8pm","2 hour","Mon-Sat","$2.50 HR","","",""
"Downtown","East Village","800 EIGHTH AVE","8-802","32.713807000","-117.157522000","57185","Special Event Downtown MK5 - 2 Hour Max $2.50 HR 8am-8pm Mon-Sat (NFC)","8am","8pm","2 hour","Mon-Sat","$2.50 HR","","",""
"Downtown","East Village","800 EIGHTH AVE","8-808","32.713864000","-117.157523000","57185","Special Event Downtown MK5 - 2 Hour Max $2.50 HR 8am-8pm Mon-Sat (NFC)","8am","8pm","2 hour","Mon-Sat","$2.50 HR","","",""
"Downtown","East Village","800 EIGHTH AVE","8-810","32.713978000","-117.157524000","57185","Special Event Downtown MK5 - 2 Hour Max $2.50 HR 8am-8pm Mon-Sat (NFC)","8am","8pm","2 hour","Mon-Sat","$2.50 HR","","",""
"Downtown","East Village","800 EIGHTH AVE","8-812","32.714092000","-117.157524000","57185","Special Event Downtown MK5 - 2 Hour Max $2.50 HR 8am-8pm Mon-Sat (NFC)","8am","8pm","2 hour","Mon-Sat","$2.50 HR","","",""
"Downtown","East Village","800 EIGHTH AVE","8-814","32.714187000","-117.157525000","57185","Special Event Downtown MK5 - 2 Hour Max $2.50 HR 8am-8pm Mon-Sat (NFC)","8am","8pm","2 hour","Mon-Sat","$2.50 HR","","",""
"Downtown","East Village","800 EIGHTH AVE","8-816","32.714302000","-117.157526000","57185","Special Event Downtown MK5 - 2 Hour Max $2.50 HR 8am-8pm Mon-Sat (NFC)","8am","8pm","2 hour","Mon-Sat","$2.50 HR","","",""
"Downtown","East Village","800 EIGHTH AVE","8-820","32.714473000","-117.157527000","57185","Special Event Downtown MK5 - 2 Hour Max $2.50 HR 8am-8pm Mon-Sat (NFC)","8am","8pm","2 hour","Mon-Sat","$2.50 HR","","",""
"Downtown","East Village","400 NINTH AVE","9-412","32.709777000","-117.156560000","13383","DOWNTOWN NO PARK Single Space 2 hour meters Petco Special Event (Mobile Pay) (NFC)","","","2 hour","","","Y","",""
"Downtown","East Village","400 NINTH AVE","9-414","32.710085000","-117.156566000","13383","DOWNTOWN NO PARK Single Space 2 hour meters Petco Special Event (Mobile Pay) (NFC)","","","2 hour","","","Y","",""
"Downtown","East Village","400 NINTH AVE","9-400","32.709476000","-117.156588000","13383","DOWNTOWN NO PARK Single Space 2 hour meters Petco Special Event (Mobile Pay) (NFC)","","","2 hour","","","Y","",""
"Downtown","East Village","500 NINTH AVE","9-500W","32.710697967","-117.156565301","57173","Special Event Downtown MSPM PPD - 2 Hour Max $2.50 HR 8am-8pm Mon-Sat (NFC)","8am","8pm","2 hour","Mon-Sat","$2.50 HR","","Y",""
"Downtown","East Village","600 NINTH AVE","9-600","32.711671000","-117.156585000","57185","Special Event Downtown MK5 - 2 Hour Max $2.50 HR 8am-8pm Mon-Sat (NFC)","8am","8pm","2 hour","Mon-Sat","$2.50 HR","","",""
"Downtown","East Village","600 NINTH AVE","9-602","32.711870000","-117.156588000","57185","Special Event Downtown MK5 - 2 Hour Max $2.50 HR 8am-8pm Mon-Sat (NFC)","8am","8pm","2 hour","Mon-Sat","$2.50 HR","","",""
"Downtown","East Village","600 NINTH AVE","9-618","32.712367000","-117.156596000","57185","Special Event Downtown MK5 - 2 Hour Max $2.50 HR 8am-8pm Mon-Sat (NFC)","8am","8pm","2 hour","Mon-Sat","$2.50 HR","","",""
"Downtown","East Village","600 NINTH AVE","9-620","32.712466000","-117.156598000","57185","Special Event Downtown MK5 - 2 Hour Max $2.50 HR 8am-8pm Mon-Sat (NFC)","8am","8pm","2 hour","Mon-Sat","$2.50 HR","","",""
"Downtown","East Village","700 NINTH AVE","9-700E","32.713087079","-117.156451643","57174","Special Event Downtown MSPM PPD - 4 Hour Max $2.50 HR 8am-8pm Mon-Sat (Mobile Pay) (NFC)","8am","8pm","4 hour","Mon-Sat","$2.50 HR","Y","Y",""
"Downtown","East Village","700 NINTH AVE","9-700W","32.713025864","-117.156560943","57174","Special Event Downtown MSPM PPD - 4 Hour Max $2.50 HR 8am-8pm Mon-Sat (Mobile Pay) (NFC)","8am","8pm","4 hour","Mon-Sat","$2.50 HR","Y","Y",""
"Downtown","East Village","700 NINTH AVE","9-712","32.713062000","-117.156647000","57183","Special Event Downtown MK5 - 4 Hour Max $2.50 HR 8am-8pm Mon-Sat (Mobile Pay) (NFC)","8am","8pm","4 hour","Mon-Sat","$2.50 HR","Y","",""
"Downtown","East Village","700 NINTH AVE","9-716","32.713536000","-117.156428000","57183","Special Event Downtown MK5 - 4 Hour Max $2.50 HR 8am-8pm Mon-Sat (Mobile Pay) (NFC)","8am","8pm","4 hour","Mon-Sat","$2.50 HR","Y","",""
"Downtown","East Village","700 NINTH AVE","9-710","32.713094000","-117.156605000","57183","Special Event Downtown MK5 - 4 Hour Max $2.50 HR 8am-8pm Mon-Sat (Mobile Pay) (NFC)","8am","8pm","4 hour","Mon-Sat","$2.50 HR","Y","",""
"Downtown","East Village","700 NINTH AVE","9-720","32.713362000","-117.156608000","57183","Special Event Downtown MK5 - 4 Hour Max $2.50 HR 8am-8pm Mon-Sat (Mobile Pay) (NFC)","8am","8pm","4 hour","Mon-Sat","$2.50 HR","Y","",""
"Downtown","East Village","800 NINTH AVE","9-800E","32.714132243","-117.156433202","57173","Special Event Downtown MSPM PPD - 2 Hour Max $2.50 HR 8am-8pm Mon-Sat (NFC)","8am","8pm","2 hour","Mon-Sat","$2.50 HR","","Y",""
"Downtown","East Village","800 NINTH AVE","9-800W","32.714285984","-117.156567313","57173","Special Event Downtown MSPM PPD - 2 Hour Max $2.50 HR 8am-8pm Mon-Sat (NFC)","8am","8pm","2 hour","Mon-Sat","$2.50 HR","","Y",""
"Downtown","East Village","600 SIXTEENTH ST","16-602","32.711712000","-117.149562000","57185","Special Event Downtown MK5 - 2 Hour Max $2.50 HR 8am-8pm Mon-Sat (NFC)","8am","8pm","2 hour","Mon-Sat","$2.50 HR","","",""
"Downtown","East Village","600 SIXTEENTH ST","16-604","32.711813000","-117.149562000","57185","Special Event Downtown MK5 - 2 Hour Max $2.50 HR 8am-8pm Mon-Sat (NFC)","8am","8pm","2 hour","Mon-Sat","$2.50 HR","","",""
"Downtown","East Village","600 SIXTEENTH ST","16-606","32.711934000","-117.149563000","57185","Special Event Downtown MK5 - 2 Hour Max $2.50 HR 8am-8pm Mon-Sat (NFC)","8am","8pm","2 hour","Mon-Sat","$2.50 HR","","",""
"Downtown","East Village","600 SIXTEENTH ST","16-608","32.712035000","-117.149564000","57185","Special Event Downtown MK5 - 2 Hour Max $2.50 HR 8am-8pm Mon-Sat (NFC)","8am","8pm","2 hour","Mon-Sat","$2.50 HR","","",""
"Downtown","East Village","600 SIXTEENTH ST","16-610","32.712156000","-117.149565000","57185","Special Event Downtown MK5 - 2 Hour Max $2.50 HR 8am-8pm Mon-Sat (NFC)","8am","8pm","2 hour","Mon-Sat","$2.50 HR","","",""
"Downtown","East Village","600 SIXTEENTH ST","16-612","32.712257000","-117.149566000","57185","Special Event Downtown MK5 - 2 Hour Max $2.50 HR 8am-8pm Mon-Sat (NFC)","8am","8pm","2 hour","Mon-Sat","$2.50 HR","","",""
"Downtown","East Village","600 SIXTEENTH ST","16-614","32.712129000","-117.149503000","57185","Special Event Downtown MK5 - 2 Hour Max $2.50 HR 8am-8pm Mon-Sat (NFC)","8am","8pm","2 hour","Mon-Sat","$2.50 HR","","",""
"Downtown","East Village","600 SIXTEENTH ST","16-626","32.712379000","-117.149567000","57185","Special Event Downtown MK5 - 2 Hour Max $2.50 HR 8am-8pm Mon-Sat (NFC)","8am","8pm","2 hour","Mon-Sat","$2.50 HR","","",""
"Downtown","East Village","700 SIXTEENTH ST","16-701","32.712823000","-117.149388000","57188","Special Event Downtown MK5 - 9 Hour Max $2.50 HR 8am-8pm Mon-Sat (NFC)","8am","8pm","9 hour","Mon-Sat","$2.50 HR","","",""
"Downtown","East Village","700 SIXTEENTH ST","16-703","32.712957000","-117.149389000","57188","Special Event Downtown MK5 - 9 Hour Max $2.50 HR 8am-8pm Mon-Sat (NFC)","8am","8pm","9 hour","Mon-Sat","$2.50 HR","","",""
"Downtown","East Village","700 SIXTEENTH ST","16-705","32.713091000","-117.149390000","57188","Special Event Downtown MK5 - 9 Hour Max $2.50 HR 8am-8pm Mon-Sat (NFC)","8am","8pm","9 hour","Mon-Sat","$2.50 HR","","",""
"Downtown","East Village","700 SIXTEENTH ST","16-710","32.713244000","-117.149573000","57188","Special Event Downtown MK5 - 9 Hour Max $2.50 HR 8am-8pm Mon-Sat (NFC)","8am","8pm","9 hour","Mon-Sat","$2.50 HR","","",""
"Downtown","East Village","700 SIXTEENTH ST","16-716","32.713378000","-117.149574000","57188","Special Event Downtown MK5 - 9 Hour Max $2.50 HR 8am-8pm Mon-Sat (NFC)","8am","8pm","9 hour","Mon-Sat","$2.50 HR","","",""
"Downtown","East Village","700 SIXTEENTH ST","16-718","32.713512000","-117.149575000","57188","Special Event Downtown MK5 - 9 Hour Max $2.50 HR 8am-8pm Mon-Sat (NFC)","8am","8pm","9 hour","Mon-Sat","$2.50 HR","","",""
"Downtown","East Village","800 SIXTEENTH ST","16-807","32.713782000","-117.149394000","57188","Special Event Downtown MK5 - 9 Hour Max $2.50 HR 8am-8pm Mon-Sat (NFC)","8am","8pm","9 hour","Mon-Sat","$2.50 HR","","",""
"Downtown","East Village","800 SIXTEENTH ST","16-809","32.713878000","-117.149394000","57188","Special Event Downtown MK5 - 9 Hour Max $2.50 HR 8am-8pm Mon-Sat (NFC)","8am","8pm","9 hour","Mon-Sat","$2.50 HR","","",""
"Downtown","East Village","800 SIXTEENTH ST","16-813","32.713954000","-117.149395000","57188","Special Event Downtown MK5 - 9 Hour Max $2.50 HR 8am-8pm Mon-Sat (NFC)","8am","8pm","9 hour","Mon-Sat","$2.50 HR","","",""
"Downtown","East Village","800 SIXTEENTH ST","16-814","32.714049000","-117.149577000","57188","Special Event Downtown MK5 - 9 Hour Max $2.50 HR 8am-8pm Mon-Sat (NFC)","8am","8pm","9 hour","Mon-Sat","$2.50 HR","","",""
"Downtown","East Village","800 SIXTEENTH ST","16-816","32.714144000","-117.149578000","57188","Special Event Downtown MK5 - 9 Hour Max $2.50 HR 8am-8pm Mon-Sat (NFC)","8am","8pm","9 hour","Mon-Sat","$2.50 HR","","",""
"Downtown","East Village","800 SIXTEENTH ST","16-817","32.714256000","-117.149396000","57188","Special Event Downtown MK5 - 9 Hour Max $2.50 HR 8am-8pm Mon-Sat (NFC)","8am","8pm","9 hour","Mon-Sat","$2.50 HR","","",""
"Downtown","East Village","800 SIXTEENTH ST","16-818","32.714355000","-117.149579000","57188","Special Event Downtown MK5 - 9 Hour Max $2.50 HR 8am-8pm Mon-Sat (NFC)","8am","8pm","9 hour","Mon-Sat","$2.50 HR","","",""
"Downtown","East Village","800 SIXTEENTH ST","16-819","32.714436000","-117.149398000","57188","Special Event Downtown MK5 - 9 Hour Max $2.50 HR 8am-8pm Mon-Sat (NFC)","8am","8pm","9 hour","Mon-Sat","$2.50 HR","","",""
"Downtown","East Village","800 SIXTEENTH ST","16-822","32.714535000","-117.149581000","57188","Special Event Downtown MK5 - 9 Hour Max $2.50 HR 8am-8pm Mon-Sat (NFC)","8am","8pm","9 hour","Mon-Sat","$2.50 HR","","",""
"Downtown","East Village","800 SIXTEENTH ST","16-824","32.714615000","-117.149582000","57188","Special Event Downtown MK5 - 9 Hour Max $2.50 HR 8am-8pm Mon-Sat (NFC)","8am","8pm","9 hour","Mon-Sat","$2.50 HR","","",""
"Downtown","East Village","800 SIXTEENTH ST","16-825","32.715613979","-117.150837388","57188","Special Event Downtown MK5 - 9 Hour Max $2.50 HR 8am-8pm Mon-Sat (NFC)","8am","8pm","9 hour","Mon-Sat","$2.50 HR","","",""
"Downtown","East Village","800 SIXTEENTH ST","16-820","32.715606000","-117.150828000","57188","Special Event Downtown MK5 - 9 Hour Max $2.50 HR 8am-8pm Mon-Sat (NFC)","8am","8pm","9 hour","Mon-Sat","$2.50 HR","","",""
"Downtown","East Village","900 SIXTEENTH ST","16-909","32.715235000","-117.149641000","57185","Special Event Downtown MK5 - 2 Hour Max $2.50 HR 8am-8pm Mon-Sat (NFC)","8am","8pm","2 hour","Mon-Sat","$2.50 HR","","",""
"Downtown","East Village","900 SIXTEENTH ST","16-911","32.715211000","-117.149727000","57185","Special Event Downtown MK5 - 2 Hour Max $2.50 HR 8am-8pm Mon-Sat (NFC)","8am","8pm","2 hour","Mon-Sat","$2.50 HR","","",""
"Downtown","East Village","900 SIXTEENTH ST","16-923","32.715563000","-117.149703000","57185","Special Event Downtown MK5 - 2 Hour Max $2.50 HR 8am-8pm Mon-Sat (NFC)","8am","8pm","2 hour","Mon-Sat","$2.50 HR","","",""
"Downtown","East Village","900 SIXTEENTH ST","16-903","32.715035008","-117.149406016","57185","Special Event Downtown MK5 - 2 Hour Max $2.50 HR 8am-8pm Mon-Sat (NFC)","8am","8pm","2 hour","Mon-Sat","$2.50 HR","","",""
"Downtown","East Village","900 SIXTEENTH ST","16-905","32.715113000","-117.149732000","57185","Special Event Downtown MK5 - 2 Hour Max $2.50 HR 8am-8pm Mon-Sat (NFC)","8am","8pm","2 hour","Mon-Sat","$2.50 HR","","",""
"Downtown","East Village","900 SIXTEENTH ST","16-907","32.715125000","-117.149594000","57185","Special Event Downtown MK5 - 2 Hour Max $2.50 HR 8am-8pm Mon-Sat (NFC)","8am","8pm","2 hour","Mon-Sat","$2.50 HR","","",""
"Downtown","East Village","900 SIXTEENTH ST","16-917","32.715511000","-117.149828000","57185","Special Event Downtown MK5 - 2 Hour Max $2.50 HR 8am-8pm Mon-Sat (NFC)","8am","8pm","2 hour","Mon-Sat","$2.50 HR","","",""
"Downtown","East Village","900 SIXTEENTH ST","16-919","32.715499000","-117.149848000","57185","Special Event Downtown MK5 - 2 Hour Max $2.50 HR 8am-8pm Mon-Sat (NFC)","8am","8pm","2 hour","Mon-Sat","$2.50 HR","","",""
"Downtown","East Village","900 SIXTEENTH ST","16-921","32.715589000","-117.150854000","57185","Special Event Downtown MK5 - 2 Hour Max $2.50 HR 8am-8pm Mon-Sat (NFC)","8am","8pm","2 hour","Mon-Sat","$2.50 HR","","",""
"Downtown","East Village","900 SIXTEENTH ST","16-900W","32.715239172","-117.149569429","57173","Special Event Downtown MSPM PPD - 2 Hour Max $2.50 HR 8am-8pm Mon-Sat (NFC)","8am","8pm","2 hour","Mon-Sat","$2.50 HR","","Y",""
"Downtown","East Village","1000 SIXTEENTH ST","16-1004","32.715950000","-117.149591000","57004","Downtown MK5 - 2 Hour Max $2.50 HR, 8am-8pm, Mon-Sat, Prepay, NFC","8am","8pm","2 hour","Mon-Sat","$2.50 HR","","",""
"Downtown","East Village","1000 SIXTEENTH ST","16-1006","32.716086000","-117.149592000","57004","Downtown MK5 - 2 Hour Max $2.50 HR, 8am-8pm, Mon-Sat, Prepay, NFC","8am","8pm","2 hour","Mon-Sat","$2.50 HR","","",""
"Downtown","East Village","1000 SIXTEENTH ST","16-1007","32.716060000","-117.149389000","57004","Downtown MK5 - 2 Hour Max $2.50 HR, 8am-8pm, Mon-Sat, Prepay, NFC","8am","8pm","2 hour","Mon-Sat","$2.50 HR","","",""
"Downtown","East Village","1000 SIXTEENTH ST","16-1009","32.716063000","-117.149404000","57004","Downtown MK5 - 2 Hour Max $2.50 HR, 8am-8pm, Mon-Sat, Prepay, NFC","8am","8pm","2 hour","Mon-Sat","$2.50 HR","","",""
"Downtown","East Village","1000 SIXTEENTH ST","16-1011","32.716130902","-117.149417404","57004","Downtown MK5 - 2 Hour Max $2.50 HR, 8am-8pm, Mon-Sat, Prepay, NFC","8am","8pm","2 hour","Mon-Sat","$2.50 HR","","",""
"Downtown","East Village","1000 SIXTEENTH ST","16-1012","32.716384000","-117.149362000","57004","Downtown MK5 - 2 Hour Max $2.50 HR, 8am-8pm, Mon-Sat, Prepay, NFC","8am","8pm","2 hour","Mon-Sat","$2.50 HR","","",""
"Downtown","East Village","1000 SIXTEENTH ST","16-1013","32.716133990","-117.149412853","57004","Downtown MK5 - 2 Hour Max $2.50 HR, 8am-8pm, Mon-Sat, Prepay, NFC","8am","8pm","2 hour","Mon-Sat","$2.50 HR","","",""
"Downtown","East Village","1000 SIXTEENTH ST","16-1014","32.716379000","-117.149593000","57004","Downtown MK5 - 2 Hour Max $2.50 HR, 8am-8pm, Mon-Sat, Prepay, NFC","8am","8pm","2 hour","Mon-Sat","$2.50 HR","","",""
"Downtown","East Village","1000 SIXTEENTH ST","16-1015","32.716149043","-117.149404350","57004","Downtown MK5 - 2 Hour Max $2.50 HR, 8am-8pm, Mon-Sat, Prepay, NFC","8am","8pm","2 hour","Mon-Sat","$2.50 HR","","",""
"Downtown","East Village","1000 SIXTEENTH ST","16-1016","32.716515000","-117.149594000","57004","Downtown MK5 - 2 Hour Max $2.50 HR, 8am-8pm, Mon-Sat, Prepay, NFC","8am","8pm","2 hour","Mon-Sat","$2.50 HR","","",""
"Downtown","East Village","1000 SIXTEENTH ST","16-1017","32.716341000","-117.149584000","57004","Downtown MK5 - 2 Hour Max $2.50 HR, 8am-8pm, Mon-Sat, Prepay, NFC","8am","8pm","2 hour","Mon-Sat","$2.50 HR","","",""
"Downtown","East Village","1000 SIXTEENTH ST","16-1018","32.716479000","-117.149407000","57004","Downtown MK5 - 2 Hour Max $2.50 HR, 8am-8pm, Mon-Sat, Prepay, NFC","8am","8pm","2 hour","Mon-Sat","$2.50 HR","","",""
"Downtown","East Village","1000 SIXTEENTH ST","16-1019","32.716371000","-117.149609000","57004","Downtown MK5 - 2 Hour Max $2.50 HR, 8am-8pm, Mon-Sat, Prepay, NFC","8am","8pm","2 hour","Mon-Sat","$2.50 HR","","",""
"Downtown","East Village","1000 SIXTEENTH ST","16-1020","32.716461000","-117.149416000","57004","Downtown MK5 - 2 Hour Max $2.50 HR, 8am-8pm, Mon-Sat, Prepay, NFC","8am","8pm","2 hour","Mon-Sat","$2.50 HR","","",""
"Downtown","East Village","1000 SIXTEENTH ST","16-1021","32.716569000","-117.149575000","57004","Downtown MK5 - 2 Hour Max $2.50 HR, 8am-8pm, Mon-Sat, Prepay, NFC","8am","8pm","2 hour","Mon-Sat","$2.50 HR","","",""
"Downtown","East Village","1000 SIXTEENTH ST","16-1023","32.716557652","-117.149426601","57004","Downtown MK5 - 2 Hour Max $2.50 HR, 8am-8pm, Mon-Sat, Prepay, NFC","8am","8pm","2 hour","Mon-Sat","$2.50 HR","","",""
"Downtown","East Village","1000 SEVENTH AVE","7-1004","32.716115000","-117.158446000","56998","Downtown MK5 - 1 Hour Max $2.50 HR, 8am-8pm, Mon-Sat, Prepay, NFC","8am","8pm","1 hour","Mon-Sat","$2.50 HR","","",""
"Downtown","East Village","1000 SEVENTH AVE","7-1006","32.716251000","-117.158447000","56998","Downtown MK5 - 1 Hour Max $2.50 HR, 8am-8pm, Mon-Sat, Prepay, NFC","8am","8pm","1 hour","Mon-Sat","$2.50 HR","","",""
"Downtown","East Village","900 EIGHTH AVE","8-901","32.714787000","-117.157347000","57186","Special Event Downtown MK5 - 1 Hour Max $2.50 HR 8am-8pm Mon-Sat (NFC)","8am","8pm","1 hour","Mon-Sat","$2.50 HR","","",""
"Downtown","East Village","900 EIGHTH AVE","8-902","32.714844000","-117.157529000","57186","Special Event Downtown MK5 - 1 Hour Max $2.50 HR 8am-8pm Mon-Sat (NFC)","8am","8pm","1 hour","Mon-Sat","$2.50 HR","","",""
"Downtown","East Village","900 EIGHTH AVE","8-903","32.714902000","-117.157347000","57186","Special Event Downtown MK5 - 1 Hour Max $2.50 HR 8am-8pm Mon-Sat (NFC)","8am","8pm","1 hour","Mon-Sat","$2.50 HR","","",""
"Downtown","East Village","900 EIGHTH AVE","8-904","32.714978000","-117.157530000","57186","Special Event Downtown MK5 - 1 Hour Max $2.50 HR 8am-8pm Mon-Sat (NFC)","8am","8pm","1 hour","Mon-Sat","$2.50 HR","","",""
"Downtown","East Village","900 EIGHTH AVE","8-906","32.715035000","-117.157530000","57186","Special Event Downtown MK5 - 1 Hour Max $2.50 HR 8am-8pm Mon-Sat (NFC)","8am","8pm","1 hour","Mon-Sat","$2.50 HR","","",""
"Downtown","East Village","900 EIGHTH AVE","8-913","32.715074000","-117.157348000","57186","Special Event Downtown MK5 - 1 Hour Max $2.50 HR 8am-8pm Mon-Sat (NFC)","8am","8pm","1 hour","Mon-Sat","$2.50 HR","","",""
"Downtown","East Village","900 EIGHTH AVE","8-915","32.715132000","-117.157348000","57186","Special Event Downtown MK5 - 1 Hour Max $2.50 HR 8am-8pm Mon-Sat (NFC)","8am","8pm","1 hour","Mon-Sat","$2.50 HR","","",""
"Downtown","East Village","900 EIGHTH AVE","8-916","32.715208000","-117.157531000","57186","Special Event Downtown MK5 - 1 Hour Max $2.50 HR 8am-8pm Mon-Sat (NFC)","8am","8pm","1 hour","Mon-Sat","$2.50 HR","","",""
"Downtown","East Village","900 EIGHTH AVE","8-917","32.715265000","-117.157349000","57186","Special Event Downtown MK5 - 1 Hour Max $2.50 HR 8am-8pm Mon-Sat (NFC)","8am","8pm","1 hour","Mon-Sat","$2.50 HR","","",""
"Downtown","East Village","900 EIGHTH AVE","8-918","32.715322000","-117.157531000","57186","Special Event Downtown MK5 - 1 Hour Max $2.50 HR 8am-8pm Mon-Sat (NFC)","8am","8pm","1 hour","Mon-Sat","$2.50 HR","","",""
"Downtown","East Village","900 EIGHTH AVE","8-920","32.715380000","-117.157531000","57186","Special Event Downtown MK5 - 1 Hour Max $2.50 HR 8am-8pm Mon-Sat (NFC)","8am","8pm","1 hour","Mon-Sat","$2.50 HR","","",""
"Downtown","East Village","900 EIGHTH AVE","8-922","32.715456000","-117.157532000","57186","Special Event Downtown MK5 - 1 Hour Max $2.50 HR 8am-8pm Mon-Sat (NFC)","8am","8pm","1 hour","Mon-Sat","$2.50 HR","","",""
"Downtown","East Village","900 EIGHTH AVE","8-923","32.715495000","-117.157350000","57186","Special Event Downtown MK5 - 1 Hour Max $2.50 HR 8am-8pm Mon-Sat (NFC)","8am","8pm","1 hour","Mon-Sat","$2.50 HR","","",""
"Downtown","East Village","900 EIGHTH AVE","8-924","32.715571000","-117.157532000","57186","Special Event Downtown MK5 - 1 Hour Max $2.50 HR 8am-8pm Mon-Sat (NFC)","8am","8pm","1 hour","Mon-Sat","$2.50 HR","","",""
"Downtown","East Village","900 EIGHTH AVE","8-925","32.715610000","-117.157350000","57186","Special Event Downtown MK5 - 1 Hour Max $2.50 HR 8am-8pm Mon-Sat (NFC)","8am","8pm","1 hour","Mon-Sat","$2.50 HR","","",""
"Downtown","East Village","1000 EIGHTH AVE","8-1015","32.716408000","-117.157354000","57004","Downtown MK5 - 2 Hour Max $2.50 HR, 8am-8pm, Mon-Sat, Prepay, NFC","8am","8pm","2 hour","Mon-Sat","$2.50 HR","","",""
"Downtown","East Village","1000 EIGHTH AVE","8-1017","32.716485000","-117.157354000","57004","Downtown MK5 - 2 Hour Max $2.50 HR, 8am-8pm, Mon-Sat, Prepay, NFC","8am","8pm","2 hour","Mon-Sat","$2.50 HR","","",""
"Downtown","East Village","1000 EIGHTH AVE","8-1019","32.716562000","-117.157354000","57004","Downtown MK5 - 2 Hour Max $2.50 HR, 8am-8pm, Mon-Sat, Prepay, NFC","8am","8pm","2 hour","Mon-Sat","$2.50 HR","","",""
"Downtown","East Village","1000 EIGHTH AVE","8-1021","32.716640000","-117.157355000","57004","Downtown MK5 - 2 Hour Max $2.50 HR, 8am-8pm, Mon-Sat, Prepay, NFC","8am","8pm","2 hour","Mon-Sat","$2.50 HR","","",""
"Downtown","East Village","1000 EIGHTH AVE","8-1003","32.715905466","-117.157392092","57004","Downtown MK5 - 2 Hour Max $2.50 HR, 8am-8pm, Mon-Sat, Prepay, NFC","8am","8pm","2 hour","Mon-Sat","$2.50 HR","","",""
"Downtown","East Village","1000 EIGHTH AVE","8-1000W","32.716116468","-117.157549001","13180","Downtown MS1 PPD - 2 Hour Max $2.50 HR 8am-8pm Mon-Sat (NFC)","8am","8pm","2 hour","Mon-Sat","$2.50 HR","","",""
"Downtown","East Village","900 NINTH AVE","9-900E","32.715416325","-117.156433538","57173","Special Event Downtown MSPM PPD - 2 Hour Max $2.50 HR 8am-8pm Mon-Sat (NFC)","8am","8pm","2 hour","Mon-Sat","$2.50 HR","","Y",""
"Downtown","East Village","900 NINTH AVE","9-900W","32.715125772","-117.156577706","57173","Special Event Downtown MSPM PPD - 2 Hour Max $2.50 HR 8am-8pm Mon-Sat (NFC)","8am","8pm","2 hour","Mon-Sat","$2.50 HR","","Y",""
"Downtown","East Village","900 NINTH AVE","9-901","32.714777000","-117.156437000","57186","Special Event Downtown MK5 - 1 Hour Max $2.50 HR 8am-8pm Mon-Sat (NFC)","8am","8pm","1 hour","Mon-Sat","$2.50 HR","","",""
"Downtown","East Village","900 NINTH AVE","9-903","32.714870000","-117.156297000","57186","Special Event Downtown MK5 - 1 Hour Max $2.50 HR 8am-8pm Mon-Sat (NFC)","8am","8pm","1 hour","Mon-Sat","$2.50 HR","","",""
"Downtown","East Village","1000 NINTH AVE","9-1002","32.715914775","-117.156602181","57004","Downtown MK5 - 2 Hour Max $2.50 HR, 8am-8pm, Mon-Sat, Prepay, NFC","8am","8pm","2 hour","Mon-Sat","$2.50 HR","","",""
"Downtown","East Village","1000 NINTH AVE","9-1008","32.716313000","-117.156632000","56998","Downtown MK5 - 1 Hour Max $2.50 HR, 8am-8pm, Mon-Sat, Prepay, NFC","8am","8pm","1 hour","Mon-Sat","$2.50 HR","","",""
"Downtown","East Village","1000 NINTH AVE","9-1014","32.716409000","-117.156633000","56998","Downtown MK5 - 1 Hour Max $2.50 HR, 8am-8pm, Mon-Sat, Prepay, NFC","8am","8pm","1 hour","Mon-Sat","$2.50 HR","","",""
"Downtown","East Village","1000 NINTH AVE","9-1018","32.716621000","-117.156635000","56998","Downtown MK5 - 1 Hour Max $2.50 HR, 8am-8pm, Mon-Sat, Prepay, NFC","8am","8pm","1 hour","Mon-Sat","$2.50 HR","","",""
"Downtown","East Village","1000 NINTH AVE","9-1020","32.716615415","-117.156634329","56998","Downtown MK5 - 1 Hour Max $2.50 HR, 8am-8pm, Mon-Sat, Prepay, NFC","8am","8pm","1 hour","Mon-Sat","$2.50 HR","","",""
"Downtown","East Village","1000 NINTH AVE","9-1022","32.716617011","-117.156640364","56998","Downtown MK5 - 1 Hour Max $2.50 HR, 8am-8pm, Mon-Sat, Prepay, NFC","8am","8pm","1 hour","Mon-Sat","$2.50 HR","","",""
"Downtown","East Village","1000 NINTH AVE","9-1004","32.715918442","-117.156583070","57004","Downtown MK5 - 2 Hour Max $2.50 HR, 8am-8pm, Mon-Sat, Prepay, NFC","8am","8pm","2 hour","Mon-Sat","$2.50 HR","","",""
"Downtown","East Village","1200 NINTH AVE","9-1200","32.717955000","-117.156645000","57004","Downtown MK5 - 2 Hour Max $2.50 HR, 8am-8pm, Mon-Sat, Prepay, NFC","8am","8pm","2 hour","Mon-Sat","$2.50 HR","","",""
"Downtown","East Village","1200 NINTH AVE","9-1201","32.718070000","-117.157190000","57004","Downtown MK5 - 2 Hour Max $2.50 HR, 8am-8pm, Mon-Sat, Prepay, NFC","8am","8pm","2 hour","Mon-Sat","$2.50 HR","","",""
"Downtown","East Village","1200 NINTH AVE","9-1203","32.718098000","-117.157320000","57004","Downtown MK5 - 2 Hour Max $2.50 HR, 8am-8pm, Mon-Sat, Prepay, NFC","8am","8pm","2 hour","Mon-Sat","$2.50 HR","","",""
"Downtown","East Village","1200 NINTH AVE","9-1208","32.718129000","-117.156647000","57004","Downtown MK5 - 2 Hour Max $2.50 HR, 8am-8pm, Mon-Sat, Prepay, NFC","8am","8pm","2 hour","Mon-Sat","$2.50 HR","","",""
"Downtown","East Village","1200 NINTH AVE","9-1210","32.718206000","-117.156648000","57004","Downtown MK5 - 2 Hour Max $2.50 HR, 8am-8pm, Mon-Sat, Prepay, NFC","8am","8pm","2 hour","Mon-Sat","$2.50 HR","","",""
"Downtown","East Village","1200 NINTH AVE","9-1212","32.718283000","-117.156649000","57004","Downtown MK5 - 2 Hour Max $2.50 HR, 8am-8pm, Mon-Sat, Prepay, NFC","8am","8pm","2 hour","Mon-Sat","$2.50 HR","","",""
"Downtown","East Village","1200 NINTH AVE","9-1218","32.718361000","-117.156650000","57004","Downtown MK5 - 2 Hour Max $2.50 HR, 8am-8pm, Mon-Sat, Prepay, NFC","8am","8pm","2 hour","Mon-Sat","$2.50 HR","","",""
"Downtown","East Village","1200 NINTH AVE","9-1220","32.718438000","-117.156650000","57004","Downtown MK5 - 2 Hour Max $2.50 HR, 8am-8pm, Mon-Sat, Prepay, NFC","8am","8pm","2 hour","Mon-Sat","$2.50 HR","","",""
"Downtown","East Village","1000 B ST","B-1006","32.717706000","-117.155258000","57004","Downtown MK5 - 2 Hour Max $2.50 HR, 8am-8pm, Mon-Sat, Prepay, NFC","8am","8pm","2 hour","Mon-Sat","$2.50 HR","","",""
"Downtown","East Village","1000 B ST","B-1009","32.717748000","-117.155167000","57004","Downtown MK5 - 2 Hour Max $2.50 HR, 8am-8pm, Mon-Sat, Prepay, NFC","8am","8pm","2 hour","Mon-Sat","$2.50 HR","","",""
"Downtown","East Village","1000 B ST","B-1010","32.717868000","-117.155035000","57004","Downtown MK5 - 2 Hour Max $2.50 HR, 8am-8pm, Mon-Sat, Prepay, NFC","8am","8pm","2 hour","Mon-Sat","$2.50 HR","","",""
"Downtown","East Village","1000 B ST","B-1011","32.717749000","-117.155033000","57004","Downtown MK5 - 2 Hour Max $2.50 HR, 8am-8pm, Mon-Sat, Prepay, NFC","8am","8pm","2 hour","Mon-Sat","$2.50 HR","","",""
"Downtown","East Village","1000 B ST","B-1013","32.717750000","-117.154899000","57004","Downtown MK5 - 2 Hour Max $2.50 HR, 8am-8pm, Mon-Sat, Prepay, NFC","8am","8pm","2 hour","Mon-Sat","$2.50 HR","","",""
"Downtown","East Village","1000 B ST","B-1001","32.717746000","-117.155451000","57004","Downtown MK5 - 2 Hour Max $2.50 HR, 8am-8pm, Mon-Sat, Prepay, NFC","8am","8pm","2 hour","Mon-Sat","$2.50 HR","","",""
"Downtown","East Village","1000 B ST","B-1002","32.717802000","-117.155312000","57004","Downtown MK5 - 2 Hour Max $2.50 HR, 8am-8pm, Mon-Sat, Prepay, NFC","8am","8pm","2 hour","Mon-Sat","$2.50 HR","","",""
"Downtown","East Village","1000 B ST","B-1003","32.717747000","-117.155318000","57004","Downtown MK5 - 2 Hour Max $2.50 HR, 8am-8pm, Mon-Sat, Prepay, NFC","8am","8pm","2 hour","Mon-Sat","$2.50 HR","","",""
"Downtown","East Village","1000 B ST","B-1004","32.717632000","-117.155323000","57004","Downtown MK5 - 2 Hour Max $2.50 HR, 8am-8pm, Mon-Sat, Prepay, NFC","8am","8pm","2 hour","Mon-Sat","$2.50 HR","","",""
"Downtown","East Village","1000 E ST","E-1001","32.714611518","-117.155368030","57183","Special Event Downtown MK5 - 4 Hour Max $2.50 HR 8am-8pm Mon-Sat (Mobile Pay) (NFC)","8am","8pm","4 hour","Mon-Sat","$2.50 HR","Y","",""
"Downtown","East Village","1000 E ST","E-1003","32.714627598","-117.155366018","57183","Special Event Downtown MK5 - 4 Hour Max $2.50 HR 8am-8pm Mon-Sat (Mobile Pay) (NFC)","8am","8pm","4 hour","Mon-Sat","$2.50 HR","Y","",""
"Downtown","East Village","1000 E ST","E-1005","32.714609544","-117.155300974","57183","Special Event Downtown MK5 - 4 Hour Max $2.50 HR 8am-8pm Mon-Sat (Mobile Pay) (NFC)","8am","8pm","4 hour","Mon-Sat","$2.50 HR","Y","",""
"Downtown","East Village","1000 E ST","E-1007","32.714648190","-117.155154123","57183","Special Event Downtown MK5 - 4 Hour Max $2.50 HR 8am-8pm Mon-Sat (Mobile Pay) (NFC)","8am","8pm","4 hour","Mon-Sat","$2.50 HR","Y","",""
"Downtown","East Village","1000 E ST","E-1013","32.714640010","-117.155007608","57183","Special Event Downtown MK5 - 4 Hour Max $2.50 HR 8am-8pm Mon-Sat (Mobile Pay) (NFC)","8am","8pm","4 hour","Mon-Sat","$2.50 HR","Y","",""
"Downtown","East Village","1000 E ST","E-1015","32.714650729","-117.154941223","57183","Special Event Downtown MK5 - 4 Hour Max $2.50 HR 8am-8pm Mon-Sat (Mobile Pay) (NFC)","8am","8pm","4 hour","Mon-Sat","$2.50 HR","Y","",""
"Downtown","East Village","1000 E ST","E-1009","32.714597132","-117.155166193","57183","Special Event Downtown MK5 - 4 Hour Max $2.50 HR 8am-8pm Mon-Sat (Mobile Pay) (NFC)","8am","8pm","4 hour","Mon-Sat","$2.50 HR","Y","",""
"Downtown","East Village","1000 E ST","E-1011","32.714599106","-117.155123278","57183","Special Event Downtown MK5 - 4 Hour Max $2.50 HR 8am-8pm Mon-Sat (Mobile Pay) (NFC)","8am","8pm","4 hour","Mon-Sat","$2.50 HR","Y","",""
"Downtown","East Village","1000 E ST","E-1008","32.714784441","-117.155227214","57188","Special Event Downtown MK5 - 9 Hour Max $2.50 HR 8am-8pm Mon-Sat (NFC)","8am","8pm","9 hour","Mon-Sat","$2.50 HR","","",""
"Downtown","East Village","1000 E ST","E-1006","32.714794314","-117.155275158","57188","Special Event Downtown MK5 - 9 Hour Max $2.50 HR 8am-8pm Mon-Sat (NFC)","8am","8pm","9 hour","Mon-Sat","$2.50 HR","","",""
"Downtown","East Village","1000 E ST","E-1004","32.714761873","-117.155339196","57188","Special Event Downtown MK5 - 9 Hour Max $2.50 HR 8am-8pm Mon-Sat (NFC)","8am","8pm","9 hour","Mon-Sat","$2.50 HR","","",""
"Downtown","East Village","1000 E ST","E-1002","32.714797699","-117.155398875","57188","Special Event Downtown MK5 - 9 Hour Max $2.50 HR 8am-8pm Mon-Sat (NFC)","8am","8pm","9 hour","Mon-Sat","$2.50 HR","","",""
"Downtown","East Village","1000 E ST","E-1012","32.714838320","-117.155071310","57188","Special Event Downtown MK5 - 9 Hour Max $2.50 HR 8am-8pm Mon-Sat (NFC)","8am","8pm","9 hour","Mon-Sat","$2.50 HR","","",""
"Downtown","East Village","1000 G ST","G-1000","32.712683000","-117.155330000","57183","Special Event Downtown MK5 - 4 Hour Max $2.50 HR 8am-8pm Mon-Sat (Mobile Pay) (NFC)","8am","8pm","4 hour","Mon-Sat","$2.50 HR","Y","",""
"Downtown","East Village","1000 G ST","G-1001","32.712937240","-117.154793265","57183","Special Event Downtown MK5 - 4 Hour Max $2.50 HR 8am-8pm Mon-Sat (Mobile Pay) (NFC)","8am","8pm","4 hour","Mon-Sat","$2.50 HR","Y","",""
"Downtown","East Village","1000 G ST","G-1002","32.712684000","-117.155129000","57183","Special Event Downtown MK5 - 4 Hour Max $2.50 HR 8am-8pm Mon-Sat (Mobile Pay) (NFC)","8am","8pm","4 hour","Mon-Sat","$2.50 HR","Y","",""
"Downtown","East Village","1000 G ST","G-1003","32.712553000","-117.155480000","57183","Special Event Downtown MK5 - 4 Hour Max $2.50 HR 8am-8pm Mon-Sat (Mobile Pay) (NFC)","8am","8pm","4 hour","Mon-Sat","$2.50 HR","Y","",""
"Downtown","East Village","1000 G ST","G-1004","32.712683000","-117.155380000","57183","Special Event Downtown MK5 - 4 Hour Max $2.50 HR 8am-8pm Mon-Sat (Mobile Pay) (NFC)","8am","8pm","4 hour","Mon-Sat","$2.50 HR","Y","",""
"Downtown","East Village","1000 G ST","G-1008","32.712683000","-117.155213000","57183","Special Event Downtown MK5 - 4 Hour Max $2.50 HR 8am-8pm Mon-Sat (Mobile Pay) (NFC)","8am","8pm","4 hour","Mon-Sat","$2.50 HR","Y","",""
"Downtown","East Village","1000 G ST","G-1010","32.712684000","-117.155046000","57183","Special Event Downtown MK5 - 4 Hour Max $2.50 HR 8am-8pm Mon-Sat (Mobile Pay) (NFC)","8am","8pm","4 hour","Mon-Sat","$2.50 HR","Y","",""
"Downtown","East Village","1000 G ST","G-1012","32.712685000","-117.154879000","57183","Special Event Downtown MK5 - 4 Hour Max $2.50 HR 8am-8pm Mon-Sat (Mobile Pay) (NFC)","8am","8pm","4 hour","Mon-Sat","$2.50 HR","Y","",""
"Downtown","East Village","1000 J ST","J-1000S","32.709328000","-117.154892000","57173","Special Event Downtown MSPM PPD - 2 Hour Max $2.50 HR 8am-8pm Mon-Sat (NFC)","8am","8pm","2 hour","Mon-Sat","$2.50 HR","","Y",""
"Downtown","East Village","1000 J ST","J-1000N","32.709436668","-117.163240649","13382","DOWNTOWN NO PARK MSPM PPD Ballpark Special Event","","","","","","","Y",""
"Downtown","East Village","1000 MARKET ST","H-1003","32.711448000","-117.155449000","57185","Special Event Downtown MK5 - 2 Hour Max $2.50 HR 8am-8pm Mon-Sat (NFC)","8am","8pm","2 hour","Mon-Sat","$2.50 HR","","",""
"Downtown","East Village","1000 MARKET ST","H-1005","32.711448000","-117.155365000","57185","Special Event Downtown MK5 - 2 Hour Max $2.50 HR 8am-8pm Mon-Sat (NFC)","8am","8pm","2 hour","Mon-Sat","$2.50 HR","","",""
"Downtown","East Village","1000 MARKET ST","H-1007","32.711447000","-117.155281000","57185","Special Event Downtown MK5 - 2 Hour Max $2.50 HR 8am-8pm Mon-Sat (NFC)","8am","8pm","2 hour","Mon-Sat","$2.50 HR","","",""
"Downtown","East Village","1000 MARKET ST","H-1009","32.711447000","-117.155197000","57185","Special Event Downtown MK5 - 2 Hour Max $2.50 HR 8am-8pm Mon-Sat (NFC)","8am","8pm","2 hour","Mon-Sat","$2.50 HR","","",""
"Downtown","East Village","1000 MARKET ST","H-1010","32.711601000","-117.155113000","57185","Special Event Downtown MK5 - 2 Hour Max $2.50 HR 8am-8pm Mon-Sat (NFC)","8am","8pm","2 hour","Mon-Sat","$2.50 HR","","",""
"Downtown","East Village","1000 MARKET ST","H-1012","32.711601000","-117.154945000","57185","Special Event Downtown MK5 - 2 Hour Max $2.50 HR 8am-8pm Mon-Sat (NFC)","8am","8pm","2 hour","Mon-Sat","$2.50 HR","","",""
"Downtown","East Village","1000 MARKET ST","H-1014","32.711600000","-117.154777000","57185","Special Event Downtown MK5 - 2 Hour Max $2.50 HR 8am-8pm Mon-Sat (NFC)","8am","8pm","2 hour","Mon-Sat","$2.50 HR","","",""
"Downtown","East Village","1100 B ST","B-1103","32.717752000","-117.154509000","57004","Downtown MK5 - 2 Hour Max $2.50 HR, 8am-8pm, Mon-Sat, Prepay, NFC","8am","8pm","2 hour","Mon-Sat","$2.50 HR","","",""
"Downtown","East Village","1100 B ST","B-1109","32.717753000","-117.154426000","57004","Downtown MK5 - 2 Hour Max $2.50 HR, 8am-8pm, Mon-Sat, Prepay, NFC","8am","8pm","2 hour","Mon-Sat","$2.50 HR","","",""
"Downtown","East Village","1100 B ST","B-1111","32.717754000","-117.154344000","57004","Downtown MK5 - 2 Hour Max $2.50 HR, 8am-8pm, Mon-Sat, Prepay, NFC","8am","8pm","2 hour","Mon-Sat","$2.50 HR","","",""
"Downtown","East Village","1100 B ST","B-1113","32.717755000","-117.154178000","57004","Downtown MK5 - 2 Hour Max $2.50 HR, 8am-8pm, Mon-Sat, Prepay, NFC","8am","8pm","2 hour","Mon-Sat","$2.50 HR","","",""
"Downtown","East Village","1100 B ST","B-1114","32.717869061","-117.154019214","57004","Downtown MK5 - 2 Hour Max $2.50 HR, 8am-8pm, Mon-Sat, Prepay, NFC","8am","8pm","2 hour","Mon-Sat","$2.50 HR","","",""
"Downtown","East Village","1100 B ST","B-1115","32.717756000","-117.154012000","57004","Downtown MK5 - 2 Hour Max $2.50 HR, 8am-8pm, Mon-Sat, Prepay, NFC","8am","8pm","2 hour","Mon-Sat","$2.50 HR","","",""
"Downtown","East Village","1100 B ST","B-1117","32.717757000","-117.153929000","57004","Downtown MK5 - 2 Hour Max $2.50 HR, 8am-8pm, Mon-Sat, Prepay, NFC","8am","8pm","2 hour","Mon-Sat","$2.50 HR","","",""
"Downtown","East Village","1100 B ST","B-1101","32.717752000","-117.154592000","9000","2 Hour Max $2.50 HR 8am-6pm Mon-Sat (NFC)","8am","6pm","2 hour","Mon-Sat","$2.50 HR","","",""
"Downtown","East Village","1100 E ST","E-1105","32.714624000","-117.154537000","57185","Special Event Downtown MK5 - 2 Hour Max $2.50 HR 8am-8pm Mon-Sat (NFC)","8am","8pm","2 hour","Mon-Sat","$2.50 HR","","",""
"Downtown","East Village","1100 E ST","E-1107","32.714625000","-117.154404000","57185","Special Event Downtown MK5 - 2 Hour Max $2.50 HR 8am-8pm Mon-Sat (NFC)","8am","8pm","2 hour","Mon-Sat","$2.50 HR","","",""
"Downtown","East Village","1100 E ST","E-1109","32.714625000","-117.154270000","57185","Special Event Downtown MK5 - 2 Hour Max $2.50 HR 8am-8pm Mon-Sat (NFC)","8am","8pm","2 hour","Mon-Sat","$2.50 HR","","",""
"Downtown","East Village","1100 E ST","E-1111","32.714626000","-117.154153000","57185","Special Event Downtown MK5 - 2 Hour Max $2.50 HR 8am-8pm Mon-Sat (NFC)","8am","8pm","2 hour","Mon-Sat","$2.50 HR","","",""
"Downtown","East Village","1100 E ST","E-1113","32.714626000","-117.154086000","57185","Special Event Downtown MK5 - 2 Hour Max $2.50 HR 8am-8pm Mon-Sat (NFC)","8am","8pm","2 hour","Mon-Sat","$2.50 HR","","",""
"Downtown","East Village","1100 E ST","E-1115","32.714626000","-117.154019000","57185","Special Event Downtown MK5 - 2 Hour Max $2.50 HR 8am-8pm Mon-Sat (NFC)","8am","8pm","2 hour","Mon-Sat","$2.50 HR","","",""
"Downtown","East Village","1100 E ST","E-1100","32.714788000","-117.154511000","57185","Special Event Downtown MK5 - 2 Hour Max $2.50 HR 8am-8pm Mon-Sat (NFC)","8am","8pm","2 hour","Mon-Sat","$2.50 HR","","",""
"Downtown","East Village","1100 E ST","E-1102","32.714863000","-117.154545000","57185","Special Event Downtown MK5 - 2 Hour Max $2.50 HR 8am-8pm Mon-Sat (NFC)","8am","8pm","2 hour","Mon-Sat","$2.50 HR","","",""
"Downtown","East Village","1100 E ST","E-1112","32.714785000","-117.153999000","57185","Special Event Downtown MK5 - 2 Hour Max $2.50 HR 8am-8pm Mon-Sat (NFC)","8am","8pm","2 hour","Mon-Sat","$2.50 HR","","",""
"Downtown","East Village","1100 G ST","G-1109","32.713143000","-117.154133000","57185","Special Event Downtown MK5 - 2 Hour Max $2.50 HR 8am-8pm Mon-Sat (NFC)","8am","8pm","2 hour","Mon-Sat","$2.50 HR","","",""
"Downtown","East Village","1100 G ST","G-1101","32.712692000","-117.154463000","57185","Special Event Downtown MK5 - 2 Hour Max $2.50 HR 8am-8pm Mon-Sat (NFC)","8am","8pm","2 hour","Mon-Sat","$2.50 HR","","",""
"Downtown","East Village","1100 G ST","G-1110","32.712689000","-117.154221000","57188","Special Event Downtown MK5 - 9 Hour Max $2.50 HR 8am-8pm Mon-Sat (NFC)","8am","8pm","9 hour","Mon-Sat","$2.50 HR","","",""
"Downtown","East Village","1100 G ST","G-1112","32.712690000","-117.154121000","57188","Special Event Downtown MK5 - 9 Hour Max $2.50 HR 8am-8pm Mon-Sat (NFC)","8am","8pm","9 hour","Mon-Sat","$2.50 HR","","",""
"Downtown","East Village","1100 G ST","G-1104","32.712688000","-117.154354000","57188","Special Event Downtown MK5 - 9 Hour Max $2.50 HR 8am-8pm Mon-Sat (NFC)","8am","8pm","9 hour","Mon-Sat","$2.50 HR","","",""
"Downtown","East Village","1100 G ST","G-1106","32.712690000","-117.154088000","57188","Special Event Downtown MK5 - 9 Hour Max $2.50 HR 8am-8pm Mon-Sat (NFC)","8am","8pm","9 hour","Mon-Sat","$2.50 HR","","",""
"Downtown","East Village","1100 G ST","G-1108","32.712688000","-117.154421000","57188","Special Event Downtown MK5 - 9 Hour Max $2.50 HR 8am-8pm Mon-Sat (NFC)","8am","8pm","9 hour","Mon-Sat","$2.50 HR","","",""
"Downtown","East Village","1100 G ST","G-1107","32.712655000","-117.154185000","57185","Special Event Downtown MK5 - 2 Hour Max $2.50 HR 8am-8pm Mon-Sat (NFC)","8am","8pm","2 hour","Mon-Sat","$2.50 HR","","",""
"Downtown","East Village","1100 MARKET ST","H-1100","32.711762000","-117.154719000","57185","Special Event Downtown MK5 - 2 Hour Max $2.50 HR 8am-8pm Mon-Sat (NFC)","8am","8pm","2 hour","Mon-Sat","$2.50 HR","","",""
"Downtown","East Village","1100 MARKET ST","H-1102","32.711608000","-117.154520000","57185","Special Event Downtown MK5 - 2 Hour Max $2.50 HR 8am-8pm Mon-Sat (NFC)","8am","8pm","2 hour","Mon-Sat","$2.50 HR","","",""
"Downtown","East Village","1200 BROADWAY","D-1203","32.715662000","-117.153582000","57185","Special Event Downtown MK5 - 2 Hour Max $2.50 HR 8am-8pm Mon-Sat (NFC)","8am","8pm","2 hour","Mon-Sat","$2.50 HR","","",""
"Downtown","East Village","1200 BROADWAY","D-1205","32.715663000","-117.153414000","57185","Special Event Downtown MK5 - 2 Hour Max $2.50 HR 8am-8pm Mon-Sat (NFC)","8am","8pm","2 hour","Mon-Sat","$2.50 HR","","",""
"Downtown","East Village","1200 BROADWAY","D-1209","32.715665000","-117.153246000","57185","Special Event Downtown MK5 - 2 Hour Max $2.50 HR 8am-8pm Mon-Sat (NFC)","8am","8pm","2 hour","Mon-Sat","$2.50 HR","","",""
"Downtown","East Village","1200 E ST","E-1205","32.714770000","-117.153580000","57183","Special Event Downtown MK5 - 4 Hour Max $2.50 HR 8am-8pm Mon-Sat (Mobile Pay) (NFC)","8am","8pm","4 hour","Mon-Sat","$2.50 HR","Y","",""
"Downtown","East Village","1200 E ST","E-1207","32.714776383","-117.153583353","57183","Special Event Downtown MK5 - 4 Hour Max $2.50 HR 8am-8pm Mon-Sat (Mobile Pay) (NFC)","8am","8pm","4 hour","Mon-Sat","$2.50 HR","Y","",""
"Downtown","East Village","1200 E ST","E-1215","32.714704000","-117.153069000","57183","Special Event Downtown MK5 - 4 Hour Max $2.50 HR 8am-8pm Mon-Sat (Mobile Pay) (NFC)","8am","8pm","4 hour","Mon-Sat","$2.50 HR","Y","",""
"Downtown","East Village","1200 G ST","G-1209","32.712566000","-117.153414000","57185","Special Event Downtown MK5 - 2 Hour Max $2.50 HR 8am-8pm Mon-Sat (NFC)","8am","8pm","2 hour","Mon-Sat","$2.50 HR","","",""
"Downtown","East Village","1200 G ST","G-1211","32.712554000","-117.153406000","57185","Special Event Downtown MK5 - 2 Hour Max $2.50 HR 8am-8pm Mon-Sat (NFC)","8am","8pm","2 hour","Mon-Sat","$2.50 HR","","",""
"Downtown","East Village","1200 G ST","G-1213","32.712555000","-117.153382000","57185","Special Event Downtown MK5 - 2 Hour Max $2.50 HR 8am-8pm Mon-Sat (NFC)","8am","8pm","2 hour","Mon-Sat","$2.50 HR","","",""
"Downtown","East Village","1200 G ST","G-1215","32.712558000","-117.153368000","57185","Special Event Downtown MK5 - 2 Hour Max $2.50 HR 8am-8pm Mon-Sat (NFC)","8am","8pm","2 hour","Mon-Sat","$2.50 HR","","",""
"Downtown","East Village","1200 G ST","G-1216","32.712704000","-117.152880000","14746","Special Event Downtown MK5 - 9 Hour Max $2.50 HR 8am-8pm Mon-Sat (NFC)","8am","8pm","9 hour","Mon-Sat","$2.50 HR","","",""
"Downtown","East Village","1200 G ST","G-1200","32.712693000","-117.153630000","57188","Special Event Downtown MK5 - 9 Hour Max $2.50 HR 8am-8pm Mon-Sat (NFC)","8am","8pm","9 hour","Mon-Sat","$2.50 HR","","",""
"Downtown","East Village","1200 G ST","G-1202","32.712694000","-117.153513000","57188","Special Event Downtown MK5 - 9 Hour Max $2.50 HR 8am-8pm Mon-Sat (NFC)","8am","8pm","9 hour","Mon-Sat","$2.50 HR","","",""
"Downtown","East Village","1200 G ST","G-1204","32.712694000","-117.153412000","57188","Special Event Downtown MK5 - 9 Hour Max $2.50 HR 8am-8pm Mon-Sat (NFC)","8am","8pm","9 hour","Mon-Sat","$2.50 HR","","",""
"Downtown","East Village","1200 G ST","G-1206","32.712694000","-117.153312000","57188","Special Event Downtown MK5 - 9 Hour Max $2.50 HR 8am-8pm Mon-Sat (NFC)","8am","8pm","9 hour","Mon-Sat","$2.50 HR","","",""
"Downtown","East Village","1200 G ST","G-1208","32.712695000","-117.153212000","57188","Special Event Downtown MK5 - 9 Hour Max $2.50 HR 8am-8pm Mon-Sat (NFC)","8am","8pm","9 hour","Mon-Sat","$2.50 HR","","",""
"Downtown","East Village","1200 G ST","G-1214","32.712693000","-117.153634023","57188","Special Event Downtown MK5 - 9 Hour Max $2.50 HR 8am-8pm Mon-Sat (NFC)","8am","8pm","9 hour","Mon-Sat","$2.50 HR","","",""
"Downtown","East Village","1200 MARKET ST","H-1207","32.711456000","-117.153524000","57185","Special Event Downtown MK5 - 2 Hour Max $2.50 HR 8am-8pm Mon-Sat (NFC)","8am","8pm","2 hour","Mon-Sat","$2.50 HR","","",""
"Downtown","East Village","1200 MARKET ST","H-1208","32.710845000","-117.152980000","57185","Special Event Downtown MK5 - 2 Hour Max $2.50 HR 8am-8pm Mon-Sat (NFC)","8am","8pm","2 hour","Mon-Sat","$2.50 HR","","",""
"Downtown","East Village","1200 MARKET ST","H-1209","32.711458000","-117.153390000","57185","Special Event Downtown MK5 - 2 Hour Max $2.50 HR 8am-8pm Mon-Sat (NFC)","8am","8pm","2 hour","Mon-Sat","$2.50 HR","","",""
"Downtown","East Village","1200 MARKET ST","H-1210","32.710903000","-117.152977000","57185","Special Event Downtown MK5 - 2 Hour Max $2.50 HR 8am-8pm Mon-Sat (NFC)","8am","8pm","2 hour","Mon-Sat","$2.50 HR","","",""
"Downtown","East Village","1200 MARKET ST","H-1211","32.711460000","-117.153273000","57185","Special Event Downtown MK5 - 2 Hour Max $2.50 HR 8am-8pm Mon-Sat (NFC)","8am","8pm","2 hour","Mon-Sat","$2.50 HR","","",""
"Downtown","East Village","1200 MARKET ST","H-1212","32.711293000","-117.152919000","57185","Special Event Downtown MK5 - 2 Hour Max $2.50 HR 8am-8pm Mon-Sat (NFC)","8am","8pm","2 hour","Mon-Sat","$2.50 HR","","",""
"Downtown","East Village","1200 MARKET ST","H-1213","32.711463000","-117.153139000","57185","Special Event Downtown MK5 - 2 Hour Max $2.50 HR 8am-8pm Mon-Sat (NFC)","8am","8pm","2 hour","Mon-Sat","$2.50 HR","","",""
"Downtown","East Village","1200 MARKET ST","H-1214","32.711417000","-117.152886000","57185","Special Event Downtown MK5 - 2 Hour Max $2.50 HR 8am-8pm Mon-Sat (NFC)","8am","8pm","2 hour","Mon-Sat","$2.50 HR","","",""
"Downtown","East Village","1200 MARKET ST","H-1215","32.711465000","-117.153005000","57185","Special Event Downtown MK5 - 2 Hour Max $2.50 HR 8am-8pm Mon-Sat (NFC)","8am","8pm","2 hour","Mon-Sat","$2.50 HR","","",""
"Downtown","East Village","1200 RUSS BLVD","RU-1213","32.719358000","-117.153020000","57004","Downtown MK5 - 2 Hour Max $2.50 HR, 8am-8pm, Mon-Sat, Prepay, NFC","8am","8pm","2 hour","Mon-Sat","$2.50 HR","","",""
"Downtown","East Village","1200 RUSS BLVD","RU-1225","32.719339000","-117.153279000","57004","Downtown MK5 - 2 Hour Max $2.50 HR, 8am-8pm, Mon-Sat, Prepay, NFC","8am","8pm","2 hour","Mon-Sat","$2.50 HR","","",""
"Downtown","East Village","1200 RUSS BLVD","RU-1227","32.719340000","-117.153221000","57004","Downtown MK5 - 2 Hour Max $2.50 HR, 8am-8pm, Mon-Sat, Prepay, NFC","8am","8pm","2 hour","Mon-Sat","$2.50 HR","","",""
"Downtown","East Village","1200 RUSS BLVD","RU-1229","32.719340000","-117.153163000","57004","Downtown MK5 - 2 Hour Max $2.50 HR, 8am-8pm, Mon-Sat, Prepay, NFC","8am","8pm","2 hour","Mon-Sat","$2.50 HR","","",""
"Downtown","East Village","1200 RUSS BLVD","RU-1231","32.719340000","-117.153106000","57004","Downtown MK5 - 2 Hour Max $2.50 HR, 8am-8pm, Mon-Sat, Prepay, NFC","8am","8pm","2 hour","Mon-Sat","$2.50 HR","","",""
"Downtown","East Village","1200 RUSS BLVD","RU-1203","32.719312180","-117.153291329","57004","Downtown MK5 - 2 Hour Max $2.50 HR, 8am-8pm, Mon-Sat, Prepay, NFC","8am","8pm","2 hour","Mon-Sat","$2.50 HR","","",""
"Downtown","East Village","1200 RUSS BLVD","RU-1205","32.719331000","-117.153259000","57004","Downtown MK5 - 2 Hour Max $2.50 HR, 8am-8pm, Mon-Sat, Prepay, NFC","8am","8pm","2 hour","Mon-Sat","$2.50 HR","","",""
"Downtown","East Village","1200 RUSS BLVD","RU-1207","32.719347000","-117.153198000","57004","Downtown MK5 - 2 Hour Max $2.50 HR, 8am-8pm, Mon-Sat, Prepay, NFC","8am","8pm","2 hour","Mon-Sat","$2.50 HR","","",""
"Downtown","East Village","1200 RUSS BLVD","RU-1209","32.719365000","-117.153163000","57004","Downtown MK5 - 2 Hour Max $2.50 HR, 8am-8pm, Mon-Sat, Prepay, NFC","8am","8pm","2 hour","Mon-Sat","$2.50 HR","","",""
"Downtown","East Village","1200 RUSS BLVD","RU-1211","32.719391000","-117.153098000","57004","Downtown MK5 - 2 Hour Max $2.50 HR, 8am-8pm, Mon-Sat, Prepay, NFC","8am","8pm","2 hour","Mon-Sat","$2.50 HR","","",""
"Downtown","East Village","1300 BROADWAY","D-1301","32.715668000","-117.152735000","57185","Special Event Downtown MK5 - 2 Hour Max $2.50 HR 8am-8pm Mon-Sat (NFC)","8am","8pm","2 hour","Mon-Sat","$2.50 HR","","",""
"Downtown","East Village","1300 BROADWAY","D-1303","32.715668000","-117.152636000","57185","Special Event Downtown MK5 - 2 Hour Max $2.50 HR 8am-8pm Mon-Sat (NFC)","8am","8pm","2 hour","Mon-Sat","$2.50 HR","","",""
"Downtown","East Village","1300 C ST","C-1300S","32.716709000","-117.152418000","13178","Downtown MS1 PPD - 4 Hour Max $2.50 HR 8am-8pm Mon-Sat (Mobile Pay) (NFC)","8am","8pm","4 hour","Mon-Sat","$2.50 HR","Y","",""
"Downtown","East Village","1300 C ST","C-1300N","32.716904000","-117.152732000","13178","Downtown MS1 PPD - 4 Hour Max $2.50 HR 8am-8pm Mon-Sat (Mobile Pay) (NFC)","8am","8pm","4 hour","Mon-Sat","$2.50 HR","Y","",""
"Downtown","East Village","1300 E ST","E-1300","32.714786000","-117.152782000","57188","Special Event Downtown MK5 - 9 Hour Max $2.50 HR 8am-8pm Mon-Sat (NFC)","8am","8pm","9 hour","Mon-Sat","$2.50 HR","","",""
"Downtown","East Village","1300 E ST","E-1302","32.714786000","-117.152715000","57188","Special Event Downtown MK5 - 9 Hour Max $2.50 HR 8am-8pm Mon-Sat (NFC)","8am","8pm","9 hour","Mon-Sat","$2.50 HR","","",""
"Downtown","East Village","1300 E ST","E-1303","32.714632000","-117.152664000","57188","Special Event Downtown MK5 - 9 Hour Max $2.50 HR 8am-8pm Mon-Sat (NFC)","8am","8pm","9 hour","Mon-Sat","$2.50 HR","","",""
"Downtown","East Village","1300 E ST","E-1304","32.714786000","-117.152615000","57188","Special Event Downtown MK5 - 9 Hour Max $2.50 HR 8am-8pm Mon-Sat (NFC)","8am","8pm","9 hour","Mon-Sat","$2.50 HR","","",""
"Downtown","East Village","1300 E ST","E-1305","32.714633000","-117.152564000","57188","Special Event Downtown MK5 - 9 Hour Max $2.50 HR 8am-8pm Mon-Sat (NFC)","8am","8pm","9 hour","Mon-Sat","$2.50 HR","","",""
"Downtown","East Village","1300 E ST","E-1306","32.714787000","-117.152498000","57188","Special Event Downtown MK5 - 9 Hour Max $2.50 HR 8am-8pm Mon-Sat (NFC)","8am","8pm","9 hour","Mon-Sat","$2.50 HR","","",""
"Downtown","East Village","1300 E ST","E-1307","32.714633000","-117.152447000","57188","Special Event Downtown MK5 - 9 Hour Max $2.50 HR 8am-8pm Mon-Sat (NFC)","8am","8pm","9 hour","Mon-Sat","$2.50 HR","","",""
"Downtown","East Village","1300 E ST","E-1308","32.714787000","-117.152382000","57188","Special Event Downtown MK5 - 9 Hour Max $2.50 HR 8am-8pm Mon-Sat (NFC)","8am","8pm","9 hour","Mon-Sat","$2.50 HR","","",""
"Downtown","East Village","1300 E ST","E-1310","32.714787000","-117.152332000","57188","Special Event Downtown MK5 - 9 Hour Max $2.50 HR 8am-8pm Mon-Sat (NFC)","8am","8pm","9 hour","Mon-Sat","$2.50 HR","","",""
"Downtown","East Village","1300 E ST","E-1311","32.714634000","-117.152281000","57188","Special Event Downtown MK5 - 9 Hour Max $2.50 HR 8am-8pm Mon-Sat (NFC)","8am","8pm","9 hour","Mon-Sat","$2.50 HR","","",""
"Downtown","East Village","1300 E ST","E-1312","32.714788000","-117.152215000","57188","Special Event Downtown MK5 - 9 Hour Max $2.50 HR 8am-8pm Mon-Sat (NFC)","8am","8pm","9 hour","Mon-Sat","$2.50 HR","","",""
"Downtown","East Village","1300 E ST","E-1313","32.714634000","-117.152164000","57188","Special Event Downtown MK5 - 9 Hour Max $2.50 HR 8am-8pm Mon-Sat (NFC)","8am","8pm","9 hour","Mon-Sat","$2.50 HR","","",""
"Downtown","East Village","1300 G ST","G-1301","32.712543000","-117.152735000","57188","Special Event Downtown MK5 - 9 Hour Max $2.50 HR 8am-8pm Mon-Sat (NFC)","8am","8pm","9 hour","Mon-Sat","$2.50 HR","","",""
"Downtown","East Village","1300 G ST","G-1303","32.712541404","-117.152745058","57188","Special Event Downtown MK5 - 9 Hour Max $2.50 HR 8am-8pm Mon-Sat (NFC)","8am","8pm","9 hour","Mon-Sat","$2.50 HR","","",""
"Downtown","East Village","1300 G ST","G-1305","32.712539011","-117.152751093","57188","Special Event Downtown MK5 - 9 Hour Max $2.50 HR 8am-8pm Mon-Sat (NFC)","8am","8pm","9 hour","Mon-Sat","$2.50 HR","","",""
"Downtown","East Village","1300 G ST","G-1307","32.712545810","-117.152464024","57188","Special Event Downtown MK5 - 9 Hour Max $2.50 HR 8am-8pm Mon-Sat (NFC)","8am","8pm","9 hour","Mon-Sat","$2.50 HR","","",""
"Downtown","East Village","1300 G ST","G-1309","32.712518567","-117.152464793","57188","Special Event Downtown MK5 - 9 Hour Max $2.50 HR 8am-8pm Mon-Sat (NFC)","8am","8pm","9 hour","Mon-Sat","$2.50 HR","","",""
"Downtown","East Village","1300 G ST","G-1311","32.712784000","-117.152333000","57188","Special Event Downtown MK5 - 9 Hour Max $2.50 HR 8am-8pm Mon-Sat (NFC)","8am","8pm","9 hour","Mon-Sat","$2.50 HR","","",""
"Downtown","East Village","1300 G ST","G-1313","32.712544000","-117.152568000","57188","Special Event Downtown MK5 - 9 Hour Max $2.50 HR 8am-8pm Mon-Sat (NFC)","8am","8pm","9 hour","Mon-Sat","$2.50 HR","","",""
"Downtown","East Village","1300 G ST","G-1315","32.712544000","-117.152484000","57188","Special Event Downtown MK5 - 9 Hour Max $2.50 HR 8am-8pm Mon-Sat (NFC)","8am","8pm","9 hour","Mon-Sat","$2.50 HR","","",""
"Downtown","East Village","1300 J ST","J-1304","32.709469110","-117.152497060","57187","Special Event Downtown MK5 - 2 Hour Max $2.50 HR 10am-10pm Mon-Sat (Mobile Pay) (NFC)","10am","10pm","2 hour","Mon-Sat","$2.50 HR","Y","",""
"Downtown","East Village","1300 J ST","J-1306","32.709539355","-117.152338139","57187","Special Event Downtown MK5 - 2 Hour Max $2.50 HR 10am-10pm Mon-Sat (Mobile Pay) (NFC)","10am","10pm","2 hour","Mon-Sat","$2.50 HR","Y","",""
"Downtown","East Village","1300 J ST","J-1308","32.709550639","-117.152289859","57187","Special Event Downtown MK5 - 2 Hour Max $2.50 HR 10am-10pm Mon-Sat (Mobile Pay) (NFC)","10am","10pm","2 hour","Mon-Sat","$2.50 HR","Y","",""
"Downtown","East Village","1300 J ST","J-1310","32.709528917","-117.152151726","57187","Special Event Downtown MK5 - 2 Hour Max $2.50 HR 10am-10pm Mon-Sat (Mobile Pay) (NFC)","10am","10pm","2 hour","Mon-Sat","$2.50 HR","Y","",""
"Downtown","East Village","1300 J ST","J-1312","32.709518761","-117.152165137","57187","Special Event Downtown MK5 - 2 Hour Max $2.50 HR 10am-10pm Mon-Sat (Mobile Pay) (NFC)","10am","10pm","2 hour","Mon-Sat","$2.50 HR","Y","",""
"Downtown","East Village","1300 J ST","J-1315","32.709354574","-117.152277790","57187","Special Event Downtown MK5 - 2 Hour Max $2.50 HR 10am-10pm Mon-Sat (Mobile Pay) (NFC)","10am","10pm","2 hour","Mon-Sat","$2.50 HR","Y","",""
"Downtown","East Village","1300 J ST","J-1301","32.709351471","-117.152593284","57187","Special Event Downtown MK5 - 2 Hour Max $2.50 HR 10am-10pm Mon-Sat (Mobile Pay) (NFC)","10am","10pm","2 hour","Mon-Sat","$2.50 HR","Y","",""
"Downtown","East Village","1300 J ST","J-1303","32.709344700","-117.152437381","57187","Special Event Downtown MK5 - 2 Hour Max $2.50 HR 10am-10pm Mon-Sat (Mobile Pay) (NFC)","10am","10pm","2 hour","Mon-Sat","$2.50 HR","Y","",""
"Downtown","East Village","1300 J ST","J-1305","32.709365858","-117.152541317","57187","Special Event Downtown MK5 - 2 Hour Max $2.50 HR 10am-10pm Mon-Sat (Mobile Pay) (NFC)","10am","10pm","2 hour","Mon-Sat","$2.50 HR","Y","",""
"Downtown","East Village","1300 MARKET ST","H-1307","32.711451766","-117.152371977","57185","Special Event Downtown MK5 - 2 Hour Max $2.50 HR 8am-8pm Mon-Sat (NFC)","8am","8pm","2 hour","Mon-Sat","$2.50 HR","","",""
"Downtown","East Village","1300 MARKET ST","H-1309","32.711438000","-117.152376000","57185","Special Event Downtown MK5 - 2 Hour Max $2.50 HR 8am-8pm Mon-Sat (NFC)","8am","8pm","2 hour","Mon-Sat","$2.50 HR","","",""
"Downtown","East Village","1300 MARKET ST","H-1311","32.711549000","-117.152236000","57185","Special Event Downtown MK5 - 2 Hour Max $2.50 HR 8am-8pm Mon-Sat (NFC)","8am","8pm","2 hour","Mon-Sat","$2.50 HR","","",""
"Downtown","East Village","1300 MARKET ST","H-1313","32.711656000","-117.152160000","57185","Special Event Downtown MK5 - 2 Hour Max $2.50 HR 8am-8pm Mon-Sat (NFC)","8am","8pm","2 hour","Mon-Sat","$2.50 HR","","",""
"Downtown","East Village","1300 MARKET ST","H-1315","32.711464000","-117.152161000","57185","Special Event Downtown MK5 - 2 Hour Max $2.50 HR 8am-8pm Mon-Sat (NFC)","8am","8pm","2 hour","Mon-Sat","$2.50 HR","","",""
"Downtown","East Village","1300 MARKET ST","H-1302","32.711622000","-117.152581000","57185","Special Event Downtown MK5 - 2 Hour Max $2.50 HR 8am-8pm Mon-Sat (NFC)","8am","8pm","2 hour","Mon-Sat","$2.50 HR","","",""
"Downtown","East Village","1300 MARKET ST","H-1304","32.711622000","-117.152481000","57185","Special Event Downtown MK5 - 2 Hour Max $2.50 HR 8am-8pm Mon-Sat (NFC)","8am","8pm","2 hour","Mon-Sat","$2.50 HR","","",""
"Downtown","East Village","1300 MARKET ST","H-1306","32.711469000","-117.152280000","57185","Special Event Downtown MK5 - 2 Hour Max $2.50 HR 8am-8pm Mon-Sat (NFC)","8am","8pm","2 hour","Mon-Sat","$2.50 HR","","",""
"Downtown","East Village","1300 RUSS BLVD","RU-1301","32.719343000","-117.152768000","57004","Downtown MK5 - 2 Hour Max $2.50 HR, 8am-8pm, Mon-Sat, Prepay, NFC","8am","8pm","2 hour","Mon-Sat","$2.50 HR","","",""
"Downtown","East Village","1300 RUSS BLVD","RU-1313","32.719345000","-117.152633000","57004","Downtown MK5 - 2 Hour Max $2.50 HR, 8am-8pm, Mon-Sat, Prepay, NFC","8am","8pm","2 hour","Mon-Sat","$2.50 HR","","",""
"Downtown","East Village","1300 RUSS BLVD","RU-1315","32.719346000","-117.152498000","57004","Downtown MK5 - 2 Hour Max $2.50 HR, 8am-8pm, Mon-Sat, Prepay, NFC","8am","8pm","2 hour","Mon-Sat","$2.50 HR","","",""
"Downtown","East Village","1300 RUSS BLVD","RU-1317","32.719347000","-117.152364000","57004","Downtown MK5 - 2 Hour Max $2.50 HR, 8am-8pm, Mon-Sat, Prepay, NFC","8am","8pm","2 hour","Mon-Sat","$2.50 HR","","",""
"Downtown","East Village","1300 RUSS BLVD","RU-1319","32.719348000","-117.152229000","57004","Downtown MK5 - 2 Hour Max $2.50 HR, 8am-8pm, Mon-Sat, Prepay, NFC","8am","8pm","2 hour","Mon-Sat","$2.50 HR","","",""
"Downtown","East Village","1400 BROADWAY","D-1403","32.715673000","-117.151698000","57183","Special Event Downtown MK5 - 4 Hour Max $2.50 HR 8am-8pm Mon-Sat (Mobile Pay) (NFC)","8am","8pm","4 hour","Mon-Sat","$2.50 HR","Y","",""
"Downtown","East Village","1400 BROADWAY","D-1405","32.715673000","-117.151584000","57183","Special Event Downtown MK5 - 4 Hour Max $2.50 HR 8am-8pm Mon-Sat (Mobile Pay) (NFC)","8am","8pm","4 hour","Mon-Sat","$2.50 HR","Y","",""
"Downtown","East Village","1400 BROADWAY","D-1407","32.715674000","-117.151469000","57183","Special Event Downtown MK5 - 4 Hour Max $2.50 HR 8am-8pm Mon-Sat (Mobile Pay) (NFC)","8am","8pm","4 hour","Mon-Sat","$2.50 HR","Y","",""
"Downtown","East Village","1400 BROADWAY","D-1409","32.715675000","-117.151355000","57183","Special Event Downtown MK5 - 4 Hour Max $2.50 HR 8am-8pm Mon-Sat (Mobile Pay) (NFC)","8am","8pm","4 hour","Mon-Sat","$2.50 HR","Y","",""
"Downtown","East Village","1400 BROADWAY","D-1421","32.715666000","-117.150932000","57183","Special Event Downtown MK5 - 4 Hour Max $2.50 HR 8am-8pm Mon-Sat (Mobile Pay) (NFC)","8am","8pm","4 hour","Mon-Sat","$2.50 HR","Y","",""
"Downtown","East Village","1400 BROADWAY","D-1423","32.715672000","-117.150800000","57183","Special Event Downtown MK5 - 4 Hour Max $2.50 HR 8am-8pm Mon-Sat (Mobile Pay) (NFC)","8am","8pm","4 hour","Mon-Sat","$2.50 HR","Y","",""
"Downtown","East Village","1400 BROADWAY","D-1425","32.715677000","-117.150926000","57183","Special Event Downtown MK5 - 4 Hour Max $2.50 HR 8am-8pm Mon-Sat (Mobile Pay) (NFC)","8am","8pm","4 hour","Mon-Sat","$2.50 HR","Y","",""
"Downtown","East Village","1400 BROADWAY","D-1427","32.715678000","-117.150811000","57183","Special Event Downtown MK5 - 4 Hour Max $2.50 HR 8am-8pm Mon-Sat (Mobile Pay) (NFC)","8am","8pm","4 hour","Mon-Sat","$2.50 HR","Y","",""
"Downtown","East Village","1400 BROADWAY","D-1429","32.715678000","-117.150697000","57183","Special Event Downtown MK5 - 4 Hour Max $2.50 HR 8am-8pm Mon-Sat (Mobile Pay) (NFC)","8am","8pm","4 hour","Mon-Sat","$2.50 HR","Y","",""
"Downtown","East Village","1400 BROADWAY","D-1400N","32.715842000","-117.151332000","57174","Special Event Downtown MSPM PPD - 4 Hour Max $2.50 HR 8am-8pm Mon-Sat (Mobile Pay) (NFC)","8am","8pm","4 hour","Mon-Sat","$2.50 HR","Y","Y",""
"Downtown","East Village","1400 E ST","E-1427","32.714893000","-117.150870000","57185","Special Event Downtown MK5 - 2 Hour Max $2.50 HR 8am-8pm Mon-Sat (NFC)","8am","8pm","2 hour","Mon-Sat","$2.50 HR","","",""
"Downtown","East Village","1400 E ST","E-1429","32.714913000","-117.150873000","57185","Special Event Downtown MK5 - 2 Hour Max $2.50 HR 8am-8pm Mon-Sat (NFC)","8am","8pm","2 hour","Mon-Sat","$2.50 HR","","",""
"Downtown","East Village","1400 E ST","E-1433","32.715053000","-117.150708000","57185","Special Event Downtown MK5 - 2 Hour Max $2.50 HR 8am-8pm Mon-Sat (NFC)","8am","8pm","2 hour","Mon-Sat","$2.50 HR","","",""
"Downtown","East Village","1400 E ST","E-1423","32.714816000","-117.150999000","57185","Special Event Downtown MK5 - 2 Hour Max $2.50 HR 8am-8pm Mon-Sat (NFC)","8am","8pm","2 hour","Mon-Sat","$2.50 HR","","",""
"Downtown","East Village","1400 E ST","E-1425","32.714837000","-117.151000000","57185","Special Event Downtown MK5 - 2 Hour Max $2.50 HR 8am-8pm Mon-Sat (NFC)","8am","8pm","2 hour","Mon-Sat","$2.50 HR","","",""
"Downtown","East Village","1400 E ST","E-1431","32.715020000","-117.150687000","57185","Special Event Downtown MK5 - 2 Hour Max $2.50 HR 8am-8pm Mon-Sat (NFC)","8am","8pm","2 hour","Mon-Sat","$2.50 HR","","",""
"Downtown","East Village","1400 E ST","E-1409","32.714636000","-117.151662000","14750","Special Event Downtown MK5 - 9 Hour Max $2.50 HR 8am-8pm Mon-Sat (NFC)","8am","8pm","9 hour","Mon-Sat","$2.50 HR","","",""
"Downtown","East Village","1400 E ST","E-1402","32.714790000","-117.151806000","57188","Special Event Downtown MK5 - 9 Hour Max $2.50 HR 8am-8pm Mon-Sat (NFC)","8am","8pm","9 hour","Mon-Sat","$2.50 HR","","",""
"Downtown","East Village","1400 E ST","E-1404","32.714790000","-117.151778000","57188","Special Event Downtown MK5 - 9 Hour Max $2.50 HR 8am-8pm Mon-Sat (NFC)","8am","8pm","9 hour","Mon-Sat","$2.50 HR","","",""
"Downtown","East Village","1400 E ST","E-1434","32.714794000","-117.150776000","57188","Special Event Downtown MK5 - 9 Hour Max $2.50 HR 8am-8pm Mon-Sat (NFC)","8am","8pm","9 hour","Mon-Sat","$2.50 HR","","",""
"Downtown","East Village","1400 E ST","E-1436","32.714794000","-117.150691000","57188","Special Event Downtown MK5 - 9 Hour Max $2.50 HR 8am-8pm Mon-Sat (NFC)","8am","8pm","9 hour","Mon-Sat","$2.50 HR","","",""
"Downtown","East Village","1400 E ST","E-1438","32.714794000","-117.150662000","57188","Special Event Downtown MK5 - 9 Hour Max $2.50 HR 8am-8pm Mon-Sat (NFC)","8am","8pm","9 hour","Mon-Sat","$2.50 HR","","",""
"Downtown","East Village","1400 E ST","E-1440","32.714794000","-117.150633000","57188","Special Event Downtown MK5 - 9 Hour Max $2.50 HR 8am-8pm Mon-Sat (NFC)","8am","8pm","9 hour","Mon-Sat","$2.50 HR","","",""
"Downtown","East Village","1400 E ST","E-1442","32.714794000","-117.150576000","57188","Special Event Downtown MK5 - 9 Hour Max $2.50 HR 8am-8pm Mon-Sat (NFC)","8am","8pm","9 hour","Mon-Sat","$2.50 HR","","",""
"Downtown","East Village","1400 E ST","E-1430","32.714793000","-117.150948000","57188","Special Event Downtown MK5 - 9 Hour Max $2.50 HR 8am-8pm Mon-Sat (NFC)","8am","8pm","9 hour","Mon-Sat","$2.50 HR","","",""
"Downtown","East Village","1400 E ST","E-1428","32.714793000","-117.151005000","57188","Special Event Downtown MK5 - 9 Hour Max $2.50 HR 8am-8pm Mon-Sat (NFC)","8am","8pm","9 hour","Mon-Sat","$2.50 HR","","",""
"Downtown","East Village","1400 E ST","E-1405","32.714636000","-117.151748000","57188","Special Event Downtown MK5 - 9 Hour Max $2.50 HR 8am-8pm Mon-Sat (NFC)","8am","8pm","9 hour","Mon-Sat","$2.50 HR","","",""
"Downtown","East Village","1400 E ST","E-1432","32.714793000","-117.150862000","57188","Special Event Downtown MK5 - 9 Hour Max $2.50 HR 8am-8pm Mon-Sat (NFC)","8am","8pm","9 hour","Mon-Sat","$2.50 HR","","",""
"Downtown","East Village","1400 E ST","E-1411","32.714636000","-117.151634000","57188","Special Event Downtown MK5 - 9 Hour Max $2.50 HR 8am-8pm Mon-Sat (NFC)","8am","8pm","9 hour","Mon-Sat","$2.50 HR","","",""
"Downtown","East Village","1400 E ST","E-1412","32.714790000","-117.151577000","57188","Special Event Downtown MK5 - 9 Hour Max $2.50 HR 8am-8pm Mon-Sat (NFC)","8am","8pm","9 hour","Mon-Sat","$2.50 HR","","",""
"Downtown","East Village","1400 E ST","E-1413","32.714637000","-117.151548000","57188","Special Event Downtown MK5 - 9 Hour Max $2.50 HR 8am-8pm Mon-Sat (NFC)","8am","8pm","9 hour","Mon-Sat","$2.50 HR","","",""
"Downtown","East Village","1400 E ST","E-1414","32.714791000","-117.151492000","57188","Special Event Downtown MK5 - 9 Hour Max $2.50 HR 8am-8pm Mon-Sat (NFC)","8am","8pm","9 hour","Mon-Sat","$2.50 HR","","",""
"Downtown","East Village","1400 E ST","E-1416","32.714791000","-117.151463000","57188","Special Event Downtown MK5 - 9 Hour Max $2.50 HR 8am-8pm Mon-Sat (NFC)","8am","8pm","9 hour","Mon-Sat","$2.50 HR","","",""
"Downtown","East Village","1400 E ST","E-1417","32.714810545","-117.151737334","57188","Special Event Downtown MK5 - 9 Hour Max $2.50 HR 8am-8pm Mon-Sat (NFC)","8am","8pm","9 hour","Mon-Sat","$2.50 HR","","",""
"Downtown","East Village","1400 E ST","E-1418","32.714791000","-117.151377000","57188","Special Event Downtown MK5 - 9 Hour Max $2.50 HR 8am-8pm Mon-Sat (NFC)","8am","8pm","9 hour","Mon-Sat","$2.50 HR","","",""
"Downtown","East Village","1400 E ST","E-1419","32.714637000","-117.151348000","57188","Special Event Downtown MK5 - 9 Hour Max $2.50 HR 8am-8pm Mon-Sat (NFC)","8am","8pm","9 hour","Mon-Sat","$2.50 HR","","",""
"Downtown","East Village","1400 E ST","E-1420","32.714792000","-117.151291000","57188","Special Event Downtown MK5 - 9 Hour Max $2.50 HR 8am-8pm Mon-Sat (NFC)","8am","8pm","9 hour","Mon-Sat","$2.50 HR","","",""
"Downtown","East Village","1400 E ST","E-1422","32.714792000","-117.151263000","57188","Special Event Downtown MK5 - 9 Hour Max $2.50 HR 8am-8pm Mon-Sat (NFC)","8am","8pm","9 hour","Mon-Sat","$2.50 HR","","",""
"Downtown","East Village","1400 E ST","E-1407","32.714636000","-117.151720000","57188","Special Event Downtown MK5 - 9 Hour Max $2.50 HR 8am-8pm Mon-Sat (NFC)","8am","8pm","9 hour","Mon-Sat","$2.50 HR","","",""
"Downtown","East Village","1400 E ST","E-1426","32.714792000","-117.151091000","57188","Special Event Downtown MK5 - 9 Hour Max $2.50 HR 8am-8pm Mon-Sat (NFC)","8am","8pm","9 hour","Mon-Sat","$2.50 HR","","",""
"Downtown","East Village","1400 E ST","E-1424","32.714792000","-117.151177000","57188","Special Event Downtown MK5 - 9 Hour Max $2.50 HR 8am-8pm Mon-Sat (NFC)","8am","8pm","9 hour","Mon-Sat","$2.50 HR","","",""
"Downtown","East Village","1400 G ST","G-1422","32.712706000","-117.150929000","57188","Special Event Downtown MK5 - 9 Hour Max $2.50 HR 8am-8pm Mon-Sat (NFC)","8am","8pm","9 hour","Mon-Sat","$2.50 HR","","",""
"Downtown","East Village","1400 G ST","G-1424","32.712706000","-117.150872000","57188","Special Event Downtown MK5 - 9 Hour Max $2.50 HR 8am-8pm Mon-Sat (NFC)","8am","8pm","9 hour","Mon-Sat","$2.50 HR","","",""
"Downtown","East Village","1400 G ST","G-1426","32.712707000","-117.150786000","57188","Special Event Downtown MK5 - 9 Hour Max $2.50 HR 8am-8pm Mon-Sat (NFC)","8am","8pm","9 hour","Mon-Sat","$2.50 HR","","",""
"Downtown","East Village","1400 G ST","G-1428","32.712707000","-117.150728000","57188","Special Event Downtown MK5 - 9 Hour Max $2.50 HR 8am-8pm Mon-Sat (NFC)","8am","8pm","9 hour","Mon-Sat","$2.50 HR","","",""
"Downtown","East Village","1400 G ST","G-1430","32.712708000","-117.150642000","57188","Special Event Downtown MK5 - 9 Hour Max $2.50 HR 8am-8pm Mon-Sat (NFC)","8am","8pm","9 hour","Mon-Sat","$2.50 HR","","",""
"Downtown","East Village","1400 G ST","G-1432","32.712708000","-117.150585000","57188","Special Event Downtown MK5 - 9 Hour Max $2.50 HR 8am-8pm Mon-Sat (NFC)","8am","8pm","9 hour","Mon-Sat","$2.50 HR","","",""
"Downtown","East Village","1400 G ST","G-1434","32.712708000","-117.150498000","57188","Special Event Downtown MK5 - 9 Hour Max $2.50 HR 8am-8pm Mon-Sat (NFC)","8am","8pm","9 hour","Mon-Sat","$2.50 HR","","",""
"Downtown","East Village","1400 G ST","G-1400S","32.715640000","-117.151885000","60376","Special Event East Village MS3 - 9 Hour MS3 $2.50 HR, 8am-8pm Mon-Sat, Prepay, NFC","8am","8pm","9 hour","Mon-Sat","$2.50 HR","","",""
"Downtown","East Village","1400 G ST","G-1400N","32.712711385","-117.151240972","56846","San Diego CA MS3 DEFAULT","","","","","","","",""
"Downtown","East Village","1400 MARKET ST","H-1400","32.711621000","-117.151769000","57185","Special Event Downtown MK5 - 2 Hour Max $2.50 HR 8am-8pm Mon-Sat (NFC)","8am","8pm","2 hour","Mon-Sat","$2.50 HR","","",""
"Downtown","East Village","1400 MARKET ST","H-1402","32.711620000","-117.151654000","57185","Special Event Downtown MK5 - 2 Hour Max $2.50 HR 8am-8pm Mon-Sat (NFC)","8am","8pm","2 hour","Mon-Sat","$2.50 HR","","",""
"Downtown","East Village","1400 MARKET ST","H-1404","32.711619000","-117.151568000","57185","Special Event Downtown MK5 - 2 Hour Max $2.50 HR 8am-8pm Mon-Sat (NFC)","8am","8pm","2 hour","Mon-Sat","$2.50 HR","","",""
"Downtown","East Village","1400 MARKET ST","H-1406","32.711618000","-117.151482000","57185","Special Event Downtown MK5 - 2 Hour Max $2.50 HR 8am-8pm Mon-Sat (NFC)","8am","8pm","2 hour","Mon-Sat","$2.50 HR","","",""
"Downtown","East Village","1400 MARKET ST","H-1429","32.711462000","-117.151284000","57185","Special Event Downtown MK5 - 2 Hour Max $2.50 HR 8am-8pm Mon-Sat (NFC)","8am","8pm","2 hour","Mon-Sat","$2.50 HR","","",""
"Downtown","East Village","1400 MARKET ST","H-1431","32.711461000","-117.151112000","57185","Special Event Downtown MK5 - 2 Hour Max $2.50 HR 8am-8pm Mon-Sat (NFC)","8am","8pm","2 hour","Mon-Sat","$2.50 HR","","",""
"Downtown","East Village","1400 MARKET ST","H-1433","32.711459000","-117.150911000","57185","Special Event Downtown MK5 - 2 Hour Max $2.50 HR 8am-8pm Mon-Sat (NFC)","8am","8pm","2 hour","Mon-Sat","$2.50 HR","","",""
"Downtown","East Village","1400 MARKET ST","H-1435","32.711467969","-117.150720729","57185","Special Event Downtown MK5 - 2 Hour Max $2.50 HR 8am-8pm Mon-Sat (NFC)","8am","8pm","2 hour","Mon-Sat","$2.50 HR","","",""
"Downtown","East Village","1400 MARKET ST","H-1428","32.711456000","-117.150710000","57185","Special Event Downtown MK5 - 2 Hour Max $2.50 HR 8am-8pm Mon-Sat (NFC)","8am","8pm","2 hour","Mon-Sat","$2.50 HR","","",""
"Downtown","East Village","1400 MARKET ST","H-1430","32.711459192","-117.150712682","57185","Special Event Downtown MK5 - 2 Hour Max $2.50 HR 8am-8pm Mon-Sat (NFC)","8am","8pm","2 hour","Mon-Sat","$2.50 HR","","",""
"Downtown","East Village","1500 BROADWAY","D-1515","32.715684309","-117.149914428","57185","Special Event Downtown MK5 - 2 Hour Max $2.50 HR 8am-8pm Mon-Sat (NFC)","8am","8pm","2 hour","Mon-Sat","$2.50 HR","","",""
"Downtown","East Village","1500 BROADWAY","D-1517","32.715665691","-117.149856761","57185","Special Event Downtown MK5 - 2 Hour Max $2.50 HR 8am-8pm Mon-Sat (NFC)","8am","8pm","2 hour","Mon-Sat","$2.50 HR","","",""
"Downtown","East Village","1500 BROADWAY","D-1519","32.715678667","-117.149808481","57185","Special Event Downtown MK5 - 2 Hour Max $2.50 HR 8am-8pm Mon-Sat (NFC)","8am","8pm","2 hour","Mon-Sat","$2.50 HR","","",""
"Downtown","East Village","1500 BROADWAY","D-1508","32.715654000","-117.150037000","57185","Special Event Downtown MK5 - 2 Hour Max $2.50 HR 8am-8pm Mon-Sat (NFC)","8am","8pm","2 hour","Mon-Sat","$2.50 HR","","",""
"Downtown","East Village","1500 BROADWAY","D-1510","32.715604000","-117.150022000","57185","Special Event Downtown MK5 - 2 Hour Max $2.50 HR 8am-8pm Mon-Sat (NFC)","8am","8pm","2 hour","Mon-Sat","$2.50 HR","","",""
"Downtown","East Village","1500 BROADWAY","D-1512","32.715692000","-117.149725000","57185","Special Event Downtown MK5 - 2 Hour Max $2.50 HR 8am-8pm Mon-Sat (NFC)","8am","8pm","2 hour","Mon-Sat","$2.50 HR","","",""
"Downtown","East Village","1500 BROADWAY","D-1514","32.715698000","-117.149809000","57185","Special Event Downtown MK5 - 2 Hour Max $2.50 HR 8am-8pm Mon-Sat (NFC)","8am","8pm","2 hour","Mon-Sat","$2.50 HR","","",""
"Downtown","East Village","1500 E ST","E-1501","32.714642000","-117.150281000","57185","Special Event Downtown MK5 - 2 Hour Max $2.50 HR 8am-8pm Mon-Sat (NFC)","8am","8pm","2 hour","Mon-Sat","$2.50 HR","","",""
"Downtown","East Village","1500 E ST","E-1503","32.714642000","-117.150180000","57185","Special Event Downtown MK5 - 2 Hour Max $2.50 HR 8am-8pm Mon-Sat (NFC)","8am","8pm","2 hour","Mon-Sat","$2.50 HR","","",""
"Downtown","East Village","1500 E ST","E-1505","32.714642000","-117.150095000","57185","Special Event Downtown MK5 - 2 Hour Max $2.50 HR 8am-8pm Mon-Sat (NFC)","8am","8pm","2 hour","Mon-Sat","$2.50 HR","","",""
"Downtown","East Village","1500 E ST","E-1513","32.714644000","-117.149724000","57188","Special Event Downtown MK5 - 9 Hour Max $2.50 HR 8am-8pm Mon-Sat (NFC)","8am","8pm","9 hour","Mon-Sat","$2.50 HR","","",""
"Downtown","East Village","1500 G ST","G-1523","32.712558000","-117.149741000","57188","Special Event Downtown MK5 - 9 Hour Max $2.50 HR 8am-8pm Mon-Sat (NFC)","8am","8pm","9 hour","Mon-Sat","$2.50 HR","","",""
"Downtown","East Village","1500 G ST","G-1531","32.712535000","-117.149718000","57188","Special Event Downtown MK5 - 9 Hour Max $2.50 HR 8am-8pm Mon-Sat (NFC)","8am","8pm","9 hour","Mon-Sat","$2.50 HR","","",""
"Downtown","East Village","1500 G ST","G-1533","32.712555000","-117.149695000","57188","Special Event Downtown MK5 - 9 Hour Max $2.50 HR 8am-8pm Mon-Sat (NFC)","8am","8pm","9 hour","Mon-Sat","$2.50 HR","","",""
"Downtown","East Village","1500 G ST","G-1514","32.712811151","-117.149394058","57185","Special Event Downtown MK5 - 2 Hour Max $2.50 HR 8am-8pm Mon-Sat (NFC)","8am","8pm","2 hour","Mon-Sat","$2.50 HR","","",""
"Downtown","East Village","1500 G ST","G-1502","32.712712000","-117.150170000","57185","Special Event Downtown MK5 - 2 Hour Max $2.50 HR 8am-8pm Mon-Sat (NFC)","8am","8pm","2 hour","Mon-Sat","$2.50 HR","","",""
"Downtown","East Village","1500 G ST","G-1504","32.712682000","-117.150238000","57185","Special Event Downtown MK5 - 2 Hour Max $2.50 HR 8am-8pm Mon-Sat (NFC)","8am","8pm","2 hour","Mon-Sat","$2.50 HR","","",""
"Downtown","East Village","1500 G ST","G-1512","32.712396000","-117.150372000","57185","Special Event Downtown MK5 - 2 Hour Max $2.50 HR 8am-8pm Mon-Sat (NFC)","8am","8pm","2 hour","Mon-Sat","$2.50 HR","","",""
"Downtown","East Village","1500 G ST","G-1525","32.712558000","-117.149674000","9268","9 Hour Max $2.50 HR 8am-6pm Mon-Sat (NFC)","8am","6pm","9 hour","Mon-Sat","$2.50 HR","","",""
"Downtown","East Village","1500 MARKET ST","H-1500","32.711608000","-117.150163000","57185","Special Event Downtown MK5 - 2 Hour Max $2.50 HR 8am-8pm Mon-Sat (NFC)","8am","8pm","2 hour","Mon-Sat","$2.50 HR","","",""
"Downtown","East Village","1500 MARKET ST","H-1512","32.711611000","-117.149831000","57185","Special Event Downtown MK5 - 2 Hour Max $2.50 HR 8am-8pm Mon-Sat (NFC)","8am","8pm","2 hour","Mon-Sat","$2.50 HR","","",""
"Downtown","East Village","1500 MARKET ST","H-1514","32.711612000","-117.149665000","57185","Special Event Downtown MK5 - 2 Hour Max $2.50 HR 8am-8pm Mon-Sat (NFC)","8am","8pm","2 hour","Mon-Sat","$2.50 HR","","",""
"Downtown","East Village","1600 BROADWAY","D-1604","32.715846000","-117.149263000","57185","Special Event Downtown MK5 - 2 Hour Max $2.50 HR 8am-8pm Mon-Sat (NFC)","8am","8pm","2 hour","Mon-Sat","$2.50 HR","","",""
"Downtown","East Village","1600 BROADWAY","D-1606","32.715863000","-117.149105000","57185","Special Event Downtown MK5 - 2 Hour Max $2.50 HR 8am-8pm Mon-Sat (NFC)","8am","8pm","2 hour","Mon-Sat","$2.50 HR","","",""
"Downtown","East Village","1600 BROADWAY","D-1608","32.715841000","-117.149070000","57185","Special Event Downtown MK5 - 2 Hour Max $2.50 HR 8am-8pm Mon-Sat (NFC)","8am","8pm","2 hour","Mon-Sat","$2.50 HR","","",""
"Downtown","East Village","1600 BROADWAY","D-1609","32.715859156","-117.149038840","57185","Special Event Downtown MK5 - 2 Hour Max $2.50 HR 8am-8pm Mon-Sat (NFC)","8am","8pm","2 hour","Mon-Sat","$2.50 HR","","",""
"Downtown","East Village","1600 BROADWAY","D-1610","32.715842000","-117.148920000","57185","Special Event Downtown MK5 - 2 Hour Max $2.50 HR 8am-8pm Mon-Sat (NFC)","8am","8pm","2 hour","Mon-Sat","$2.50 HR","","",""
"Downtown","East Village","1600 BROADWAY","D-1612","32.715842000","-117.148853000","57185","Special Event Downtown MK5 - 2 Hour Max $2.50 HR 8am-8pm Mon-Sat (NFC)","8am","8pm","2 hour","Mon-Sat","$2.50 HR","","",""
"Downtown","East Village","1600 BROADWAY","D-1615","32.715892479","-117.148825857","57185","Special Event Downtown MK5 - 2 Hour Max $2.50 HR 8am-8pm Mon-Sat (NFC)","8am","8pm","2 hour","Mon-Sat","$2.50 HR","","",""
"Downtown","East Village","1600 BROADWAY","D-1616","32.715844000","-117.148702000","57185","Special Event Downtown MK5 - 2 Hour Max $2.50 HR 8am-8pm Mon-Sat (NFC)","8am","8pm","2 hour","Mon-Sat","$2.50 HR","","",""
"Downtown","East Village","700 E ST","E-700","32.714749000","-117.158236000","57186","Special Event Downtown MK5 - 1 Hour Max $2.50 HR 8am-8pm Mon-Sat (NFC)","8am","8pm","1 hour","Mon-Sat","$2.50 HR","","",""
"Downtown","East Village","700 E ST","E-701","32.714595000","-117.158185000","57186","Special Event Downtown MK5 - 1 Hour Max $2.50 HR 8am-8pm Mon-Sat (NFC)","8am","8pm","1 hour","Mon-Sat","$2.50 HR","","",""
"Downtown","East Village","700 E ST","E-702","32.714749000","-117.158119000","57186","Special Event Downtown MK5 - 1 Hour Max $2.50 HR 8am-8pm Mon-Sat (NFC)","8am","8pm","1 hour","Mon-Sat","$2.50 HR","","",""
"Downtown","East Village","700 E ST","E-703","32.714596000","-117.158067000","57186","Special Event Downtown MK5 - 1 Hour Max $2.50 HR 8am-8pm Mon-Sat (NFC)","8am","8pm","1 hour","Mon-Sat","$2.50 HR","","",""
"Downtown","East Village","700 E ST","E-704","32.714750000","-117.158002000","57186","Special Event Downtown MK5 - 1 Hour Max $2.50 HR 8am-8pm Mon-Sat (NFC)","8am","8pm","1 hour","Mon-Sat","$2.50 HR","","",""
"Downtown","East Village","700 E ST","E-706","32.714751000","-117.157952000","57186","Special Event Downtown MK5 - 1 Hour Max $2.50 HR 8am-8pm Mon-Sat (NFC)","8am","8pm","1 hour","Mon-Sat","$2.50 HR","","",""
"Downtown","East Village","700 E ST","E-708","32.714751000","-117.157885000","57186","Special Event Downtown MK5 - 1 Hour Max $2.50 HR 8am-8pm Mon-Sat (NFC)","8am","8pm","1 hour","Mon-Sat","$2.50 HR","","",""
"Downtown","East Village","700 E ST","E-710","32.714752000","-117.157818000","57186","Special Event Downtown MK5 - 1 Hour Max $2.50 HR 8am-8pm Mon-Sat (NFC)","8am","8pm","1 hour","Mon-Sat","$2.50 HR","","",""
"Downtown","East Village","700 E ST","E-711","32.714598000","-117.157767000","57186","Special Event Downtown MK5 - 1 Hour Max $2.50 HR 8am-8pm Mon-Sat (NFC)","8am","8pm","1 hour","Mon-Sat","$2.50 HR","","",""
"Downtown","East Village","700 E ST","E-712","32.714752000","-117.157701000","57186","Special Event Downtown MK5 - 1 Hour Max $2.50 HR 8am-8pm Mon-Sat (NFC)","8am","8pm","1 hour","Mon-Sat","$2.50 HR","","",""
"Downtown","East Village","700 E ST","E-713","32.714599000","-117.157649000","57186","Special Event Downtown MK5 - 1 Hour Max $2.50 HR 8am-8pm Mon-Sat (NFC)","8am","8pm","1 hour","Mon-Sat","$2.50 HR","","",""
"Downtown","East Village","800 E ST","E-804","32.714759000","-117.157042000","12528","30 Min Max 8am-6pm Mon-Sat (Sensor Courtesy)","8am","6pm","30 min","Mon-Sat","","","",""
"Downtown","East Village","800 E ST","E-812","32.714762000","-117.156674000","57001","Downtown MK5 – 30 Min Max $2.50 HR, 8am-8pm, Mon-Sat, Prepay, NFC, (Sensor Courtesy)","8am","8pm","30 min","Mon-Sat","$2.50 HR","","",""
"Downtown","East Village","800 E ST","E-800","32.714756000","-117.157276000","57001","Downtown MK5 – 30 Min Max $2.50 HR, 8am-8pm, Mon-Sat, Prepay, NFC, (Sensor Courtesy)","8am","8pm","30 min","Mon-Sat","$2.50 HR","","",""
"Downtown","East Village","800 E ST","E-802","32.714757000","-117.157159000","57001","Downtown MK5 – 30 Min Max $2.50 HR, 8am-8pm, Mon-Sat, Prepay, NFC, (Sensor Courtesy)","8am","8pm","30 min","Mon-Sat","$2.50 HR","","",""
"Downtown","East Village","900 E ST","E-913","32.714615000","-117.155822000","57185","Special Event Downtown MK5 - 2 Hour Max $2.50 HR 8am-8pm Mon-Sat (NFC)","8am","8pm","2 hour","Mon-Sat","$2.50 HR","","",""
"Downtown","East Village","900 E ST","E-915","32.714616000","-117.155703000","57185","Special Event Downtown MK5 - 2 Hour Max $2.50 HR 8am-8pm Mon-Sat (NFC)","8am","8pm","2 hour","Mon-Sat","$2.50 HR","","",""
"Downtown","East Village","900 E ST","E-907","32.714613000","-117.156126000","57185","Special Event Downtown MK5 - 2 Hour Max $2.50 HR 8am-8pm Mon-Sat (NFC)","8am","8pm","2 hour","Mon-Sat","$2.50 HR","","",""
"Downtown","East Village","900 E ST","E-905","32.714612000","-117.156244000","57185","Special Event Downtown MK5 - 2 Hour Max $2.50 HR 8am-8pm Mon-Sat (NFC)","8am","8pm","2 hour","Mon-Sat","$2.50 HR","","",""
"Downtown","East Village","900 E ST","E-911","32.714614000","-117.155940000","57185","Special Event Downtown MK5 - 2 Hour Max $2.50 HR 8am-8pm Mon-Sat (NFC)","8am","8pm","2 hour","Mon-Sat","$2.50 HR","","",""
"Downtown","East Village","900 E ST","E-910","32.714768000","-117.155992000","57183","Special Event Downtown MK5 - 4 Hour Max $2.50 HR 8am-8pm Mon-Sat (Mobile Pay) (NFC)","8am","8pm","4 hour","Mon-Sat","$2.50 HR","Y","",""
"Downtown","East Village","900 E ST","E-900","32.714765000","-117.156415000","57183","Special Event Downtown MK5 - 4 Hour Max $2.50 HR 8am-8pm Mon-Sat (Mobile Pay) (NFC)","8am","8pm","4 hour","Mon-Sat","$2.50 HR","Y","",""
"Downtown","East Village","900 E ST","E-902","32.714765000","-117.156364000","57183","Special Event Downtown MK5 - 4 Hour Max $2.50 HR 8am-8pm Mon-Sat (Mobile Pay) (NFC)","8am","8pm","4 hour","Mon-Sat","$2.50 HR","Y","",""
"Downtown","East Village","900 E ST","E-904","32.714766000","-117.156296000","57183","Special Event Downtown MK5 - 4 Hour Max $2.50 HR 8am-8pm Mon-Sat (Mobile Pay) (NFC)","8am","8pm","4 hour","Mon-Sat","$2.50 HR","Y","",""
"Downtown","East Village","900 E ST","E-906","32.714766000","-117.156178000","57183","Special Event Downtown MK5 - 4 Hour Max $2.50 HR 8am-8pm Mon-Sat (Mobile Pay) (NFC)","8am","8pm","4 hour","Mon-Sat","$2.50 HR","Y","",""
"Downtown","East Village","900 E ST","E-908","32.714767000","-117.156060000","57183","Special Event Downtown MK5 - 4 Hour Max $2.50 HR 8am-8pm Mon-Sat (Mobile Pay) (NFC)","8am","8pm","4 hour","Mon-Sat","$2.50 HR","Y","",""
"Downtown","East Village","900 E ST","E-912","32.714769000","-117.155874000","57183","Special Event Downtown MK5 - 4 Hour Max $2.50 HR 8am-8pm Mon-Sat (Mobile Pay) (NFC)","8am","8pm","4 hour","Mon-Sat","$2.50 HR","Y","",""
"Downtown","East Village","300 TENTH AVE","10-303","32.708285000","-117.155437000","13383","DOWNTOWN NO PARK Single Space 2 hour meters Petco Special Event (Mobile Pay) (NFC)","","","2 hour","","","Y","",""
"Downtown","East Village","300 TENTH AVE","10-307","32.708431000","-117.155539000","13383","DOWNTOWN NO PARK Single Space 2 hour meters Petco Special Event (Mobile Pay) (NFC)","","","2 hour","","","Y","",""
"Downtown","East Village","300 TENTH AVE","10-309","32.708648000","-117.155592000","13383","DOWNTOWN NO PARK Single Space 2 hour meters Petco Special Event (Mobile Pay) (NFC)","","","2 hour","","","Y","",""
"Downtown","East Village","300 TENTH AVE","10-311","32.708890000","-117.155714000","13383","DOWNTOWN NO PARK Single Space 2 hour meters Petco Special Event (Mobile Pay) (NFC)","","","2 hour","","","Y","",""
"Downtown","East Village","600 TENTH AVE","10-601","32.711679000","-117.155489000","57185","Special Event Downtown MK5 - 2 Hour Max $2.50 HR 8am-8pm Mon-Sat (NFC)","8am","8pm","2 hour","Mon-Sat","$2.50 HR","","",""
"Downtown","East Village","600 TENTH AVE","10-603","32.711778000","-117.155490000","57185","Special Event Downtown MK5 - 2 Hour Max $2.50 HR 8am-8pm Mon-Sat (NFC)","8am","8pm","2 hour","Mon-Sat","$2.50 HR","","",""
"Downtown","East Village","600 TENTH AVE","10-605","32.711877000","-117.155492000","57185","Special Event Downtown MK5 - 2 Hour Max $2.50 HR 8am-8pm Mon-Sat (NFC)","8am","8pm","2 hour","Mon-Sat","$2.50 HR","","",""
"Downtown","East Village","600 TENTH AVE","10-613","32.712274000","-117.155497000","57190","Special Event Downtown MK5 - 2 Hour Max $2.50 HR 8am-8pm Mon-Sat (NFC)","8am","8pm","2 hour","Mon-Sat","$2.50 HR","","",""
"Downtown","East Village","600 TENTH AVE","10-619","32.712373000","-117.155498000","57190","Special Event Downtown MK5 - 2 Hour Max $2.50 HR 8am-8pm Mon-Sat (NFC)","8am","8pm","2 hour","Mon-Sat","$2.50 HR","","",""
"Downtown","East Village","600 TENTH AVE","10-625","32.712472000","-117.155500000","57190","Special Event Downtown MK5 - 2 Hour Max $2.50 HR 8am-8pm Mon-Sat (NFC)","8am","8pm","2 hour","Mon-Sat","$2.50 HR","","",""
"Downtown","East Village","600 TENTH AVE","10-607","32.711976000","-117.155493000","57191","Special Event Downtown MK5 - 2 Hour Max $2.50 HR 8am-8pm Mon-Sat (NFC)","8am","8pm","2 hour","Mon-Sat","$2.50 HR","","",""
"Downtown","East Village","600 TENTH AVE","10-609","32.712076000","-117.155494000","57191","Special Event Downtown MK5 - 2 Hour Max $2.50 HR 8am-8pm Mon-Sat (NFC)","8am","8pm","2 hour","Mon-Sat","$2.50 HR","","",""
"Downtown","East Village","600 TENTH AVE","10-611","32.712175000","-117.155496000","57191","Special Event Downtown MK5 - 2 Hour Max $2.50 HR 8am-8pm Mon-Sat (NFC)","8am","8pm","2 hour","Mon-Sat","$2.50 HR","","",""
"Downtown","East Village","400 ELEVENTH AVE","11-420","32.710219000","-117.154526000","50400","DOWNTOWN NO PARK PREPAY 2 Hour Max $2.50 HR 8am-6pm Mon-Sat (Mobile Pay) (NFC) (Petco Special Events) NP Thursday 2am-5am","8am","6pm","2 hour","Mon-Sat","$2.50 HR","Y","",""
"Downtown","East Village","500 THIRTEENTH ST","13-502","32.710708404","-117.152887322","57185","Special Event Downtown MK5 - 2 Hour Max $2.50 HR 8am-8pm Mon-Sat (NFC)","8am","8pm","2 hour","Mon-Sat","$2.50 HR","","",""
"Downtown","East Village","500 THIRTEENTH ST","13-504","32.710689221","-117.152882628","57185","Special Event Downtown MK5 - 2 Hour Max $2.50 HR 8am-8pm Mon-Sat (NFC)","8am","8pm","2 hour","Mon-Sat","$2.50 HR","","",""
"Downtown","East Village","500 THIRTEENTH ST","13-506","32.710633000","-117.152926000","57185","Special Event Downtown MK5 - 2 Hour Max $2.50 HR 8am-8pm Mon-Sat (NFC)","8am","8pm","2 hour","Mon-Sat","$2.50 HR","","",""
"Downtown","East Village","500 THIRTEENTH ST","13-508","32.710692000","-117.152926000","57185","Special Event Downtown MK5 - 2 Hour Max $2.50 HR 8am-8pm Mon-Sat (NFC)","8am","8pm","2 hour","Mon-Sat","$2.50 HR","","",""
"Downtown","East Village","500 THIRTEENTH ST","13-510","32.710768775","-117.152896709","57185","Special Event Downtown MK5 - 2 Hour Max $2.50 HR 8am-8pm Mon-Sat (NFC)","8am","8pm","2 hour","Mon-Sat","$2.50 HR","","",""
"Downtown","East Village","500 THIRTEENTH ST","13-512","32.710808269","-117.152867875","57185","Special Event Downtown MK5 - 2 Hour Max $2.50 HR 8am-8pm Mon-Sat (NFC)","8am","8pm","2 hour","Mon-Sat","$2.50 HR","","",""
"Downtown","East Village","500 THIRTEENTH ST","13-514","32.710892000","-117.152928000","57185","Special Event Downtown MK5 - 2 Hour Max $2.50 HR 8am-8pm Mon-Sat (NFC)","8am","8pm","2 hour","Mon-Sat","$2.50 HR","","",""
"Downtown","East Village","500 THIRTEENTH ST","13-526","32.710952000","-117.152929000","57185","Special Event Downtown MK5 - 2 Hour Max $2.50 HR 8am-8pm Mon-Sat (NFC)","8am","8pm","2 hour","Mon-Sat","$2.50 HR","","",""
"Downtown","East Village","500 THIRTEENTH ST","13-528","32.711011000","-117.152930000","57185","Special Event Downtown MK5 - 2 Hour Max $2.50 HR 8am-8pm Mon-Sat (NFC)","8am","8pm","2 hour","Mon-Sat","$2.50 HR","","",""
"Downtown","East Village","500 THIRTEENTH ST","13-530","32.711071000","-117.152930000","57185","Special Event Downtown MK5 - 2 Hour Max $2.50 HR 8am-8pm Mon-Sat (NFC)","8am","8pm","2 hour","Mon-Sat","$2.50 HR","","",""
"Downtown","East Village","500 THIRTEENTH ST","13-532","32.711131000","-117.152931000","57185","Special Event Downtown MK5 - 2 Hour Max $2.50 HR 8am-8pm Mon-Sat (NFC)","8am","8pm","2 hour","Mon-Sat","$2.50 HR","","",""
"Downtown","East Village","500 THIRTEENTH ST","13-534","32.711191000","-117.152931000","57185","Special Event Downtown MK5 - 2 Hour Max $2.50 HR 8am-8pm Mon-Sat (NFC)","8am","8pm","2 hour","Mon-Sat","$2.50 HR","","",""
"Downtown","East Village","500 THIRTEENTH ST","13-536","32.711271000","-117.152932000","57185","Special Event Downtown MK5 - 2 Hour Max $2.50 HR 8am-8pm Mon-Sat (NFC)","8am","8pm","2 hour","Mon-Sat","$2.50 HR","","",""
"Downtown","East Village","500 THIRTEENTH ST","13-538","32.711330000","-117.152933000","57185","Special Event Downtown MK5 - 2 Hour Max $2.50 HR 8am-8pm Mon-Sat (NFC)","8am","8pm","2 hour","Mon-Sat","$2.50 HR","","",""
"Downtown","East Village","500 THIRTEENTH ST","13-540","32.711390000","-117.152934000","57185","Special Event Downtown MK5 - 2 Hour Max $2.50 HR 8am-8pm Mon-Sat (NFC)","8am","8pm","2 hour","Mon-Sat","$2.50 HR","","",""
"Downtown","East Village","500 THIRTEENTH ST","13-500E","32.719187000","-117.144733000","59137","Special Event East Village MS3 - 2 Hour Max $2.50 HR,  8am-8pm, Mon-Sat, Prepay, NFC","8am","8pm","2 hour","Mon-Sat","$2.50 HR","","",""
"Downtown","East Village","200 FOURTEENTH ST","14-200W","32.707861077","-117.152016609","59139","Special Event East Village MS3 -  2 Hour Max $2.50 HR, 10am-10pm, Mon-Sat, Prepay, NFC","10am","10pm","2 hour","Mon-Sat","$2.50 HR","","",""
"Downtown","East Village","400 FOURTEENTH ST","14-402","32.709617217","-117.152007557","57187","Special Event Downtown MK5 - 2 Hour Max $2.50 HR 10am-10pm Mon-Sat (Mobile Pay) (NFC)","10am","10pm","2 hour","Mon-Sat","$2.50 HR","Y","",""
"Downtown","East Village","400 FOURTEENTH ST","14-404","32.709627091","-117.151997834","57187","Special Event Downtown MK5 - 2 Hour Max $2.50 HR 10am-10pm Mon-Sat (Mobile Pay) (NFC)","10am","10pm","2 hour","Mon-Sat","$2.50 HR","Y","",""
"Downtown","East Village","400 FOURTEENTH ST","14-412","32.709961670","-117.152003534","57187","Special Event Downtown MK5 - 2 Hour Max $2.50 HR 10am-10pm Mon-Sat (Mobile Pay) (NFC)","10am","10pm","2 hour","Mon-Sat","$2.50 HR","Y","",""
"Downtown","East Village","400 FOURTEENTH ST","14-414","32.709978879","-117.151992805","57187","Special Event Downtown MK5 - 2 Hour Max $2.50 HR 10am-10pm Mon-Sat (Mobile Pay) (NFC)","10am","10pm","2 hour","Mon-Sat","$2.50 HR","Y","",""
"Downtown","East Village","400 FOURTEENTH ST","14-422","32.710118804","-117.152004875","57187","Special Event Downtown MK5 - 2 Hour Max $2.50 HR 10am-10pm Mon-Sat (Mobile Pay) (NFC)","10am","10pm","2 hour","Mon-Sat","$2.50 HR","Y","",""
"Downtown","East Village","400 FOURTEENTH ST","14-424","32.710184252","-117.152001187","57187","Special Event Downtown MK5 - 2 Hour Max $2.50 HR 10am-10pm Mon-Sat (Mobile Pay) (NFC)","10am","10pm","2 hour","Mon-Sat","$2.50 HR","Y","",""
"Downtown","East Village","400 FOURTEENTH ST","14-400E","32.709900735","-117.151879481","57176","Special Event Downtown MSPM PBP - 2 Hour Max $2.50 HR 10am-10pm Mon-Sat (Mobile Pay) (NFC)","10am","10pm","2 hour","Mon-Sat","$2.50 HR","Y","Y",""
"Downtown","East Village","500 FOURTEENTH ST","14-516","32.711193000","-117.151903000","57185","Special Event Downtown MK5 - 2 Hour Max $2.50 HR 8am-8pm Mon-Sat (NFC)","8am","8pm","2 hour","Mon-Sat","$2.50 HR","","",""
"Downtown","East Village","500 FOURTEENTH ST","14-518","32.711179000","-117.151960000","57185","Special Event Downtown MK5 - 2 Hour Max $2.50 HR 8am-8pm Mon-Sat (NFC)","8am","8pm","2 hour","Mon-Sat","$2.50 HR","","",""
"Downtown","East Village","500 FOURTEENTH ST","14-520","32.711242000","-117.151877000","57185","Special Event Downtown MK5 - 2 Hour Max $2.50 HR 8am-8pm Mon-Sat (NFC)","8am","8pm","2 hour","Mon-Sat","$2.50 HR","","",""
"Downtown","East Village","500 FOURTEENTH ST","14-522","32.711284000","-117.151851000","57185","Special Event Downtown MK5 - 2 Hour Max $2.50 HR 8am-8pm Mon-Sat (NFC)","8am","8pm","2 hour","Mon-Sat","$2.50 HR","","",""
"Downtown","East Village","500 FOURTEENTH ST","14-524","32.711333000","-117.151909000","57185","Special Event Downtown MK5 - 2 Hour Max $2.50 HR 8am-8pm Mon-Sat (NFC)","8am","8pm","2 hour","Mon-Sat","$2.50 HR","","",""
"Downtown","East Village","500 FOURTEENTH ST","14-521","32.710677000","-117.151834000","57185","Special Event Downtown MK5 - 2 Hour Max $2.50 HR 8am-8pm Mon-Sat (NFC)","8am","8pm","2 hour","Mon-Sat","$2.50 HR","","",""
"Downtown","East Village","500 FOURTEENTH ST","14-523","32.710836000","-117.151835000","57185","Special Event Downtown MK5 - 2 Hour Max $2.50 HR 8am-8pm Mon-Sat (NFC)","8am","8pm","2 hour","Mon-Sat","$2.50 HR","","",""
"Downtown","East Village","300 FIFTEENTH ST","15-307","32.708650992","-117.150300666","57187","Special Event Downtown MK5 - 2 Hour Max $2.50 HR 10am-10pm Mon-Sat (Mobile Pay) (NFC)","10am","10pm","2 hour","Mon-Sat","$2.50 HR","Y","",""
"Downtown","East Village","300 FIFTEENTH ST","15-309","32.708710799","-117.150307036","57187","Special Event Downtown MK5 - 2 Hour Max $2.50 HR 10am-10pm Mon-Sat (Mobile Pay) (NFC)","10am","10pm","2 hour","Mon-Sat","$2.50 HR","Y","",""
"Downtown","East Village","300 FIFTEENTH ST","15-311","32.708705721","-117.150306366","57187","Special Event Downtown MK5 - 2 Hour Max $2.50 HR 10am-10pm Mon-Sat (Mobile Pay) (NFC)","10am","10pm","2 hour","Mon-Sat","$2.50 HR","Y","",""
"Downtown","East Village","300 FIFTEENTH ST","15-313","32.708801357","-117.150298319","57187","Special Event Downtown MK5 - 2 Hour Max $2.50 HR 10am-10pm Mon-Sat (Mobile Pay) (NFC)","10am","10pm","2 hour","Mon-Sat","$2.50 HR","Y","",""
"Downtown","East Village","300 FIFTEENTH ST","15-315","32.708929435","-117.150299660","57187","Special Event Downtown MK5 - 2 Hour Max $2.50 HR 10am-10pm Mon-Sat (Mobile Pay) (NFC)","10am","10pm","2 hour","Mon-Sat","$2.50 HR","Y","",""
"Downtown","East Village","300 FIFTEENTH ST","15-317","32.709014068","-117.150301337","57187","Special Event Downtown MK5 - 2 Hour Max $2.50 HR 10am-10pm Mon-Sat (Mobile Pay) (NFC)","10am","10pm","2 hour","Mon-Sat","$2.50 HR","Y","",""
"Downtown","East Village","300 FIFTEENTH ST","15-319","32.709150327","-117.150294966","57187","Special Event Downtown MK5 - 2 Hour Max $2.50 HR 10am-10pm Mon-Sat (Mobile Pay) (NFC)","10am","10pm","2 hour","Mon-Sat","$2.50 HR","Y","",""
"Downtown","East Village","300 FIFTEENTH ST","15-321","32.709161047","-117.150295302","57187","Special Event Downtown MK5 - 2 Hour Max $2.50 HR 10am-10pm Mon-Sat (Mobile Pay) (NFC)","10am","10pm","2 hour","Mon-Sat","$2.50 HR","Y","",""
"Downtown","East Village","300 FIFTEENTH ST","15-300","32.708548585","-117.150442153","57187","Special Event Downtown MK5 - 2 Hour Max $2.50 HR 10am-10pm Mon-Sat (Mobile Pay) (NFC)","10am","10pm","2 hour","Mon-Sat","$2.50 HR","Y","",""
"Downtown","East Village","300 FIFTEENTH ST","15-302","32.708578207","-117.150433100","57187","Special Event Downtown MK5 - 2 Hour Max $2.50 HR 10am-10pm Mon-Sat (Mobile Pay) (NFC)","10am","10pm","2 hour","Mon-Sat","$2.50 HR","Y","",""
"Downtown","East Village","300 FIFTEENTH ST","15-303","32.708487649","-117.150325141","57187","Special Event Downtown MK5 - 2 Hour Max $2.50 HR 10am-10pm Mon-Sat (Mobile Pay) (NFC)","10am","10pm","2 hour","Mon-Sat","$2.50 HR","Y","",""
"Downtown","East Village","300 FIFTEENTH ST","15-305","32.708565794","-117.150310389","57187","Special Event Downtown MK5 - 2 Hour Max $2.50 HR 10am-10pm Mon-Sat (Mobile Pay) (NFC)","10am","10pm","2 hour","Mon-Sat","$2.50 HR","Y","",""
"Downtown","East Village","300 FIFTEENTH ST","15-314","32.708993756","-117.150426059","57187","Special Event Downtown MK5 - 2 Hour Max $2.50 HR 10am-10pm Mon-Sat (Mobile Pay) (NFC)","10am","10pm","2 hour","Mon-Sat","$2.50 HR","Y","",""
"Downtown","East Village","300 FIFTEENTH ST","15-316","32.709028455","-117.150432094","57187","Special Event Downtown MK5 - 2 Hour Max $2.50 HR 10am-10pm Mon-Sat (Mobile Pay) (NFC)","10am","10pm","2 hour","Mon-Sat","$2.50 HR","Y","",""
"Downtown","East Village","300 FIFTEENTH ST","15-318","32.709089955","-117.150425389","57187","Special Event Downtown MK5 - 2 Hour Max $2.50 HR 10am-10pm Mon-Sat (Mobile Pay) (NFC)","10am","10pm","2 hour","Mon-Sat","$2.50 HR","Y","",""
"Downtown","East Village","300 FIFTEENTH ST","15-320","32.709200260","-117.150414660","57187","Special Event Downtown MK5 - 2 Hour Max $2.50 HR 10am-10pm Mon-Sat (Mobile Pay) (NFC)","10am","10pm","2 hour","Mon-Sat","$2.50 HR","Y","",""
"Downtown","East Village","300 FIFTEENTH ST","15-322","32.709231574","-117.150427736","57187","Special Event Downtown MK5 - 2 Hour Max $2.50 HR 10am-10pm Mon-Sat (Mobile Pay) (NFC)","10am","10pm","2 hour","Mon-Sat","$2.50 HR","Y","",""
"Downtown","East Village","300 FIFTEENTH ST","15-324","32.709190386","-117.150436788","57187","Special Event Downtown MK5 - 2 Hour Max $2.50 HR 10am-10pm Mon-Sat (Mobile Pay) (NFC)","10am","10pm","2 hour","Mon-Sat","$2.50 HR","Y","",""
"Downtown","East Village","600 FIFTEENTH ST","15-621","32.712133000","-117.150292000","57186","Special Event Downtown MK5 - 1 Hour Max $2.50 HR 8am-8pm Mon-Sat (NFC)","8am","8pm","1 hour","Mon-Sat","$2.50 HR","","",""
"Downtown","East Village","600 FIFTEENTH ST","15-602","32.711671000","-117.150108000","57185","Special Event Downtown MK5 - 2 Hour Max $2.50 HR 8am-8pm Mon-Sat (NFC)","8am","8pm","2 hour","Mon-Sat","$2.50 HR","","",""
"Downtown","East Village","600 FIFTEENTH ST","15-604","32.711815000","-117.149893000","57185","Special Event Downtown MK5 - 2 Hour Max $2.50 HR 8am-8pm Mon-Sat (NFC)","8am","8pm","2 hour","Mon-Sat","$2.50 HR","","",""
"Downtown","East Village","600 FIFTEENTH ST","15-606","32.712263000","-117.149573000","57185","Special Event Downtown MK5 - 2 Hour Max $2.50 HR 8am-8pm Mon-Sat (NFC)","8am","8pm","2 hour","Mon-Sat","$2.50 HR","","",""
"Downtown","East Village","600 FIFTEENTH ST","15-608","32.711836000","-117.149902000","57185","Special Event Downtown MK5 - 2 Hour Max $2.50 HR 8am-8pm Mon-Sat (NFC)","8am","8pm","2 hour","Mon-Sat","$2.50 HR","","",""
"Downtown","East Village","600 FIFTEENTH ST","15-610","32.712107000","-117.149818000","57185","Special Event Downtown MK5 - 2 Hour Max $2.50 HR 8am-8pm Mon-Sat (NFC)","8am","8pm","2 hour","Mon-Sat","$2.50 HR","","",""
"Downtown","East Village","600 FIFTEENTH ST","15-612","32.712013000","-117.150265000","57185","Special Event Downtown MK5 - 2 Hour Max $2.50 HR 8am-8pm Mon-Sat (NFC)","8am","8pm","2 hour","Mon-Sat","$2.50 HR","","",""
"Downtown","East Village","600 FIFTEENTH ST","15-614","32.712034000","-117.149948000","57185","Special Event Downtown MK5 - 2 Hour Max $2.50 HR 8am-8pm Mon-Sat (NFC)","8am","8pm","2 hour","Mon-Sat","$2.50 HR","","",""
"Downtown","East Village","600 FIFTEENTH ST","15-618","32.712109000","-117.149885000","57185","Special Event Downtown MK5 - 2 Hour Max $2.50 HR 8am-8pm Mon-Sat (NFC)","8am","8pm","2 hour","Mon-Sat","$2.50 HR","","",""
"Downtown","East Village","600 FIFTEENTH ST","15-620","32.712101000","-117.149893000","57185","Special Event Downtown MK5 - 2 Hour Max $2.50 HR 8am-8pm Mon-Sat (NFC)","8am","8pm","2 hour","Mon-Sat","$2.50 HR","","",""
"Downtown","East Village","300 FOURTEENTH ST","14-310","32.708852137","-117.151973359","57187","Special Event Downtown MK5 - 2 Hour Max $2.50 HR 10am-10pm Mon-Sat (Mobile Pay) (NFC)","10am","10pm","2 hour","Mon-Sat","$2.50 HR","Y","",""
"Downtown","East Village","300 FOURTEENTH ST","14-312","32.708884861","-117.151959612","57187","Special Event Downtown MK5 - 2 Hour Max $2.50 HR 10am-10pm Mon-Sat (Mobile Pay) (NFC)","10am","10pm","2 hour","Mon-Sat","$2.50 HR","Y","",""
"Downtown","East Village","300 FOURTEENTH ST","14-318","32.709076696","-117.151979394","57187","Special Event Downtown MK5 - 2 Hour Max $2.50 HR 10am-10pm Mon-Sat (Mobile Pay) (NFC)","10am","10pm","2 hour","Mon-Sat","$2.50 HR","Y","",""
"Downtown","East Village","300 FOURTEENTH ST","14-320","32.709067105","-117.151994816","57187","Special Event Downtown MK5 - 2 Hour Max $2.50 HR 10am-10pm Mon-Sat (Mobile Pay) (NFC)","10am","10pm","2 hour","Mon-Sat","$2.50 HR","Y","",""
"Downtown","East Village","300 FOURTEENTH ST","14-322","32.709149481","-117.151985093","57187","Special Event Downtown MK5 - 2 Hour Max $2.50 HR 10am-10pm Mon-Sat (Mobile Pay) (NFC)","10am","10pm","2 hour","Mon-Sat","$2.50 HR","Y","",""
"Downtown","East Village","300 FOURTEENTH ST","14-324","32.709200824","-117.151980064","57187","Special Event Downtown MK5 - 2 Hour Max $2.50 HR 10am-10pm Mon-Sat (Mobile Pay) (NFC)","10am","10pm","2 hour","Mon-Sat","$2.50 HR","Y","",""
"Downtown","East Village","300 FOURTEENTH ST","14-301","32.708518681","-117.151825167","57187","Special Event Downtown MK5 - 2 Hour Max $2.50 HR 10am-10pm Mon-Sat (Mobile Pay) (NFC)","10am","10pm","2 hour","Mon-Sat","$2.50 HR","Y","",""
"Downtown","East Village","300 FOURTEENTH ST","14-303","32.708549149","-117.151837237","57187","Special Event Downtown MK5 - 2 Hour Max $2.50 HR 10am-10pm Mon-Sat (Mobile Pay) (NFC)","10am","10pm","2 hour","Mon-Sat","$2.50 HR","Y","",""
"Downtown","East Village","300 FOURTEENTH ST","14-305","32.708712774","-117.151837572","57187","Special Event Downtown MK5 - 2 Hour Max $2.50 HR 10am-10pm Mon-Sat (Mobile Pay) (NFC)","10am","10pm","2 hour","Mon-Sat","$2.50 HR","Y","",""
"Downtown","East Village","300 FOURTEENTH ST","14-307","32.708736471","-117.151840254","57187","Special Event Downtown MK5 - 2 Hour Max $2.50 HR 10am-10pm Mon-Sat (Mobile Pay) (NFC)","10am","10pm","2 hour","Mon-Sat","$2.50 HR","Y","",""
"Downtown","East Village","300 FOURTEENTH ST","14-313","32.708970059","-117.151828855","57187","Special Event Downtown MK5 - 2 Hour Max $2.50 HR 10am-10pm Mon-Sat (Mobile Pay) (NFC)","10am","10pm","2 hour","Mon-Sat","$2.50 HR","Y","",""
"Downtown","East Village","300 FOURTEENTH ST","14-315","32.709030430","-117.151814438","57187","Special Event Downtown MK5 - 2 Hour Max $2.50 HR 10am-10pm Mon-Sat (Mobile Pay) (NFC)","10am","10pm","2 hour","Mon-Sat","$2.50 HR","Y","",""
"Downtown","East Village","300 FOURTEENTH ST","14-317","32.709090238","-117.151837907","57187","Special Event Downtown MK5 - 2 Hour Max $2.50 HR 10am-10pm Mon-Sat (Mobile Pay) (NFC)","10am","10pm","2 hour","Mon-Sat","$2.50 HR","Y","",""
"Downtown","East Village","300 FOURTEENTH ST","14-319","32.709150891","-117.151844948","57187","Special Event Downtown MK5 - 2 Hour Max $2.50 HR 10am-10pm Mon-Sat (Mobile Pay) (NFC)","10am","10pm","2 hour","Mon-Sat","$2.50 HR","Y","",""
"Downtown","East Village","300 FOURTEENTH ST","14-321","32.709243705","-117.151856683","57187","Special Event Downtown MK5 - 2 Hour Max $2.50 HR 10am-10pm Mon-Sat (Mobile Pay) (NFC)","10am","10pm","2 hour","Mon-Sat","$2.50 HR","Y","",""
"Downtown","East Village","300 FOURTEENTH ST","14-323","32.709289125","-117.151849977","57187","Special Event Downtown MK5 - 2 Hour Max $2.50 HR 10am-10pm Mon-Sat (Mobile Pay) (NFC)","10am","10pm","2 hour","Mon-Sat","$2.50 HR","Y","",""
"Downtown","East Village","400 TENTH AVE","10-400E","32.709791000","-117.155474000","57173","Special Event Downtown MSPM PPD - 2 Hour Max $2.50 HR 8am-8pm Mon-Sat (NFC)","8am","8pm","2 hour","Mon-Sat","$2.50 HR","","Y",""
"Downtown","East Village","400 TENTH AVE","10-425","32.710257000","-117.155483000","13383","DOWNTOWN NO PARK Single Space 2 hour meters Petco Special Event (Mobile Pay) (NFC)","","","2 hour","","","Y","",""
"Downtown","East Village","400 THIRTEENTH ST","13-400E","32.709910891","-117.152774669","57176","Special Event Downtown MSPM PBP - 2 Hour Max $2.50 HR 10am-10pm Mon-Sat (Mobile Pay) (NFC)","10am","10pm","2 hour","Mon-Sat","$2.50 HR","Y","Y",""
"Downtown","East Village","400 THIRTEENTH ST","13-402","32.709614114","-117.152894027","57187","Special Event Downtown MK5 - 2 Hour Max $2.50 HR 10am-10pm Mon-Sat (Mobile Pay) (NFC)","10am","10pm","2 hour","Mon-Sat","$2.50 HR","Y","",""
"Downtown","East Village","400 THIRTEENTH ST","13-406","32.709755168","-117.152898050","57187","Special Event Downtown MK5 - 2 Hour Max $2.50 HR 10am-10pm Mon-Sat (Mobile Pay) (NFC)","10am","10pm","2 hour","Mon-Sat","$2.50 HR","Y","",""
"Downtown","East Village","400 THIRTEENTH ST","13-408","32.709761374","-117.152890004","57187","Special Event Downtown MK5 - 2 Hour Max $2.50 HR 10am-10pm Mon-Sat (Mobile Pay) (NFC)","10am","10pm","2 hour","Mon-Sat","$2.50 HR","Y","",""
"Downtown","East Village","400 THIRTEENTH ST","13-410","32.709824848","-117.152882628","57187","Special Event Downtown MK5 - 2 Hour Max $2.50 HR 10am-10pm Mon-Sat (Mobile Pay) (NFC)","10am","10pm","2 hour","Mon-Sat","$2.50 HR","Y","",""
"Downtown","East Village","400 THIRTEENTH ST","13-414","32.709933460","-117.152892351","57187","Special Event Downtown MK5 - 2 Hour Max $2.50 HR 10am-10pm Mon-Sat (Mobile Pay) (NFC)","10am","10pm","2 hour","Mon-Sat","$2.50 HR","Y","",""
"Downtown","East Village","400 THIRTEENTH ST","13-420","32.710102442","-117.152896039","57187","Special Event Downtown MK5 - 2 Hour Max $2.50 HR 10am-10pm Mon-Sat (Mobile Pay) (NFC)","10am","10pm","2 hour","Mon-Sat","$2.50 HR","Y","",""
"Downtown","East Village","400 THIRTEENTH ST","13-422","32.710228543","-117.152902074","57187","Special Event Downtown MK5 - 2 Hour Max $2.50 HR 10am-10pm Mon-Sat (Mobile Pay) (NFC)","10am","10pm","2 hour","Mon-Sat","$2.50 HR","Y","",""
"Downtown","East Village","400 THIRTEENTH ST","13-424","32.710153503","-117.152901738","57187","Special Event Downtown MK5 - 2 Hour Max $2.50 HR 10am-10pm Mon-Sat (Mobile Pay) (NFC)","10am","10pm","2 hour","Mon-Sat","$2.50 HR","Y","",""
"Downtown","East Village","400 THIRTEENTH ST","13-426","32.710237288","-117.152895368","57187","Special Event Downtown MK5 - 2 Hour Max $2.50 HR 10am-10pm Mon-Sat (Mobile Pay) (NFC)","10am","10pm","2 hour","Mon-Sat","$2.50 HR","Y","",""
"Downtown","East Village","400 THIRTEENTH ST","13-428","32.710289760","-117.152887992","57187","Special Event Downtown MK5 - 2 Hour Max $2.50 HR 10am-10pm Mon-Sat (Mobile Pay) (NFC)","10am","10pm","2 hour","Mon-Sat","$2.50 HR","Y","",""
"Downtown","East Village","400 THIRTEENTH ST","13-430","32.710285528","-117.152888663","57187","Special Event Downtown MK5 - 2 Hour Max $2.50 HR 10am-10pm Mon-Sat (Mobile Pay) (NFC)","10am","10pm","2 hour","Mon-Sat","$2.50 HR","Y","",""
"Downtown","East Village","400 THIRTEENTH ST","13-432","32.710313739","-117.152894362","57187","Special Event Downtown MK5 - 2 Hour Max $2.50 HR 10am-10pm Mon-Sat (Mobile Pay) (NFC)","10am","10pm","2 hour","Mon-Sat","$2.50 HR","Y","",""
"Downtown","East Village","500 ELEVENTH AVE","11-520","32.711274000","-117.154754000","57185","Special Event Downtown MK5 - 2 Hour Max $2.50 HR 8am-8pm Mon-Sat (NFC)","8am","8pm","2 hour","Mon-Sat","$2.50 HR","","",""
"Downtown","East Village","500 ELEVENTH AVE","11-522","32.711372000","-117.154755000","57185","Special Event Downtown MK5 - 2 Hour Max $2.50 HR 8am-8pm Mon-Sat (NFC)","8am","8pm","2 hour","Mon-Sat","$2.50 HR","","",""
"Downtown","East Village","600 THIRTEENTH ST","13-602","32.711680585","-117.152928009","57185","Special Event Downtown MK5 - 2 Hour Max $2.50 HR 8am-8pm Mon-Sat (NFC)","8am","8pm","2 hour","Mon-Sat","$2.50 HR","","",""
"Downtown","East Village","600 THIRTEENTH ST","13-604","32.711896000","-117.152870000","57185","Special Event Downtown MK5 - 2 Hour Max $2.50 HR 8am-8pm Mon-Sat (NFC)","8am","8pm","2 hour","Mon-Sat","$2.50 HR","","",""
"Downtown","East Village","600 THIRTEENTH ST","13-606","32.711888000","-117.152846000","57185","Special Event Downtown MK5 - 2 Hour Max $2.50 HR 8am-8pm Mon-Sat (NFC)","8am","8pm","2 hour","Mon-Sat","$2.50 HR","","",""
"Downtown","East Village","600 THIRTEENTH ST","13-608","32.711961000","-117.152821000","57185","Special Event Downtown MK5 - 2 Hour Max $2.50 HR 8am-8pm Mon-Sat (NFC)","8am","8pm","2 hour","Mon-Sat","$2.50 HR","","",""
"Downtown","East Village","600 THIRTEENTH ST","13-610","32.711969000","-117.152815000","57185","Special Event Downtown MK5 - 2 Hour Max $2.50 HR 8am-8pm Mon-Sat (NFC)","8am","8pm","2 hour","Mon-Sat","$2.50 HR","","",""
"Downtown","East Village","600 THIRTEENTH ST","13-614","32.712120000","-117.152763000","57185","Special Event Downtown MK5 - 2 Hour Max $2.50 HR 8am-8pm Mon-Sat (NFC)","8am","8pm","2 hour","Mon-Sat","$2.50 HR","","",""
"Downtown","East Village","600 THIRTEENTH ST","13-616","32.712124787","-117.152768364","57185","Special Event Downtown MK5 - 2 Hour Max $2.50 HR 8am-8pm Mon-Sat (NFC)","8am","8pm","2 hour","Mon-Sat","$2.50 HR","","",""
"Downtown","East Village","600 THIRTEENTH ST","13-624","32.712416000","-117.152729000","57185","Special Event Downtown MK5 - 2 Hour Max $2.50 HR 8am-8pm Mon-Sat (NFC)","8am","8pm","2 hour","Mon-Sat","$2.50 HR","","",""
"Downtown","East Village","700 TENTH AVE","10-702","32.712791000","-117.155685000","57183","Special Event Downtown MK5 - 4 Hour Max $2.50 HR 8am-8pm Mon-Sat (Mobile Pay) (NFC)","8am","8pm","4 hour","Mon-Sat","$2.50 HR","Y","",""
"Downtown","East Village","700 TENTH AVE","10-707","32.712849000","-117.155503000","57183","Special Event Downtown MK5 - 4 Hour Max $2.50 HR 8am-8pm Mon-Sat (Mobile Pay) (NFC)","8am","8pm","4 hour","Mon-Sat","$2.50 HR","Y","",""
"Downtown","East Village","700 TENTH AVE","10-709","32.712864222","-117.155529297","57183","Special Event Downtown MK5 - 4 Hour Max $2.50 HR 8am-8pm Mon-Sat (Mobile Pay) (NFC)","8am","8pm","4 hour","Mon-Sat","$2.50 HR","Y","",""
"Downtown","East Village","700 TENTH AVE","10-710","32.713002000","-117.155686000","57183","Special Event Downtown MK5 - 4 Hour Max $2.50 HR 8am-8pm Mon-Sat (Mobile Pay) (NFC)","8am","8pm","4 hour","Mon-Sat","$2.50 HR","Y","",""
"Downtown","East Village","700 TENTH AVE","10-712","32.713059000","-117.155687000","57183","Special Event Downtown MK5 - 4 Hour Max $2.50 HR 8am-8pm Mon-Sat (Mobile Pay) (NFC)","8am","8pm","4 hour","Mon-Sat","$2.50 HR","Y","",""
"Downtown","East Village","700 TENTH AVE","10-714","32.713136000","-117.155687000","57183","Special Event Downtown MK5 - 4 Hour Max $2.50 HR 8am-8pm Mon-Sat (Mobile Pay) (NFC)","8am","8pm","4 hour","Mon-Sat","$2.50 HR","Y","",""
"Downtown","East Village","700 TENTH AVE","10-715","32.713195000","-117.155506000","57183","Special Event Downtown MK5 - 4 Hour Max $2.50 HR 8am-8pm Mon-Sat (Mobile Pay) (NFC)","8am","8pm","4 hour","Mon-Sat","$2.50 HR","Y","",""
"Downtown","East Village","700 TENTH AVE","10-717","32.713271000","-117.155506000","57183","Special Event Downtown MK5 - 4 Hour Max $2.50 HR 8am-8pm Mon-Sat (Mobile Pay) (NFC)","8am","8pm","4 hour","Mon-Sat","$2.50 HR","Y","",""
"Downtown","East Village","700 TENTH AVE","10-719","32.713329000","-117.155507000","57183","Special Event Downtown MK5 - 4 Hour Max $2.50 HR 8am-8pm Mon-Sat (Mobile Pay) (NFC)","8am","8pm","4 hour","Mon-Sat","$2.50 HR","Y","",""
"Downtown","East Village","700 TENTH AVE","10-721","32.713406000","-117.155507000","57183","Special Event Downtown MK5 - 4 Hour Max $2.50 HR 8am-8pm Mon-Sat (Mobile Pay) (NFC)","8am","8pm","4 hour","Mon-Sat","$2.50 HR","Y","",""
"Downtown","East Village","700 TENTH AVE","10-723","32.713463000","-117.155507000","57183","Special Event Downtown MK5 - 4 Hour Max $2.50 HR 8am-8pm Mon-Sat (Mobile Pay) (NFC)","8am","8pm","4 hour","Mon-Sat","$2.50 HR","Y","",""
"Downtown","East Village","700 TENTH AVE","10-725","32.713540000","-117.155508000","57183","Special Event Downtown MK5 - 4 Hour Max $2.50 HR 8am-8pm Mon-Sat (Mobile Pay) (NFC)","8am","8pm","4 hour","Mon-Sat","$2.50 HR","Y","",""
"Downtown","East Village","700 ELEVENTH AVE","11-710","32.712948000","-117.154777000","57183","Special Event Downtown MK5 - 4 Hour Max $2.50 HR 8am-8pm Mon-Sat (Mobile Pay) (NFC)","8am","8pm","4 hour","Mon-Sat","$2.50 HR","Y","",""
"Downtown","East Village","700 ELEVENTH AVE","11-711","32.713045000","-117.154596000","57183","Special Event Downtown MK5 - 4 Hour Max $2.50 HR 8am-8pm Mon-Sat (Mobile Pay) (NFC)","8am","8pm","4 hour","Mon-Sat","$2.50 HR","Y","",""
"Downtown","East Village","700 ELEVENTH AVE","11-712","32.713140000","-117.154779000","57183","Special Event Downtown MK5 - 4 Hour Max $2.50 HR 8am-8pm Mon-Sat (Mobile Pay) (NFC)","8am","8pm","4 hour","Mon-Sat","$2.50 HR","Y","",""
"Downtown","East Village","700 ELEVENTH AVE","11-715","32.713237000","-117.154598000","57183","Special Event Downtown MK5 - 4 Hour Max $2.50 HR 8am-8pm Mon-Sat (Mobile Pay) (NFC)","8am","8pm","4 hour","Mon-Sat","$2.50 HR","Y","",""
"Downtown","East Village","700 ELEVENTH AVE","11-717","32.713333000","-117.154598000","57183","Special Event Downtown MK5 - 4 Hour Max $2.50 HR 8am-8pm Mon-Sat (Mobile Pay) (NFC)","8am","8pm","4 hour","Mon-Sat","$2.50 HR","Y","",""
"Downtown","East Village","700 ELEVENTH AVE","11-718","32.712852000","-117.154776000","57183","Special Event Downtown MK5 - 4 Hour Max $2.50 HR 8am-8pm Mon-Sat (Mobile Pay) (NFC)","8am","8pm","4 hour","Mon-Sat","$2.50 HR","Y","",""
"Downtown","East Village","700 ELEVENTH AVE","11-720","32.713044000","-117.154778000","57183","Special Event Downtown MK5 - 4 Hour Max $2.50 HR 8am-8pm Mon-Sat (Mobile Pay) (NFC)","8am","8pm","4 hour","Mon-Sat","$2.50 HR","Y","",""
"Downtown","East Village","700 ELEVENTH AVE","11-722","32.713236000","-117.154780000","57183","Special Event Downtown MK5 - 4 Hour Max $2.50 HR 8am-8pm Mon-Sat (Mobile Pay) (NFC)","8am","8pm","4 hour","Mon-Sat","$2.50 HR","Y","",""
"Downtown","East Village","700 ELEVENTH AVE","11-723","32.712758000","-117.154593000","57183","Special Event Downtown MK5 - 4 Hour Max $2.50 HR 8am-8pm Mon-Sat (Mobile Pay) (NFC)","8am","8pm","4 hour","Mon-Sat","$2.50 HR","Y","",""
"Downtown","East Village","700 ELEVENTH AVE","11-724","32.712851202","-117.154781364","57183","Special Event Downtown MK5 - 4 Hour Max $2.50 HR 8am-8pm Mon-Sat (Mobile Pay) (NFC)","8am","8pm","4 hour","Mon-Sat","$2.50 HR","Y","",""
"Downtown","East Village","700 THIRTEENTH ST","13-700W","32.712961000","-117.152809000","57174","Special Event Downtown MSPM PPD - 4 Hour Max $2.50 HR 8am-8pm Mon-Sat (Mobile Pay) (NFC)","8am","8pm","4 hour","Mon-Sat","$2.50 HR","Y","Y",""
"Downtown","East Village","700 THIRTEENTH ST","13-700E","32.713132484","-117.152778612","56846","San Diego CA MS3 DEFAULT","","","","","","","",""
"Downtown","East Village","700 FIFTEENTH ST","15-707","32.712599000","-117.150625000","57185","Special Event Downtown MK5 - 2 Hour Max $2.50 HR 8am-8pm Mon-Sat (NFC)","8am","8pm","2 hour","Mon-Sat","$2.50 HR","","",""
"Downtown","East Village","700 FIFTEENTH ST","15-709","32.712638000","-117.150680000","57185","Special Event Downtown MK5 - 2 Hour Max $2.50 HR 8am-8pm Mon-Sat (NFC)","8am","8pm","2 hour","Mon-Sat","$2.50 HR","","",""
"Downtown","East Village","700 FIFTEENTH ST","15-704","32.712770000","-117.150483000","57188","Special Event Downtown MK5 - 9 Hour Max $2.50 HR 8am-8pm Mon-Sat (NFC)","8am","8pm","9 hour","Mon-Sat","$2.50 HR","","",""
"Downtown","East Village","700 FIFTEENTH ST","15-706","32.712807000","-117.150484000","57188","Special Event Downtown MK5 - 9 Hour Max $2.50 HR 8am-8pm Mon-Sat (NFC)","8am","8pm","9 hour","Mon-Sat","$2.50 HR","","",""
"Downtown","East Village","700 FIFTEENTH ST","15-708","32.712845000","-117.150484000","57188","Special Event Downtown MK5 - 9 Hour Max $2.50 HR 8am-8pm Mon-Sat (NFC)","8am","8pm","9 hour","Mon-Sat","$2.50 HR","","",""
"Downtown","East Village","700 FIFTEENTH ST","15-710","32.712902000","-117.150485000","57188","Special Event Downtown MK5 - 9 Hour Max $2.50 HR 8am-8pm Mon-Sat (NFC)","8am","8pm","9 hour","Mon-Sat","$2.50 HR","","",""
"Downtown","East Village","700 FIFTEENTH ST","15-712","32.712977000","-117.150485000","57188","Special Event Downtown MK5 - 9 Hour Max $2.50 HR 8am-8pm Mon-Sat (NFC)","8am","8pm","9 hour","Mon-Sat","$2.50 HR","","",""
"Downtown","East Village","700 FIFTEENTH ST","15-714","32.713053000","-117.150486000","57188","Special Event Downtown MK5 - 9 Hour Max $2.50 HR 8am-8pm Mon-Sat (NFC)","8am","8pm","9 hour","Mon-Sat","$2.50 HR","","",""
"Downtown","East Village","700 FIFTEENTH ST","15-716","32.713161000","-117.150487000","57188","Special Event Downtown MK5 - 9 Hour Max $2.50 HR 8am-8pm Mon-Sat (NFC)","8am","8pm","9 hour","Mon-Sat","$2.50 HR","","",""
"Downtown","East Village","700 FIFTEENTH ST","15-722","32.713243000","-117.150488000","57188","Special Event Downtown MK5 - 9 Hour Max $2.50 HR 8am-8pm Mon-Sat (NFC)","8am","8pm","9 hour","Mon-Sat","$2.50 HR","","",""
"Downtown","East Village","700 FIFTEENTH ST","15-724","32.713324000","-117.150489000","57188","Special Event Downtown MK5 - 9 Hour Max $2.50 HR 8am-8pm Mon-Sat (NFC)","8am","8pm","9 hour","Mon-Sat","$2.50 HR","","",""
"Downtown","East Village","700 FIFTEENTH ST","15-726","32.713425000","-117.150490000","57188","Special Event Downtown MK5 - 9 Hour Max $2.50 HR 8am-8pm Mon-Sat (NFC)","8am","8pm","9 hour","Mon-Sat","$2.50 HR","","",""
"Downtown","East Village","700 FIFTEENTH ST","15-728","32.713466000","-117.150490000","57188","Special Event Downtown MK5 - 9 Hour Max $2.50 HR 8am-8pm Mon-Sat (NFC)","8am","8pm","9 hour","Mon-Sat","$2.50 HR","","",""
"Downtown","East Village","700 FIFTEENTH ST","15-730","32.713506000","-117.150491000","57188","Special Event Downtown MK5 - 9 Hour Max $2.50 HR 8am-8pm Mon-Sat (NFC)","8am","8pm","9 hour","Mon-Sat","$2.50 HR","","",""
"Downtown","East Village","700 FIFTEENTH ST","15-732","32.713547000","-117.150491000","57188","Special Event Downtown MK5 - 9 Hour Max $2.50 HR 8am-8pm Mon-Sat (NFC)","8am","8pm","9 hour","Mon-Sat","$2.50 HR","","",""
"Downtown","East Village","700 FIFTEENTH ST","15-734","32.713588000","-117.150492000","57188","Special Event Downtown MK5 - 9 Hour Max $2.50 HR 8am-8pm Mon-Sat (NFC)","8am","8pm","9 hour","Mon-Sat","$2.50 HR","","",""
"Downtown","East Village","700 FIFTEENTH ST","15-736","32.713628000","-117.150492000","57188","Special Event Downtown MK5 - 9 Hour Max $2.50 HR 8am-8pm Mon-Sat (NFC)","8am","8pm","9 hour","Mon-Sat","$2.50 HR","","",""
"Downtown","East Village","800 TENTH AVE","10-801","32.713836000","-117.155510000","57183","Special Event Downtown MK5 - 4 Hour Max $2.50 HR 8am-8pm Mon-Sat (Mobile Pay) (NFC)","8am","8pm","4 hour","Mon-Sat","$2.50 HR","Y","",""
"Downtown","East Village","800 TENTH AVE","10-802","32.713912000","-117.155693000","57183","Special Event Downtown MK5 - 4 Hour Max $2.50 HR 8am-8pm Mon-Sat (Mobile Pay) (NFC)","8am","8pm","4 hour","Mon-Sat","$2.50 HR","Y","",""
"Downtown","East Village","800 TENTH AVE","10-804","32.713970000","-117.155693000","57183","Special Event Downtown MK5 - 4 Hour Max $2.50 HR 8am-8pm Mon-Sat (Mobile Pay) (NFC)","8am","8pm","4 hour","Mon-Sat","$2.50 HR","Y","",""
"Downtown","East Village","800 TENTH AVE","10-806","32.714046000","-117.155694000","57183","Special Event Downtown MK5 - 4 Hour Max $2.50 HR 8am-8pm Mon-Sat (Mobile Pay) (NFC)","8am","8pm","4 hour","Mon-Sat","$2.50 HR","Y","",""
"Downtown","East Village","800 TENTH AVE","10-807","32.714105000","-117.155512000","57183","Special Event Downtown MK5 - 4 Hour Max $2.50 HR 8am-8pm Mon-Sat (Mobile Pay) (NFC)","8am","8pm","4 hour","Mon-Sat","$2.50 HR","Y","",""
"Downtown","East Village","800 TENTH AVE","10-814","32.714181000","-117.155695000","57183","Special Event Downtown MK5 - 4 Hour Max $2.50 HR 8am-8pm Mon-Sat (Mobile Pay) (NFC)","8am","8pm","4 hour","Mon-Sat","$2.50 HR","Y","",""
"Downtown","East Village","800 TENTH AVE","10-816","32.714257000","-117.155695000","57183","Special Event Downtown MK5 - 4 Hour Max $2.50 HR 8am-8pm Mon-Sat (Mobile Pay) (NFC)","8am","8pm","4 hour","Mon-Sat","$2.50 HR","Y","",""
"Downtown","East Village","800 TENTH AVE","10-818","32.714315000","-117.155696000","57183","Special Event Downtown MK5 - 4 Hour Max $2.50 HR 8am-8pm Mon-Sat (Mobile Pay) (NFC)","8am","8pm","4 hour","Mon-Sat","$2.50 HR","Y","",""
"Downtown","East Village","800 TENTH AVE","10-819","32.714373000","-117.155514000","57183","Special Event Downtown MK5 - 4 Hour Max $2.50 HR 8am-8pm Mon-Sat (Mobile Pay) (NFC)","8am","8pm","4 hour","Mon-Sat","$2.50 HR","Y","",""
"Downtown","East Village","800 TENTH AVE","10-820","32.714449000","-117.155697000","57183","Special Event Downtown MK5 - 4 Hour Max $2.50 HR 8am-8pm Mon-Sat (Mobile Pay) (NFC)","8am","8pm","4 hour","Mon-Sat","$2.50 HR","Y","",""
"Downtown","East Village","800 TENTH AVE","10-825","32.714584000","-117.155516000","57183","Special Event Downtown MK5 - 4 Hour Max $2.50 HR 8am-8pm Mon-Sat (Mobile Pay) (NFC)","8am","8pm","4 hour","Mon-Sat","$2.50 HR","Y","",""
"Downtown","East Village","800 ELEVENTH AVE","11-802","32.713820000","-117.154785000","57183","Special Event Downtown MK5 - 4 Hour Max $2.50 HR 8am-8pm Mon-Sat (Mobile Pay) (NFC)","8am","8pm","4 hour","Mon-Sat","$2.50 HR","Y","",""
"Downtown","East Village","800 ELEVENTH AVE","11-817","32.714014000","-117.154604000","57183","Special Event Downtown MK5 - 4 Hour Max $2.50 HR 8am-8pm Mon-Sat (Mobile Pay) (NFC)","8am","8pm","4 hour","Mon-Sat","$2.50 HR","Y","",""
"Downtown","East Village","800 ELEVENTH AVE","11-819","32.714225000","-117.154606000","57183","Special Event Downtown MK5 - 4 Hour Max $2.50 HR 8am-8pm Mon-Sat (Mobile Pay) (NFC)","8am","8pm","4 hour","Mon-Sat","$2.50 HR","Y","",""
"Downtown","East Village","800 ELEVENTH AVE","11-823","32.714635000","-117.154453000","57183","Special Event Downtown MK5 - 4 Hour Max $2.50 HR 8am-8pm Mon-Sat (Mobile Pay) (NFC)","8am","8pm","4 hour","Mon-Sat","$2.50 HR","Y","",""
"Downtown","East Village","800 THIRTEENTH ST","13-800E","32.714039151","-117.152830660","57174","Special Event Downtown MSPM PPD - 4 Hour Max $2.50 HR 8am-8pm Mon-Sat (Mobile Pay) (NFC)","8am","8pm","4 hour","Mon-Sat","$2.50 HR","Y","Y",""
"Downtown","East Village","800 THIRTEENTH ST","13-800W","32.714015000","-117.152791000","57174","Special Event Downtown MSPM PPD - 4 Hour Max $2.50 HR 8am-8pm Mon-Sat (Mobile Pay) (NFC)","8am","8pm","4 hour","Mon-Sat","$2.50 HR","Y","Y",""
"Downtown","East Village","800 THIRTEENTH ST","13-827","32.714253000","-117.152784000","57188","Special Event Downtown MK5 - 9 Hour Max $2.50 HR 8am-8pm Mon-Sat (NFC)","8am","8pm","9 hour","Mon-Sat","$2.50 HR","","",""
"Downtown","East Village","800 THIRTEENTH ST","13-829","32.714292000","-117.152784000","57188","Special Event Downtown MK5 - 9 Hour Max $2.50 HR 8am-8pm Mon-Sat (NFC)","8am","8pm","9 hour","Mon-Sat","$2.50 HR","","",""
"Downtown","East Village","800 THIRTEENTH ST","13-833","32.714445000","-117.152784000","57188","Special Event Downtown MK5 - 9 Hour Max $2.50 HR 8am-8pm Mon-Sat (NFC)","8am","8pm","9 hour","Mon-Sat","$2.50 HR","","",""
"Downtown","East Village","800 THIRTEENTH ST","13-835","32.714522000","-117.152785000","57188","Special Event Downtown MK5 - 9 Hour Max $2.50 HR 8am-8pm Mon-Sat (NFC)","8am","8pm","9 hour","Mon-Sat","$2.50 HR","","",""
"Downtown","East Village","800 FOURTEENTH ST","14-819","32.714392000","-117.151876000","57188","Special Event Downtown MK5 - 9 Hour Max $2.50 HR 8am-8pm Mon-Sat (NFC)","8am","8pm","9 hour","Mon-Sat","$2.50 HR","","",""
"Downtown","East Village","800 FOURTEENTH ST","14-821","32.714468000","-117.151877000","57188","Special Event Downtown MK5 - 9 Hour Max $2.50 HR 8am-8pm Mon-Sat (NFC)","8am","8pm","9 hour","Mon-Sat","$2.50 HR","","",""
"Downtown","East Village","800 FOURTEENTH ST","14-823","32.714526000","-117.151877000","57188","Special Event Downtown MK5 - 9 Hour Max $2.50 HR 8am-8pm Mon-Sat (NFC)","8am","8pm","9 hour","Mon-Sat","$2.50 HR","","",""
"Downtown","East Village","800 FIFTEENTH ST","15-831","32.714328000","-117.150242000","57185","Special Event Downtown MK5 - 2 Hour Max $2.50 HR 8am-8pm Mon-Sat (NFC)","8am","8pm","2 hour","Mon-Sat","$2.50 HR","","",""
"Downtown","East Village","800 FIFTEENTH ST","15-833","32.714417000","-117.150262000","57185","Special Event Downtown MK5 - 2 Hour Max $2.50 HR 8am-8pm Mon-Sat (NFC)","8am","8pm","2 hour","Mon-Sat","$2.50 HR","","",""
"Downtown","East Village","800 FIFTEENTH ST","15-835","32.714419000","-117.150261000","57185","Special Event Downtown MK5 - 2 Hour Max $2.50 HR 8am-8pm Mon-Sat (NFC)","8am","8pm","2 hour","Mon-Sat","$2.50 HR","","",""
"Downtown","East Village","800 FIFTEENTH ST","15-837","32.714498000","-117.150309000","57185","Special Event Downtown MK5 - 2 Hour Max $2.50 HR 8am-8pm Mon-Sat (NFC)","8am","8pm","2 hour","Mon-Sat","$2.50 HR","","",""
"Downtown","East Village","800 FIFTEENTH ST","15-839","32.714511000","-117.150322000","57185","Special Event Downtown MK5 - 2 Hour Max $2.50 HR 8am-8pm Mon-Sat (NFC)","8am","8pm","2 hour","Mon-Sat","$2.50 HR","","",""
"Downtown","East Village","800 FIFTEENTH ST","15-803","32.713904000","-117.150397000","57185","Special Event Downtown MK5 - 2 Hour Max $2.50 HR 8am-8pm Mon-Sat (NFC)","8am","8pm","2 hour","Mon-Sat","$2.50 HR","","",""
"Downtown","East Village","800 FIFTEENTH ST","15-805","32.713899000","-117.150483000","57185","Special Event Downtown MK5 - 2 Hour Max $2.50 HR 8am-8pm Mon-Sat (NFC)","8am","8pm","2 hour","Mon-Sat","$2.50 HR","","",""
"Downtown","East Village","800 FIFTEENTH ST","15-807","32.714028000","-117.150411000","57185","Special Event Downtown MK5 - 2 Hour Max $2.50 HR 8am-8pm Mon-Sat (NFC)","8am","8pm","2 hour","Mon-Sat","$2.50 HR","","",""
"Downtown","East Village","800 FIFTEENTH ST","15-809","32.714049000","-117.150430000","57185","Special Event Downtown MK5 - 2 Hour Max $2.50 HR 8am-8pm Mon-Sat (NFC)","8am","8pm","2 hour","Mon-Sat","$2.50 HR","","",""
"Downtown","East Village","800 FIFTEENTH ST","15-832","32.714454000","-117.150510000","57185","Special Event Downtown MK5 - 2 Hour Max $2.50 HR 8am-8pm Mon-Sat (NFC)","8am","8pm","2 hour","Mon-Sat","$2.50 HR","","",""
"Downtown","East Village","800 FIFTEENTH ST","15-834","32.714265000","-117.150597000","57185","Special Event Downtown MK5 - 2 Hour Max $2.50 HR 8am-8pm Mon-Sat (NFC)","8am","8pm","2 hour","Mon-Sat","$2.50 HR","","",""
"Downtown","East Village","800 FIFTEENTH ST","15-836","32.714520000","-117.150484000","57185","Special Event Downtown MK5 - 2 Hour Max $2.50 HR 8am-8pm Mon-Sat (NFC)","8am","8pm","2 hour","Mon-Sat","$2.50 HR","","",""
"Downtown","East Village","800 FIFTEENTH ST","15-820","32.714266000","-117.150534000","57185","Special Event Downtown MK5 - 2 Hour Max $2.50 HR 8am-8pm Mon-Sat (NFC)","8am","8pm","2 hour","Mon-Sat","$2.50 HR","","",""
"Downtown","East Village","800 FIFTEENTH ST","15-822","32.714323000","-117.150523000","57185","Special Event Downtown MK5 - 2 Hour Max $2.50 HR 8am-8pm Mon-Sat (NFC)","8am","8pm","2 hour","Mon-Sat","$2.50 HR","","",""
"Downtown","East Village","800 FIFTEENTH ST","15-824","32.714329000","-117.150510000","57185","Special Event Downtown MK5 - 2 Hour Max $2.50 HR 8am-8pm Mon-Sat (NFC)","8am","8pm","2 hour","Mon-Sat","$2.50 HR","","",""
"Downtown","East Village","800 FIFTEENTH ST","15-826","32.714400000","-117.150490000","57185","Special Event Downtown MK5 - 2 Hour Max $2.50 HR 8am-8pm Mon-Sat (NFC)","8am","8pm","2 hour","Mon-Sat","$2.50 HR","","",""
"Downtown","East Village","800 FIFTEENTH ST","15-828","32.714407000","-117.150502000","57185","Special Event Downtown MK5 - 2 Hour Max $2.50 HR 8am-8pm Mon-Sat (NFC)","8am","8pm","2 hour","Mon-Sat","$2.50 HR","","",""
"Downtown","East Village","800 FIFTEENTH ST","15-829","32.714298000","-117.150250000","57185","Special Event Downtown MK5 - 2 Hour Max $2.50 HR 8am-8pm Mon-Sat (NFC)","8am","8pm","2 hour","Mon-Sat","$2.50 HR","","",""
"Downtown","East Village","800 FIFTEENTH ST","15-830","32.714444000","-117.150506000","57185","Special Event Downtown MK5 - 2 Hour Max $2.50 HR 8am-8pm Mon-Sat (NFC)","8am","8pm","2 hour","Mon-Sat","$2.50 HR","","",""
"Downtown","East Village","900 TENTH AVE","10-903","32.714898000","-117.155518000","57185","Special Event Downtown MK5 - 2 Hour Max $2.50 HR 8am-8pm Mon-Sat (NFC)","8am","8pm","2 hour","Mon-Sat","$2.50 HR","","",""
"Downtown","East Village","900 TENTH AVE","10-904","32.714972000","-117.155701000","57185","Special Event Downtown MK5 - 2 Hour Max $2.50 HR 8am-8pm Mon-Sat (NFC)","8am","8pm","2 hour","Mon-Sat","$2.50 HR","","",""
"Downtown","East Village","900 TENTH AVE","10-906","32.715029000","-117.155702000","57185","Special Event Downtown MK5 - 2 Hour Max $2.50 HR 8am-8pm Mon-Sat (NFC)","8am","8pm","2 hour","Mon-Sat","$2.50 HR","","",""
"Downtown","East Village","900 TENTH AVE","10-907","32.715069000","-117.155520000","57185","Special Event Downtown MK5 - 2 Hour Max $2.50 HR 8am-8pm Mon-Sat (NFC)","8am","8pm","2 hour","Mon-Sat","$2.50 HR","","",""
"Downtown","East Village","900 TENTH AVE","10-908","32.715143000","-117.155703000","57185","Special Event Downtown MK5 - 2 Hour Max $2.50 HR 8am-8pm Mon-Sat (NFC)","8am","8pm","2 hour","Mon-Sat","$2.50 HR","","",""
"Downtown","East Village","900 TENTH AVE","10-909","32.715183000","-117.155521000","57185","Special Event Downtown MK5 - 2 Hour Max $2.50 HR 8am-8pm Mon-Sat (NFC)","8am","8pm","2 hour","Mon-Sat","$2.50 HR","","",""
"Downtown","East Village","900 TENTH AVE","10-910","32.715238000","-117.155704000","57185","Special Event Downtown MK5 - 2 Hour Max $2.50 HR 8am-8pm Mon-Sat (NFC)","8am","8pm","2 hour","Mon-Sat","$2.50 HR","","",""
"Downtown","East Village","900 TENTH AVE","10-912","32.715295000","-117.155705000","57185","Special Event Downtown MK5 - 2 Hour Max $2.50 HR 8am-8pm Mon-Sat (NFC)","8am","8pm","2 hour","Mon-Sat","$2.50 HR","","",""
"Downtown","East Village","900 TENTH AVE","10-917","32.715353000","-117.155523000","57185","Special Event Downtown MK5 - 2 Hour Max $2.50 HR 8am-8pm Mon-Sat (NFC)","8am","8pm","2 hour","Mon-Sat","$2.50 HR","","",""
"Downtown","East Village","900 TENTH AVE","10-919","32.715410000","-117.155524000","57185","Special Event Downtown MK5 - 2 Hour Max $2.50 HR 8am-8pm Mon-Sat (NFC)","8am","8pm","2 hour","Mon-Sat","$2.50 HR","","",""
"Downtown","East Village","900 TENTH AVE","10-922","32.715466000","-117.155706000","57185","Special Event Downtown MK5 - 2 Hour Max $2.50 HR 8am-8pm Mon-Sat (NFC)","8am","8pm","2 hour","Mon-Sat","$2.50 HR","","",""
"Downtown","East Village","900 TENTH AVE","10-924","32.715523000","-117.155707000","57185","Special Event Downtown MK5 - 2 Hour Max $2.50 HR 8am-8pm Mon-Sat (NFC)","8am","8pm","2 hour","Mon-Sat","$2.50 HR","","",""
"Downtown","East Village","900 TENTH AVE","10-925","32.715581000","-117.155525000","57185","Special Event Downtown MK5 - 2 Hour Max $2.50 HR 8am-8pm Mon-Sat (NFC)","8am","8pm","2 hour","Mon-Sat","$2.50 HR","","",""
"Downtown","East Village","900 TENTH AVE","10-927","32.715638000","-117.155526000","57185","Special Event Downtown MK5 - 2 Hour Max $2.50 HR 8am-8pm Mon-Sat (NFC)","8am","8pm","2 hour","Mon-Sat","$2.50 HR","","",""
"Downtown","East Village","900 TENTH AVE","10-902","32.714859000","-117.155700000","57185","Special Event Downtown MK5 - 2 Hour Max $2.50 HR 8am-8pm Mon-Sat (NFC)","8am","8pm","2 hour","Mon-Sat","$2.50 HR","","",""
"Downtown","East Village","900 FOURTEENTH ST","14-911","32.715151159","-117.151864394","57183","Special Event Downtown MK5 - 4 Hour Max $2.50 HR 8am-8pm Mon-Sat (Mobile Pay) (NFC)","8am","8pm","4 hour","Mon-Sat","$2.50 HR","Y","",""
"Downtown","East Village","900 FOURTEENTH ST","14-913","32.715077252","-117.151820138","57183","Special Event Downtown MK5 - 4 Hour Max $2.50 HR 8am-8pm Mon-Sat (Mobile Pay) (NFC)","8am","8pm","4 hour","Mon-Sat","$2.50 HR","Y","",""
"Downtown","East Village","900 FOURTEENTH ST","14-915","32.715210116","-117.151881828","57183","Special Event Downtown MK5 - 4 Hour Max $2.50 HR 8am-8pm Mon-Sat (Mobile Pay) (NFC)","8am","8pm","4 hour","Mon-Sat","$2.50 HR","Y","",""
"Downtown","East Village","900 FOURTEENTH ST","14-917","32.715147492","-117.151890881","57183","Special Event Downtown MK5 - 4 Hour Max $2.50 HR 8am-8pm Mon-Sat (Mobile Pay) (NFC)","8am","8pm","4 hour","Mon-Sat","$2.50 HR","Y","",""
"Downtown","East Village","900 FOURTEENTH ST","14-919","32.715272176","-117.151884175","57183","Special Event Downtown MK5 - 4 Hour Max $2.50 HR 8am-8pm Mon-Sat (Mobile Pay) (NFC)","8am","8pm","4 hour","Mon-Sat","$2.50 HR","Y","",""
"Downtown","East Village","900 FOURTEENTH ST","14-921","32.715269919","-117.151908650","57183","Special Event Downtown MK5 - 4 Hour Max $2.50 HR 8am-8pm Mon-Sat (Mobile Pay) (NFC)","8am","8pm","4 hour","Mon-Sat","$2.50 HR","Y","",""
"Downtown","East Village","900 FOURTEENTH ST","14-923","32.715343545","-117.151875123","57183","Special Event Downtown MK5 - 4 Hour Max $2.50 HR 8am-8pm Mon-Sat (Mobile Pay) (NFC)","8am","8pm","4 hour","Mon-Sat","$2.50 HR","Y","",""
"Downtown","East Village","900 FOURTEENTH ST","14-925","32.715343545","-117.151868753","57183","Special Event Downtown MK5 - 4 Hour Max $2.50 HR 8am-8pm Mon-Sat (Mobile Pay) (NFC)","8am","8pm","4 hour","Mon-Sat","$2.50 HR","Y","",""
"Downtown","East Village","900 FOURTEENTH ST","14-927","32.715433814","-117.151876799","57183","Special Event Downtown MK5 - 4 Hour Max $2.50 HR 8am-8pm Mon-Sat (Mobile Pay) (NFC)","8am","8pm","4 hour","Mon-Sat","$2.50 HR","Y","",""
"Downtown","East Village","900 FOURTEENTH ST","14-929","32.715438891","-117.151882164","57183","Special Event Downtown MK5 - 4 Hour Max $2.50 HR 8am-8pm Mon-Sat (Mobile Pay) (NFC)","8am","8pm","4 hour","Mon-Sat","$2.50 HR","Y","",""
"Downtown","East Village","900 FOURTEENTH ST","14-931","32.715473588","-117.151905298","57183","Special Event Downtown MK5 - 4 Hour Max $2.50 HR 8am-8pm Mon-Sat (Mobile Pay) (NFC)","8am","8pm","4 hour","Mon-Sat","$2.50 HR","Y","",""
"Downtown","East Village","900 FOURTEENTH ST","14-933","32.715502079","-117.151862382","57183","Special Event Downtown MK5 - 4 Hour Max $2.50 HR 8am-8pm Mon-Sat (Mobile Pay) (NFC)","8am","8pm","4 hour","Mon-Sat","$2.50 HR","Y","",""
"Downtown","East Village","900 FOURTEENTH ST","14-935","32.715529724","-117.151891551","57183","Special Event Downtown MK5 - 4 Hour Max $2.50 HR 8am-8pm Mon-Sat (Mobile Pay) (NFC)","8am","8pm","4 hour","Mon-Sat","$2.50 HR","Y","",""
"Downtown","East Village","900 FOURTEENTH ST","14-900W","32.715073302","-117.152076624","59138","Special Event East Village MS3 - 4 Hour MS3 $2.50 HR, 8am-8pm Mon-Sat, Prepay, NFC","8am","8pm","4 hour","Mon-Sat","$2.50 HR","","",""
"Downtown","East Village","900 FIFTEENTH ST","15-902","32.714865000","-117.150504000","57183","Special Event Downtown MK5 - 4 Hour Max $2.50 HR 8am-8pm Mon-Sat (Mobile Pay) (NFC)","8am","8pm","4 hour","Mon-Sat","$2.50 HR","Y","",""
"Downtown","East Village","900 FIFTEENTH ST","15-904","32.714936665","-117.150522469","57183","Special Event Downtown MK5 - 4 Hour Max $2.50 HR 8am-8pm Mon-Sat (Mobile Pay) (NFC)","8am","8pm","4 hour","Mon-Sat","$2.50 HR","Y","",""
"Downtown","East Village","900 FIFTEENTH ST","15-906","32.714960000","-117.150505000","57183","Special Event Downtown MK5 - 4 Hour Max $2.50 HR 8am-8pm Mon-Sat (Mobile Pay) (NFC)","8am","8pm","4 hour","Mon-Sat","$2.50 HR","Y","",""
"Downtown","East Village","900 FIFTEENTH ST","15-908","32.715017000","-117.150505000","57183","Special Event Downtown MK5 - 4 Hour Max $2.50 HR 8am-8pm Mon-Sat (Mobile Pay) (NFC)","8am","8pm","4 hour","Mon-Sat","$2.50 HR","Y","",""
"Downtown","East Village","900 FIFTEENTH ST","15-910","32.715056000","-117.150506000","57183","Special Event Downtown MK5 - 4 Hour Max $2.50 HR 8am-8pm Mon-Sat (Mobile Pay) (NFC)","8am","8pm","4 hour","Mon-Sat","$2.50 HR","Y","",""
"Downtown","East Village","900 FIFTEENTH ST","15-912","32.715113000","-117.150506000","57183","Special Event Downtown MK5 - 4 Hour Max $2.50 HR 8am-8pm Mon-Sat (Mobile Pay) (NFC)","8am","8pm","4 hour","Mon-Sat","$2.50 HR","Y","",""
"Downtown","East Village","900 FIFTEENTH ST","15-914","32.715151000","-117.150506000","57183","Special Event Downtown MK5 - 4 Hour Max $2.50 HR 8am-8pm Mon-Sat (Mobile Pay) (NFC)","8am","8pm","4 hour","Mon-Sat","$2.50 HR","Y","",""
"Downtown","East Village","900 FIFTEENTH ST","15-916","32.715208000","-117.150507000","57183","Special Event Downtown MK5 - 4 Hour Max $2.50 HR 8am-8pm Mon-Sat (Mobile Pay) (NFC)","8am","8pm","4 hour","Mon-Sat","$2.50 HR","Y","",""
"Downtown","East Village","900 FIFTEENTH ST","15-918","32.715246000","-117.150507000","57183","Special Event Downtown MK5 - 4 Hour Max $2.50 HR 8am-8pm Mon-Sat (Mobile Pay) (NFC)","8am","8pm","4 hour","Mon-Sat","$2.50 HR","Y","",""
"Downtown","East Village","900 FIFTEENTH ST","15-920","32.715304000","-117.150507000","57183","Special Event Downtown MK5 - 4 Hour Max $2.50 HR 8am-8pm Mon-Sat (Mobile Pay) (NFC)","8am","8pm","4 hour","Mon-Sat","$2.50 HR","Y","",""
"Downtown","East Village","900 FIFTEENTH ST","15-922","32.715342000","-117.150508000","57183","Special Event Downtown MK5 - 4 Hour Max $2.50 HR 8am-8pm Mon-Sat (Mobile Pay) (NFC)","8am","8pm","4 hour","Mon-Sat","$2.50 HR","Y","",""
"Downtown","East Village","900 FIFTEENTH ST","15-924","32.715358000","-117.150396000","57183","Special Event Downtown MK5 - 4 Hour Max $2.50 HR 8am-8pm Mon-Sat (Mobile Pay) (NFC)","8am","8pm","4 hour","Mon-Sat","$2.50 HR","Y","",""
"Downtown","East Village","900 FIFTEENTH ST","15-926","32.715399000","-117.150508000","57183","Special Event Downtown MK5 - 4 Hour Max $2.50 HR 8am-8pm Mon-Sat (Mobile Pay) (NFC)","8am","8pm","4 hour","Mon-Sat","$2.50 HR","Y","",""
"Downtown","East Village","900 FIFTEENTH ST","15-928","32.715437000","-117.150508000","57183","Special Event Downtown MK5 - 4 Hour Max $2.50 HR 8am-8pm Mon-Sat (Mobile Pay) (NFC)","8am","8pm","4 hour","Mon-Sat","$2.50 HR","Y","",""
"Downtown","East Village","900 FIFTEENTH ST","15-930","32.715495000","-117.150509000","57183","Special Event Downtown MK5 - 4 Hour Max $2.50 HR 8am-8pm Mon-Sat (Mobile Pay) (NFC)","8am","8pm","4 hour","Mon-Sat","$2.50 HR","Y","",""
"Downtown","East Village","900 FIFTEENTH ST","15-932","32.715533000","-117.150509000","57183","Special Event Downtown MK5 - 4 Hour Max $2.50 HR 8am-8pm Mon-Sat (Mobile Pay) (NFC)","8am","8pm","4 hour","Mon-Sat","$2.50 HR","Y","",""
"Downtown","East Village","900 FIFTEENTH ST","15-934","32.715590000","-117.150509000","57183","Special Event Downtown MK5 - 4 Hour Max $2.50 HR 8am-8pm Mon-Sat (Mobile Pay) (NFC)","8am","8pm","4 hour","Mon-Sat","$2.50 HR","Y","",""
"Downtown","East Village","900 FIFTEENTH ST","15-936","32.715628000","-117.150510000","57183","Special Event Downtown MK5 - 4 Hour Max $2.50 HR 8am-8pm Mon-Sat (Mobile Pay) (NFC)","8am","8pm","4 hour","Mon-Sat","$2.50 HR","Y","",""
"Downtown","East Village","900 FIFTEENTH ST","15-938","32.715685000","-117.150510000","57183","Special Event Downtown MK5 - 4 Hour Max $2.50 HR 8am-8pm Mon-Sat (Mobile Pay) (NFC)","8am","8pm","4 hour","Mon-Sat","$2.50 HR","Y","",""
"Downtown","East Village","900 FIFTEENTH ST","15-900E","32.715260892","-117.150328829","57173","Special Event Downtown MSPM PPD - 2 Hour Max $2.50 HR 8am-8pm Mon-Sat (NFC)","8am","8pm","2 hour","Mon-Sat","$2.50 HR","","Y",""
"Downtown","East Village","1000 TENTH AVE","10-1003","32.716162000","-117.155530000","57004","Downtown MK5 - 2 Hour Max $2.50 HR, 8am-8pm, Mon-Sat, Prepay, NFC","8am","8pm","2 hour","Mon-Sat","$2.50 HR","","",""
"Downtown","East Village","1000 TENTH AVE","10-1005","32.716354000","-117.155531000","57004","Downtown MK5 - 2 Hour Max $2.50 HR, 8am-8pm, Mon-Sat, Prepay, NFC","8am","8pm","2 hour","Mon-Sat","$2.50 HR","","",""
"Downtown","East Village","1000 TENTH AVE","10-1023","32.716545000","-117.155533000","57004","Downtown MK5 - 2 Hour Max $2.50 HR, 8am-8pm, Mon-Sat, Prepay, NFC","8am","8pm","2 hour","Mon-Sat","$2.50 HR","","",""
"Downtown","East Village","1000 THIRTEENTH ST","13-1000E","32.716155273","-117.152805652","60375","Downtown MS3 - 4 Hour Max $2.50 HR 8am-8pm, Mon-Sat, Prepay, NFC","8am","8pm","4 hour","Mon-Sat","$2.50 HR","","",""
"Downtown","East Village","1000 FIFTEENTH ST","15-1000E","32.719187000","-117.144733000","60375","Downtown MS3 - 4 Hour Max $2.50 HR 8am-8pm, Mon-Sat, Prepay, NFC","8am","8pm","4 hour","Mon-Sat","$2.50 HR","","",""
"Downtown","East Village","1000 FIFTEENTH ST","15-1000W","32.716289450","-117.150537300","60375","Downtown MS3 - 4 Hour Max $2.50 HR 8am-8pm, Mon-Sat, Prepay, NFC","8am","8pm","4 hour","Mon-Sat","$2.50 HR","","",""
"Downtown","East Village","1100 TENTH AVE","10-1103","32.716918000","-117.155535000","57004","Downtown MK5 - 2 Hour Max $2.50 HR, 8am-8pm, Mon-Sat, Prepay, NFC","8am","8pm","2 hour","Mon-Sat","$2.50 HR","","",""
"Downtown","East Village","1100 TENTH AVE","10-1105","32.717035000","-117.155536000","57004","Downtown MK5 - 2 Hour Max $2.50 HR, 8am-8pm, Mon-Sat, Prepay, NFC","8am","8pm","2 hour","Mon-Sat","$2.50 HR","","",""
"Downtown","East Village","1100 TENTH AVE","10-1107","32.717131000","-117.155536000","57004","Downtown MK5 - 2 Hour Max $2.50 HR, 8am-8pm, Mon-Sat, Prepay, NFC","8am","8pm","2 hour","Mon-Sat","$2.50 HR","","",""
"Downtown","East Village","1100 TENTH AVE","10-1109","32.717247000","-117.155537000","57004","Downtown MK5 - 2 Hour Max $2.50 HR, 8am-8pm, Mon-Sat, Prepay, NFC","8am","8pm","2 hour","Mon-Sat","$2.50 HR","","",""
"Downtown","East Village","1100 TENTH AVE","10-1111","32.717344000","-117.155538000","57004","Downtown MK5 - 2 Hour Max $2.50 HR, 8am-8pm, Mon-Sat, Prepay, NFC","8am","8pm","2 hour","Mon-Sat","$2.50 HR","","",""
"Downtown","East Village","1100 TENTH AVE","10-1113","32.717460000","-117.155538000","57004","Downtown MK5 - 2 Hour Max $2.50 HR, 8am-8pm, Mon-Sat, Prepay, NFC","8am","8pm","2 hour","Mon-Sat","$2.50 HR","","",""
"Downtown","East Village","1100 TENTH AVE","10-1115","32.717349000","-117.155588000","57004","Downtown MK5 - 2 Hour Max $2.50 HR, 8am-8pm, Mon-Sat, Prepay, NFC","8am","8pm","2 hour","Mon-Sat","$2.50 HR","","",""
"Downtown","East Village","1100 TENTH AVE","10-1117","32.717341819","-117.155571907","57004","Downtown MK5 - 2 Hour Max $2.50 HR, 8am-8pm, Mon-Sat, Prepay, NFC","8am","8pm","2 hour","Mon-Sat","$2.50 HR","","",""
"Downtown","East Village","1100 TENTH AVE","10-1118","32.717594000","-117.155737000","57004","Downtown MK5 - 2 Hour Max $2.50 HR, 8am-8pm, Mon-Sat, Prepay, NFC","8am","8pm","2 hour","Mon-Sat","$2.50 HR","","",""
"Downtown","East Village","1100 TENTH AVE","10-1120","32.717577000","-117.155783000","57004","Downtown MK5 - 2 Hour Max $2.50 HR, 8am-8pm, Mon-Sat, Prepay, NFC","8am","8pm","2 hour","Mon-Sat","$2.50 HR","","",""
"Downtown","East Village","1100 TENTH AVE","10-1121","32.717673000","-117.155540000","57004","Downtown MK5 - 2 Hour Max $2.50 HR, 8am-8pm, Mon-Sat, Prepay, NFC","8am","8pm","2 hour","Mon-Sat","$2.50 HR","","",""
"Downtown","East Village","1100 TENTH AVE","10-1122","32.717785000","-117.155869000","57004","Downtown MK5 - 2 Hour Max $2.50 HR, 8am-8pm, Mon-Sat, Prepay, NFC","8am","8pm","2 hour","Mon-Sat","$2.50 HR","","",""
"Downtown","East Village","1100 TENTH AVE","10-1124","32.717791000","-117.155867000","57004","Downtown MK5 - 2 Hour Max $2.50 HR, 8am-8pm, Mon-Sat, Prepay, NFC","8am","8pm","2 hour","Mon-Sat","$2.50 HR","","",""
"Downtown","East Village","1200 TENTH AVE","10-1201","32.717942000","-117.155923000","57004","Downtown MK5 - 2 Hour Max $2.50 HR, 8am-8pm, Mon-Sat, Prepay, NFC","8am","8pm","2 hour","Mon-Sat","$2.50 HR","","",""
"Downtown","East Village","1200 TENTH AVE","10-1203","32.717977000","-117.155957000","57004","Downtown MK5 - 2 Hour Max $2.50 HR, 8am-8pm, Mon-Sat, Prepay, NFC","8am","8pm","2 hour","Mon-Sat","$2.50 HR","","",""
"Downtown","East Village","1200 TENTH AVE","10-1205","32.718097000","-117.155880000","57004","Downtown MK5 - 2 Hour Max $2.50 HR, 8am-8pm, Mon-Sat, Prepay, NFC","8am","8pm","2 hour","Mon-Sat","$2.50 HR","","",""
"Downtown","East Village","1200 TENTH AVE","10-1209","32.718071000","-117.155543000","57004","Downtown MK5 - 2 Hour Max $2.50 HR, 8am-8pm, Mon-Sat, Prepay, NFC","8am","8pm","2 hour","Mon-Sat","$2.50 HR","","",""
"Downtown","East Village","1200 TENTH AVE","10-1211","32.718265000","-117.155544000","57004","Downtown MK5 - 2 Hour Max $2.50 HR, 8am-8pm, Mon-Sat, Prepay, NFC","8am","8pm","2 hour","Mon-Sat","$2.50 HR","","",""
"Downtown","East Village","1200 TENTH AVE","10-1219","32.718460000","-117.155546000","57004","Downtown MK5 - 2 Hour Max $2.50 HR, 8am-8pm, Mon-Sat, Prepay, NFC","8am","8pm","2 hour","Mon-Sat","$2.50 HR","","",""
"Downtown","East Village","1200 TENTH AVE","10-1221","32.718654000","-117.155548000","57004","Downtown MK5 - 2 Hour Max $2.50 HR, 8am-8pm, Mon-Sat, Prepay, NFC","8am","8pm","2 hour","Mon-Sat","$2.50 HR","","",""
"Downtown","East Village","700 ISLAND AVE","SL-700N","32.710585689","-117.157734744","57173","Special Event Downtown MSPM PPD - 2 Hour Max $2.50 HR 8am-8pm Mon-Sat (NFC)","8am","8pm","2 hour","Mon-Sat","$2.50 HR","","Y",""
"Downtown","East Village","800 ISLAND AVE","SL-800N","32.710510367","-117.156889513","57173","Special Event Downtown MSPM PPD - 2 Hour Max $2.50 HR 8am-8pm Mon-Sat (NFC)","8am","8pm","2 hour","Mon-Sat","$2.50 HR","","Y",""
"Downtown","East Village","800 ISLAND AVE","SL-803","32.710381000","-117.157040000","57185","Special Event Downtown MK5 - 2 Hour Max $2.50 HR 8am-8pm Mon-Sat (NFC)","8am","8pm","2 hour","Mon-Sat","$2.50 HR","","",""
"Downtown","East Village","800 ISLAND AVE","SL-805","32.710385000","-117.156976000","57185","Special Event Downtown MK5 - 2 Hour Max $2.50 HR 8am-8pm Mon-Sat (NFC)","8am","8pm","2 hour","Mon-Sat","$2.50 HR","","",""
"Downtown","East Village","800 ISLAND AVE","SL-809","32.710381000","-117.156794000","57185","Special Event Downtown MK5 - 2 Hour Max $2.50 HR 8am-8pm Mon-Sat (NFC)","8am","8pm","2 hour","Mon-Sat","$2.50 HR","","",""
"Downtown","Columbia","1000 INDIA ST","N-1006","32.716228000","-117.168383000","57004","Downtown MK5 - 2 Hour Max $2.50 HR, 8am-8pm, Mon-Sat, Prepay, NFC","8am","8pm","2 hour","Mon-Sat","$2.50 HR","","",""
"Downtown","Columbia","1000 INDIA ST","N-1008","32.716337000","-117.168383000","57004","Downtown MK5 - 2 Hour Max $2.50 HR, 8am-8pm, Mon-Sat, Prepay, NFC","8am","8pm","2 hour","Mon-Sat","$2.50 HR","","",""
"Downtown","Columbia","1000 INDIA ST","N-1010","32.716465000","-117.168383000","57004","Downtown MK5 - 2 Hour Max $2.50 HR, 8am-8pm, Mon-Sat, Prepay, NFC","8am","8pm","2 hour","Mon-Sat","$2.50 HR","","",""
"Downtown","Columbia","1000 INDIA ST","N-1012","32.716575000","-117.168383000","57004","Downtown MK5 - 2 Hour Max $2.50 HR, 8am-8pm, Mon-Sat, Prepay, NFC","8am","8pm","2 hour","Mon-Sat","$2.50 HR","","",""
"Downtown","Columbia","1000 STATE ST","ST-1003","32.716069000","-117.166411000","57004","Downtown MK5 - 2 Hour Max $2.50 HR, 8am-8pm, Mon-Sat, Prepay, NFC","8am","8pm","2 hour","Mon-Sat","$2.50 HR","","",""
"Downtown","Columbia","1000 STATE ST","ST-1005","32.716383000","-117.166410000","57004","Downtown MK5 - 2 Hour Max $2.50 HR, 8am-8pm, Mon-Sat, Prepay, NFC","8am","8pm","2 hour","Mon-Sat","$2.50 HR","","",""
"Downtown","Columbia","1100 COLUMBIA ST","CL-1112","32.717057225","-117.167450040","57004","Downtown MK5 - 2 Hour Max $2.50 HR, 8am-8pm, Mon-Sat, Prepay, NFC","8am","8pm","2 hour","Mon-Sat","$2.50 HR","","",""
"Downtown","Columbia","1100 COLUMBIA ST","CL-1114","32.717208068","-117.167464121","57004","Downtown MK5 - 2 Hour Max $2.50 HR, 8am-8pm, Mon-Sat, Prepay, NFC","8am","8pm","2 hour","Mon-Sat","$2.50 HR","","",""
"Downtown","Columbia","1100 COLUMBIA ST","CL-1130","32.717484018","-117.167468480","57004","Downtown MK5 - 2 Hour Max $2.50 HR, 8am-8pm, Mon-Sat, Prepay, NFC","8am","8pm","2 hour","Mon-Sat","$2.50 HR","","",""
"Downtown","Columbia","1100 COLUMBIA ST","CL-1132","32.717499581","-117.167478874","57004","Downtown MK5 - 2 Hour Max $2.50 HR, 8am-8pm, Mon-Sat, Prepay, NFC","8am","8pm","2 hour","Mon-Sat","$2.50 HR","","",""
"Downtown","Columbia","1100 COLUMBIA ST","CL-1134","32.717568546","-117.167476527","57004","Downtown MK5 - 2 Hour Max $2.50 HR, 8am-8pm, Mon-Sat, Prepay, NFC","8am","8pm","2 hour","Mon-Sat","$2.50 HR","","",""
"Downtown","Columbia","1100 COLUMBIA ST","CL-1136","32.717614622","-117.167488932","57004","Downtown MK5 - 2 Hour Max $2.50 HR, 8am-8pm, Mon-Sat, Prepay, NFC","8am","8pm","2 hour","Mon-Sat","$2.50 HR","","",""
"Downtown","Columbia","1100 COLUMBIA ST","CL-1106","32.716994320","-117.167456410","57004","Downtown MK5 - 2 Hour Max $2.50 HR, 8am-8pm, Mon-Sat, Prepay, NFC","8am","8pm","2 hour","Mon-Sat","$2.50 HR","","",""
"Downtown","Columbia","1100 COLUMBIA ST","CL-1107","32.717065000","-117.167302000","57004","Downtown MK5 - 2 Hour Max $2.50 HR, 8am-8pm, Mon-Sat, Prepay, NFC","8am","8pm","2 hour","Mon-Sat","$2.50 HR","","",""
"Downtown","Columbia","1100 COLUMBIA ST","CL-1108","32.716981344","-117.167455404","57004","Downtown MK5 - 2 Hour Max $2.50 HR, 8am-8pm, Mon-Sat, Prepay, NFC","8am","8pm","2 hour","Mon-Sat","$2.50 HR","","",""
"Downtown","Columbia","1100 COLUMBIA ST","CL-1109","32.717181000","-117.167302000","57004","Downtown MK5 - 2 Hour Max $2.50 HR, 8am-8pm, Mon-Sat, Prepay, NFC","8am","8pm","2 hour","Mon-Sat","$2.50 HR","","",""
"Downtown","Columbia","1100 COLUMBIA ST","CL-1110","32.717047352","-117.167460769","57004","Downtown MK5 - 2 Hour Max $2.50 HR, 8am-8pm, Mon-Sat, Prepay, NFC","8am","8pm","2 hour","Mon-Sat","$2.50 HR","","",""
"Downtown","Columbia","1100 COLUMBIA ST","CL-1111","32.717316000","-117.167303000","57004","Downtown MK5 - 2 Hour Max $2.50 HR, 8am-8pm, Mon-Sat, Prepay, NFC","8am","8pm","2 hour","Mon-Sat","$2.50 HR","","",""
"Downtown","Columbia","1100 COLUMBIA ST","CL-1113","32.717373000","-117.167303000","57004","Downtown MK5 - 2 Hour Max $2.50 HR, 8am-8pm, Mon-Sat, Prepay, NFC","8am","8pm","2 hour","Mon-Sat","$2.50 HR","","",""
"Downtown","Columbia","1100 COLUMBIA ST","CL-1115","32.717431000","-117.167303000","57004","Downtown MK5 - 2 Hour Max $2.50 HR, 8am-8pm, Mon-Sat, Prepay, NFC","8am","8pm","2 hour","Mon-Sat","$2.50 HR","","",""
"Downtown","Columbia","1100 COLUMBIA ST","CL-1122","32.717348618","-117.167455404","57004","Downtown MK5 - 2 Hour Max $2.50 HR, 8am-8pm, Mon-Sat, Prepay, NFC","8am","8pm","2 hour","Mon-Sat","$2.50 HR","","",""
"Downtown","Columbia","1100 COLUMBIA ST","CL-1117","32.717262000","-117.167467000","57004","Downtown MK5 - 2 Hour Max $2.50 HR, 8am-8pm, Mon-Sat, Prepay, NFC","8am","8pm","2 hour","Mon-Sat","$2.50 HR","","",""
"Downtown","Columbia","1100 COLUMBIA ST","CL-1104","32.716921260","-117.167475856","57004","Downtown MK5 - 2 Hour Max $2.50 HR, 8am-8pm, Mon-Sat, Prepay, NFC","8am","8pm","2 hour","Mon-Sat","$2.50 HR","","",""
"Downtown","Columbia","1100 COLUMBIA ST","CL-1105","32.716949000","-117.167301000","56999","Downtown MK5 – 15 Min Max $2.50 HR, 8am-8pm, Mon-Sat, Prepay, NFC, (Sensor Courtesy)","8am","8pm","15 min","Mon-Sat","$2.50 HR","","",""
"Downtown","Columbia","1100 INDIA ST","N-1123","32.717421000","-117.168053000","9000","2 Hour Max $2.50 HR 8am-6pm Mon-Sat (NFC)","8am","6pm","2 hour","Mon-Sat","$2.50 HR","","",""
"Downtown","Columbia","1100 INDIA ST","N-1116","32.717363000","-117.168293000","57004","Downtown MK5 - 2 Hour Max $2.50 HR, 8am-8pm, Mon-Sat, Prepay, NFC","8am","8pm","2 hour","Mon-Sat","$2.50 HR","","",""
"Downtown","Columbia","1100 INDIA ST","N-1118","32.717399000","-117.168314000","57004","Downtown MK5 - 2 Hour Max $2.50 HR, 8am-8pm, Mon-Sat, Prepay, NFC","8am","8pm","2 hour","Mon-Sat","$2.50 HR","","",""
"Downtown","Columbia","1100 INDIA ST","N-1120","32.717627000","-117.168292000","57004","Downtown MK5 - 2 Hour Max $2.50 HR, 8am-8pm, Mon-Sat, Prepay, NFC","8am","8pm","2 hour","Mon-Sat","$2.50 HR","","",""
"Downtown","Columbia","1100 INDIA ST","N-1122","32.717631000","-117.168294000","57004","Downtown MK5 - 2 Hour Max $2.50 HR, 8am-8pm, Mon-Sat, Prepay, NFC","8am","8pm","2 hour","Mon-Sat","$2.50 HR","","",""
"Downtown","Columbia","1100 INDIA ST","N-1124","32.717630000","-117.168296000","57004","Downtown MK5 - 2 Hour Max $2.50 HR, 8am-8pm, Mon-Sat, Prepay, NFC","8am","8pm","2 hour","Mon-Sat","$2.50 HR","","",""
"Downtown","Columbia","1100 INDIA ST","N-1126","32.717691000","-117.168275000","57004","Downtown MK5 - 2 Hour Max $2.50 HR, 8am-8pm, Mon-Sat, Prepay, NFC","8am","8pm","2 hour","Mon-Sat","$2.50 HR","","",""
"Downtown","Columbia","1100 INDIA ST","N-1125","32.717645370","-117.168341540","57004","Downtown MK5 - 2 Hour Max $2.50 HR, 8am-8pm, Mon-Sat, Prepay, NFC","8am","8pm","2 hour","Mon-Sat","$2.50 HR","","",""
"Downtown","Columbia","1100 INDIA ST","N-1127","32.717509406","-117.168703638","57004","Downtown MK5 - 2 Hour Max $2.50 HR, 8am-8pm, Mon-Sat, Prepay, NFC","8am","8pm","2 hour","Mon-Sat","$2.50 HR","","",""
"Downtown","Columbia","1100 KETTNER BLVD","KT-1125","32.717569000","-117.169083000","57004","Downtown MK5 - 2 Hour Max $2.50 HR, 8am-8pm, Mon-Sat, Prepay, NFC","8am","8pm","2 hour","Mon-Sat","$2.50 HR","","",""
"Downtown","Columbia","1200 COLUMBIA ST","CL-1202","32.717903757","-117.167446352","57004","Downtown MK5 - 2 Hour Max $2.50 HR, 8am-8pm, Mon-Sat, Prepay, NFC","8am","8pm","2 hour","Mon-Sat","$2.50 HR","","",""
"Downtown","Columbia","1200 COLUMBIA ST","CL-1204","32.717973995","-117.167460769","57004","Downtown MK5 - 2 Hour Max $2.50 HR, 8am-8pm, Mon-Sat, Prepay, NFC","8am","8pm","2 hour","Mon-Sat","$2.50 HR","","",""
"Downtown","Columbia","1200 COLUMBIA ST","CL-1206","32.718031258","-117.167455404","57004","Downtown MK5 - 2 Hour Max $2.50 HR, 8am-8pm, Mon-Sat, Prepay, NFC","8am","8pm","2 hour","Mon-Sat","$2.50 HR","","",""
"Downtown","Columbia","1200 COLUMBIA ST","CL-1207","32.718133000","-117.167306000","57004","Downtown MK5 - 2 Hour Max $2.50 HR, 8am-8pm, Mon-Sat, Prepay, NFC","8am","8pm","2 hour","Mon-Sat","$2.50 HR","","",""
"Downtown","Columbia","1200 COLUMBIA ST","CL-1208","32.718122088","-117.167455404","57004","Downtown MK5 - 2 Hour Max $2.50 HR, 8am-8pm, Mon-Sat, Prepay, NFC","8am","8pm","2 hour","Mon-Sat","$2.50 HR","","",""
"Downtown","Columbia","1200 COLUMBIA ST","CL-1209","32.718268000","-117.167307000","57004","Downtown MK5 - 2 Hour Max $2.50 HR, 8am-8pm, Mon-Sat, Prepay, NFC","8am","8pm","2 hour","Mon-Sat","$2.50 HR","","",""
"Downtown","Columbia","1200 COLUMBIA ST","CL-1211","32.718326000","-117.167307000","57004","Downtown MK5 - 2 Hour Max $2.50 HR, 8am-8pm, Mon-Sat, Prepay, NFC","8am","8pm","2 hour","Mon-Sat","$2.50 HR","","",""
"Downtown","Columbia","1200 COLUMBIA ST","CL-1215","32.718402000","-117.167307000","57004","Downtown MK5 - 2 Hour Max $2.50 HR, 8am-8pm, Mon-Sat, Prepay, NFC","8am","8pm","2 hour","Mon-Sat","$2.50 HR","","",""
"Downtown","Columbia","1200 COLUMBIA ST","CL-1217","32.718460000","-117.167308000","57004","Downtown MK5 - 2 Hour Max $2.50 HR, 8am-8pm, Mon-Sat, Prepay, NFC","8am","8pm","2 hour","Mon-Sat","$2.50 HR","","",""
"Downtown","Columbia","1200 COLUMBIA ST","CL-1210","32.718153399","-117.167465798","57004","Downtown MK5 - 2 Hour Max $2.50 HR, 8am-8pm, Mon-Sat, Prepay, NFC","8am","8pm","2 hour","Mon-Sat","$2.50 HR","","",""
"Downtown","Columbia","1200 COLUMBIA ST","CL-1212","32.718240787","-117.167497985","57004","Downtown MK5 - 2 Hour Max $2.50 HR, 8am-8pm, Mon-Sat, Prepay, NFC","8am","8pm","2 hour","Mon-Sat","$2.50 HR","","",""
"Downtown","Columbia","1200 COLUMBIA ST","CL-1224","32.718652000","-117.167490000","9000","2 Hour Max $2.50 HR 8am-6pm Mon-Sat (NFC)","8am","6pm","2 hour","Mon-Sat","$2.50 HR","","",""
"Downtown","Columbia","1200 COLUMBIA ST","CL-1218","32.718537000","-117.167490000","9000","2 Hour Max $2.50 HR 8am-6pm Mon-Sat (NFC)","8am","6pm","2 hour","Mon-Sat","$2.50 HR","","",""
"Downtown","Columbia","1200 COLUMBIA ST","CL-1219","32.718595000","-117.167308000","57004","Downtown MK5 - 2 Hour Max $2.50 HR, 8am-8pm, Mon-Sat, Prepay, NFC","8am","8pm","2 hour","Mon-Sat","$2.50 HR","","",""
"Downtown","Columbia","1200 INDIA ST","N-1207","32.718129000","-117.168377000","9000","2 Hour Max $2.50 HR 8am-6pm Mon-Sat (NFC)","8am","6pm","2 hour","Mon-Sat","$2.50 HR","","",""
"Downtown","Columbia","1200 INDIA ST","N-1213","32.718230000","-117.168289000","9000","2 Hour Max $2.50 HR 8am-6pm Mon-Sat (NFC)","8am","6pm","2 hour","Mon-Sat","$2.50 HR","","",""
"Downtown","Columbia","1200 INDIA ST","N-1200W","32.718602000","-117.168014000","13180","Downtown MS1 PPD - 2 Hour Max $2.50 HR 8am-8pm Mon-Sat (NFC)","8am","8pm","2 hour","Mon-Sat","$2.50 HR","","",""
"Downtown","Columbia","1200 INDIA ST","N-1200","32.717902000","-117.168402000","57004","Downtown MK5 - 2 Hour Max $2.50 HR, 8am-8pm, Mon-Sat, Prepay, NFC","8am","8pm","2 hour","Mon-Sat","$2.50 HR","","",""
"Downtown","Columbia","1200 INDIA ST","N-1202","32.718011000","-117.168436000","57004","Downtown MK5 - 2 Hour Max $2.50 HR, 8am-8pm, Mon-Sat, Prepay, NFC","8am","8pm","2 hour","Mon-Sat","$2.50 HR","","",""
"Downtown","Columbia","1200 INDIA ST","N-1204","32.718011000","-117.168495000","57004","Downtown MK5 - 2 Hour Max $2.50 HR, 8am-8pm, Mon-Sat, Prepay, NFC","8am","8pm","2 hour","Mon-Sat","$2.50 HR","","",""
"Downtown","Columbia","1200 KETTNER BLVD","KT-1205","32.717880000","-117.169086000","57004","Downtown MK5 - 2 Hour Max $2.50 HR, 8am-8pm, Mon-Sat, Prepay, NFC","8am","8pm","2 hour","Mon-Sat","$2.50 HR","","",""
"Downtown","Columbia","1200 KETTNER BLVD","KT-1207","32.717938000","-117.169087000","57004","Downtown MK5 - 2 Hour Max $2.50 HR, 8am-8pm, Mon-Sat, Prepay, NFC","8am","8pm","2 hour","Mon-Sat","$2.50 HR","","",""
"Downtown","Columbia","1200 KETTNER BLVD","KT-1209","32.717996000","-117.169087000","57004","Downtown MK5 - 2 Hour Max $2.50 HR, 8am-8pm, Mon-Sat, Prepay, NFC","8am","8pm","2 hour","Mon-Sat","$2.50 HR","","",""
"Downtown","Columbia","1200 KETTNER BLVD","KT-1211","32.718053000","-117.169087000","57004","Downtown MK5 - 2 Hour Max $2.50 HR, 8am-8pm, Mon-Sat, Prepay, NFC","8am","8pm","2 hour","Mon-Sat","$2.50 HR","","",""
"Downtown","Columbia","1200 KETTNER BLVD","KT-1213","32.718111000","-117.169087000","57004","Downtown MK5 - 2 Hour Max $2.50 HR, 8am-8pm, Mon-Sat, Prepay, NFC","8am","8pm","2 hour","Mon-Sat","$2.50 HR","","",""
"Downtown","Columbia","1200 KETTNER BLVD","KT-1215","32.718226000","-117.169087000","57004","Downtown MK5 - 2 Hour Max $2.50 HR, 8am-8pm, Mon-Sat, Prepay, NFC","8am","8pm","2 hour","Mon-Sat","$2.50 HR","","",""
"Downtown","Columbia","1200 KETTNER BLVD","KT-1217","32.718360000","-117.169087000","57004","Downtown MK5 - 2 Hour Max $2.50 HR, 8am-8pm, Mon-Sat, Prepay, NFC","8am","8pm","2 hour","Mon-Sat","$2.50 HR","","",""
"Downtown","Columbia","1200 KETTNER BLVD","KT-1223","32.718418000","-117.169087000","57004","Downtown MK5 - 2 Hour Max $2.50 HR, 8am-8pm, Mon-Sat, Prepay, NFC","8am","8pm","2 hour","Mon-Sat","$2.50 HR","","",""
"Downtown","Columbia","1200 STATE ST","ST-1207","32.717981000","-117.166410000","57004","Downtown MK5 - 2 Hour Max $2.50 HR, 8am-8pm, Mon-Sat, Prepay, NFC","8am","8pm","2 hour","Mon-Sat","$2.50 HR","","",""
"Downtown","Columbia","1200 STATE ST","ST-1211","32.718308000","-117.166409000","57004","Downtown MK5 - 2 Hour Max $2.50 HR, 8am-8pm, Mon-Sat, Prepay, NFC","8am","8pm","2 hour","Mon-Sat","$2.50 HR","","",""
"Downtown","Columbia","1200 STATE ST","ST-1213","32.718463000","-117.166409000","57004","Downtown MK5 - 2 Hour Max $2.50 HR, 8am-8pm, Mon-Sat, Prepay, NFC","8am","8pm","2 hour","Mon-Sat","$2.50 HR","","",""
"Downtown","Columbia","1300 COLUMBIA ST","CL-1303","32.719055489","-117.167349122","57004","Downtown MK5 - 2 Hour Max $2.50 HR, 8am-8pm, Mon-Sat, Prepay, NFC","8am","8pm","2 hour","Mon-Sat","$2.50 HR","","",""
"Downtown","Columbia","1300 COLUMBIA ST","CL-1307","32.719155627","-117.167336717","57004","Downtown MK5 - 2 Hour Max $2.50 HR, 8am-8pm, Mon-Sat, Prepay, NFC","8am","8pm","2 hour","Mon-Sat","$2.50 HR","","",""
"Downtown","Columbia","1300 COLUMBIA ST","CL-1318","32.719265000","-117.167494000","57004","Downtown MK5 - 2 Hour Max $2.50 HR, 8am-8pm, Mon-Sat, Prepay, NFC","8am","8pm","2 hour","Mon-Sat","$2.50 HR","","",""
"Downtown","Columbia","1300 COLUMBIA ST","CL-1320","32.719362000","-117.167495000","57004","Downtown MK5 - 2 Hour Max $2.50 HR, 8am-8pm, Mon-Sat, Prepay, NFC","8am","8pm","2 hour","Mon-Sat","$2.50 HR","","",""
"Downtown","Columbia","1300 COLUMBIA ST","CL-1321","32.719531636","-117.167330682","57004","Downtown MK5 - 2 Hour Max $2.50 HR, 8am-8pm, Mon-Sat, Prepay, NFC","8am","8pm","2 hour","Mon-Sat","$2.50 HR","","",""
"Downtown","Columbia","1300 COLUMBIA ST","CL-1322","32.719558000","-117.167497000","57004","Downtown MK5 - 2 Hour Max $2.50 HR, 8am-8pm, Mon-Sat, Prepay, NFC","8am","8pm","2 hour","Mon-Sat","$2.50 HR","","",""
"Downtown","Columbia","1300 COLUMBIA ST","CL-1323","32.719727679","-117.167351469","57004","Downtown MK5 - 2 Hour Max $2.50 HR, 8am-8pm, Mon-Sat, Prepay, NFC","8am","8pm","2 hour","Mon-Sat","$2.50 HR","","",""
"Downtown","Columbia","1300 COLUMBIA ST","CL-1305","32.719084261","-117.167357169","57004","Downtown MK5 - 2 Hour Max $2.50 HR, 8am-8pm, Mon-Sat, Prepay, NFC","8am","8pm","2 hour","Mon-Sat","$2.50 HR","","",""
"Downtown","Columbia","1300 COLUMBIA ST","CL-1319","32.719599899","-117.167296484","57004","Downtown MK5 - 2 Hour Max $2.50 HR, 8am-8pm, Mon-Sat, Prepay, NFC","8am","8pm","2 hour","Mon-Sat","$2.50 HR","","",""
"Downtown","Columbia","1300 INDIA ST","N-1300E","32.719605000","-117.168390000","13180","Downtown MS1 PPD - 2 Hour Max $2.50 HR 8am-8pm Mon-Sat (NFC)","8am","8pm","2 hour","Mon-Sat","$2.50 HR","","",""
"Downtown","Columbia","1300 INDIA ST","N-1309","32.719178000","-117.168224000","57004","Downtown MK5 - 2 Hour Max $2.50 HR, 8am-8pm, Mon-Sat, Prepay, NFC","8am","8pm","2 hour","Mon-Sat","$2.50 HR","","",""
"Downtown","Columbia","1300 INDIA ST","N-1310","32.719326000","-117.168219000","57004","Downtown MK5 - 2 Hour Max $2.50 HR, 8am-8pm, Mon-Sat, Prepay, NFC","8am","8pm","2 hour","Mon-Sat","$2.50 HR","","",""
"Downtown","Columbia","1300 INDIA ST","N-1316","32.719560000","-117.168170000","57004","Downtown MK5 - 2 Hour Max $2.50 HR, 8am-8pm, Mon-Sat, Prepay, NFC","8am","8pm","2 hour","Mon-Sat","$2.50 HR","","",""
"Downtown","Columbia","1300 INDIA ST","N-1318","32.719617000","-117.168174000","57004","Downtown MK5 - 2 Hour Max $2.50 HR, 8am-8pm, Mon-Sat, Prepay, NFC","8am","8pm","2 hour","Mon-Sat","$2.50 HR","","",""
"Downtown","Columbia","1300 INDIA ST","N-1320","32.719641000","-117.168264000","57004","Downtown MK5 - 2 Hour Max $2.50 HR, 8am-8pm, Mon-Sat, Prepay, NFC","8am","8pm","2 hour","Mon-Sat","$2.50 HR","","",""
"Downtown","Columbia","1300 INDIA ST","N-1301","32.718959000","-117.168249000","57004","Downtown MK5 - 2 Hour Max $2.50 HR, 8am-8pm, Mon-Sat, Prepay, NFC","8am","8pm","2 hour","Mon-Sat","$2.50 HR","","",""
"Downtown","Columbia","1300 INDIA ST","N-1302","32.719063000","-117.168309000","57004","Downtown MK5 - 2 Hour Max $2.50 HR, 8am-8pm, Mon-Sat, Prepay, NFC","8am","8pm","2 hour","Mon-Sat","$2.50 HR","","",""
"Downtown","Columbia","1300 INDIA ST","N-1306","32.719150000","-117.168275000","57004","Downtown MK5 - 2 Hour Max $2.50 HR, 8am-8pm, Mon-Sat, Prepay, NFC","8am","8pm","2 hour","Mon-Sat","$2.50 HR","","",""
"Downtown","Columbia","1300 INDIA ST","N-1307","32.719173000","-117.168230000","57004","Downtown MK5 - 2 Hour Max $2.50 HR, 8am-8pm, Mon-Sat, Prepay, NFC","8am","8pm","2 hour","Mon-Sat","$2.50 HR","","",""
"Downtown","Columbia","1300 INDIA ST","N-1314","32.719489000","-117.168409000","57004","Downtown MK5 - 2 Hour Max $2.50 HR, 8am-8pm, Mon-Sat, Prepay, NFC","8am","8pm","2 hour","Mon-Sat","$2.50 HR","","",""
"Downtown","Columbia","1300 UNION ST","U-1302","32.718976000","-117.165703000","57004","Downtown MK5 - 2 Hour Max $2.50 HR, 8am-8pm, Mon-Sat, Prepay, NFC","8am","8pm","2 hour","Mon-Sat","$2.50 HR","","",""
"Downtown","Columbia","1300 UNION ST","U-1304","32.719074000","-117.165702000","57004","Downtown MK5 - 2 Hour Max $2.50 HR, 8am-8pm, Mon-Sat, Prepay, NFC","8am","8pm","2 hour","Mon-Sat","$2.50 HR","","",""
"Downtown","Columbia","1300 UNION ST","U-1306","32.719152000","-117.165702000","57004","Downtown MK5 - 2 Hour Max $2.50 HR, 8am-8pm, Mon-Sat, Prepay, NFC","8am","8pm","2 hour","Mon-Sat","$2.50 HR","","",""
"Downtown","Columbia","1300 UNION ST","U-1308","32.719250000","-117.165702000","57004","Downtown MK5 - 2 Hour Max $2.50 HR, 8am-8pm, Mon-Sat, Prepay, NFC","8am","8pm","2 hour","Mon-Sat","$2.50 HR","","",""
"Downtown","Columbia","1300 UNION ST","U-1310","32.719347000","-117.165702000","57004","Downtown MK5 - 2 Hour Max $2.50 HR, 8am-8pm, Mon-Sat, Prepay, NFC","8am","8pm","2 hour","Mon-Sat","$2.50 HR","","",""
"Downtown","Columbia","1300 UNION ST","U-1316","32.719445000","-117.165702000","57004","Downtown MK5 - 2 Hour Max $2.50 HR, 8am-8pm, Mon-Sat, Prepay, NFC","8am","8pm","2 hour","Mon-Sat","$2.50 HR","","",""
"Downtown","Columbia","1300 UNION ST","U-1318","32.719523000","-117.165702000","57004","Downtown MK5 - 2 Hour Max $2.50 HR, 8am-8pm, Mon-Sat, Prepay, NFC","8am","8pm","2 hour","Mon-Sat","$2.50 HR","","",""
"Downtown","Columbia","1300 UNION ST","U-1320","32.719621000","-117.165701000","57004","Downtown MK5 - 2 Hour Max $2.50 HR, 8am-8pm, Mon-Sat, Prepay, NFC","8am","8pm","2 hour","Mon-Sat","$2.50 HR","","",""
"Downtown","Columbia","1300 UNION ST","U-1322","32.719718000","-117.165701000","57004","Downtown MK5 - 2 Hour Max $2.50 HR, 8am-8pm, Mon-Sat, Prepay, NFC","8am","8pm","2 hour","Mon-Sat","$2.50 HR","","",""
"Downtown","Columbia","1300 UNION ST","U-1324","32.719816000","-117.165701000","57004","Downtown MK5 - 2 Hour Max $2.50 HR, 8am-8pm, Mon-Sat, Prepay, NFC","8am","8pm","2 hour","Mon-Sat","$2.50 HR","","",""
"Downtown","Columbia","1400 COLUMBIA ST","CL-1400W","32.720664711","-117.167509542","13180","Downtown MS1 PPD - 2 Hour Max $2.50 HR 8am-8pm Mon-Sat (NFC)","8am","8pm","2 hour","Mon-Sat","$2.50 HR","","",""
"Downtown","Columbia","300 WEST A ST","WA-302","32.718880000","-117.165870000","57004","Downtown MK5 - 2 Hour Max $2.50 HR, 8am-8pm, Mon-Sat, Prepay, NFC","8am","8pm","2 hour","Mon-Sat","$2.50 HR","","",""
"Downtown","Columbia","300 WEST A ST","WA-304","32.718880000","-117.165924000","57004","Downtown MK5 - 2 Hour Max $2.50 HR, 8am-8pm, Mon-Sat, Prepay, NFC","8am","8pm","2 hour","Mon-Sat","$2.50 HR","","",""
"Downtown","Columbia","300 WEST A ST","WA-306","32.718941000","-117.165965000","57004","Downtown MK5 - 2 Hour Max $2.50 HR, 8am-8pm, Mon-Sat, Prepay, NFC","8am","8pm","2 hour","Mon-Sat","$2.50 HR","","",""
"Downtown","Columbia","300 WEST A ST","WA-312","32.718950000","-117.166171000","57004","Downtown MK5 - 2 Hour Max $2.50 HR, 8am-8pm, Mon-Sat, Prepay, NFC","8am","8pm","2 hour","Mon-Sat","$2.50 HR","","",""
"Downtown","Columbia","300 WEST A ST","WA-314","32.718949000","-117.166223000","57004","Downtown MK5 - 2 Hour Max $2.50 HR, 8am-8pm, Mon-Sat, Prepay, NFC","8am","8pm","2 hour","Mon-Sat","$2.50 HR","","",""
"Downtown","Columbia","300 WEST A ST","WA-316","32.718934000","-117.166305000","57004","Downtown MK5 - 2 Hour Max $2.50 HR, 8am-8pm, Mon-Sat, Prepay, NFC","8am","8pm","2 hour","Mon-Sat","$2.50 HR","","",""
"Downtown","Columbia","300 WEST ASH ST","WAH-300S","32.719881000","-117.165947000","13178","Downtown MS1 PPD - 4 Hour Max $2.50 HR 8am-8pm Mon-Sat (Mobile Pay) (NFC)","8am","8pm","4 hour","Mon-Sat","$2.50 HR","Y","",""
"Downtown","Columbia","400 WEST A ST","WA-410","32.718889000","-117.166998000","9000","2 Hour Max $2.50 HR 8am-6pm Mon-Sat (NFC)","8am","6pm","2 hour","Mon-Sat","$2.50 HR","","",""
"Downtown","Columbia","400 WEST A ST","WA-412","32.718883000","-117.167078000","9000","2 Hour Max $2.50 HR 8am-6pm Mon-Sat (NFC)","8am","6pm","2 hour","Mon-Sat","$2.50 HR","","",""
"Downtown","Columbia","400 WEST A ST","WA-408","32.718842000","-117.166966000","9000","2 Hour Max $2.50 HR 8am-6pm Mon-Sat (NFC)","8am","6pm","2 hour","Mon-Sat","$2.50 HR","","",""
"Downtown","Columbia","400 WEST A ST","WA-416","32.718896679","-117.167100347","57004","Downtown MK5 - 2 Hour Max $2.50 HR, 8am-8pm, Mon-Sat, Prepay, NFC","8am","8pm","2 hour","Mon-Sat","$2.50 HR","","",""
"Downtown","Columbia","400 WEST A ST","WA-418","32.718895833","-117.167161032","57004","Downtown MK5 - 2 Hour Max $2.50 HR, 8am-8pm, Mon-Sat, Prepay, NFC","8am","8pm","2 hour","Mon-Sat","$2.50 HR","","",""
"Downtown","Columbia","400 WEST A ST","WA-400","32.718921000","-117.166713000","57004","Downtown MK5 - 2 Hour Max $2.50 HR, 8am-8pm, Mon-Sat, Prepay, NFC","8am","8pm","2 hour","Mon-Sat","$2.50 HR","","",""
"Downtown","Columbia","400 WEST A ST","WA-402","32.718895000","-117.166774000","57004","Downtown MK5 - 2 Hour Max $2.50 HR, 8am-8pm, Mon-Sat, Prepay, NFC","8am","8pm","2 hour","Mon-Sat","$2.50 HR","","",""
"Downtown","Columbia","400 WEST A ST","WA-404","32.718867000","-117.166850000","57004","Downtown MK5 - 2 Hour Max $2.50 HR, 8am-8pm, Mon-Sat, Prepay, NFC","8am","8pm","2 hour","Mon-Sat","$2.50 HR","","",""
"Downtown","Columbia","400 WEST ASH ST","WAH-413","32.719824431","-117.167184166","57004","Downtown MK5 - 2 Hour Max $2.50 HR, 8am-8pm, Mon-Sat, Prepay, NFC","8am","8pm","2 hour","Mon-Sat","$2.50 HR","","",""
"Downtown","Columbia","400 WEST ASH ST","WAH-415","32.719818226","-117.167182825","57004","Downtown MK5 - 2 Hour Max $2.50 HR, 8am-8pm, Mon-Sat, Prepay, NFC","8am","8pm","2 hour","Mon-Sat","$2.50 HR","","",""
"Downtown","Columbia","400 WEST ASH ST","WAH-409","32.719916000","-117.166946000","9289","2 Hour Max $2.50 HR 8am-6pm Mon-Sat (NFC)","8am","6pm","2 hour","Mon-Sat","$2.50 HR","","",""
"Downtown","Columbia","400 WEST B ST","WB-400S","32.717771000","-117.167122000","13180","Downtown MS1 PPD - 2 Hour Max $2.50 HR 8am-8pm Mon-Sat (NFC)","8am","8pm","2 hour","Mon-Sat","$2.50 HR","","",""
"Downtown","Columbia","500 WEST ASH ST","WAH-500N","32.719879000","-117.167972000","13180","Downtown MS1 PPD - 2 Hour Max $2.50 HR 8am-8pm Mon-Sat (NFC)","8am","8pm","2 hour","Mon-Sat","$2.50 HR","","",""
"Downtown","Columbia","500 WEST ASH ST","WAH-515","32.719823000","-117.159420000","9289","2 Hour Max $2.50 HR 8am-6pm Mon-Sat (NFC)","8am","6pm","2 hour","Mon-Sat","$2.50 HR","","",""
"Downtown","Columbia","500 WEST ASH ST","WAH-501","32.719826000","-117.160096000","57004","Downtown MK5 - 2 Hour Max $2.50 HR, 8am-8pm, Mon-Sat, Prepay, NFC","8am","8pm","2 hour","Mon-Sat","$2.50 HR","","",""
"Downtown","Columbia","500 WEST ASH ST","WAH-503","32.719826000","-117.160014000","57004","Downtown MK5 - 2 Hour Max $2.50 HR, 8am-8pm, Mon-Sat, Prepay, NFC","8am","8pm","2 hour","Mon-Sat","$2.50 HR","","",""
"Downtown","Columbia","500 WEST ASH ST","WAH-513","32.719824000","-117.159569000","57004","Downtown MK5 - 2 Hour Max $2.50 HR, 8am-8pm, Mon-Sat, Prepay, NFC","8am","8pm","2 hour","Mon-Sat","$2.50 HR","","",""
"Downtown","Columbia","500 WEST B ST","WB-500S","32.717779000","-117.167851000","15454","Downtown MS1 PPD - 2 Hour Max $2.50 HR 8am-8pm Mon-Sat No Parking Wed 9am-2pm (NFC)","8am","8pm","2 hour","Mon-Sat","$2.50 HR","","","Y"
"Downtown","Columbia","600 WEST A ST","WA-600N","32.718877216","-117.168800868","56949","Uptown MS3 - 2 Hour Max $2.50 HR, 8am-8pm, Mon-Sat, Prepay, NFC","8am","8pm","2 hour","Mon-Sat","$2.50 HR","","",""
"Downtown","Columbia","600 WEST A ST","WA-607","32.718903000","-117.168766000","57004","Downtown MK5 - 2 Hour Max $2.50 HR, 8am-8pm, Mon-Sat, Prepay, NFC","8am","8pm","2 hour","Mon-Sat","$2.50 HR","","",""
"Downtown","Columbia","600 WEST A ST","WA-609","32.718862000","-117.168792000","57004","Downtown MK5 - 2 Hour Max $2.50 HR, 8am-8pm, Mon-Sat, Prepay, NFC","8am","8pm","2 hour","Mon-Sat","$2.50 HR","","",""
"Downtown","Columbia","600 WEST A ST","WA-611","32.718906000","-117.168853000","57004","Downtown MK5 - 2 Hour Max $2.50 HR, 8am-8pm, Mon-Sat, Prepay, NFC","8am","8pm","2 hour","Mon-Sat","$2.50 HR","","",""
"Downtown","Columbia","600 WEST A ST","WA-613","32.718853000","-117.168912000","57004","Downtown MK5 - 2 Hour Max $2.50 HR, 8am-8pm, Mon-Sat, Prepay, NFC","8am","8pm","2 hour","Mon-Sat","$2.50 HR","","",""
"Downtown","Columbia","600 WEST A ST","WA-615","32.718796000","-117.168975000","57004","Downtown MK5 - 2 Hour Max $2.50 HR, 8am-8pm, Mon-Sat, Prepay, NFC","8am","8pm","2 hour","Mon-Sat","$2.50 HR","","",""
"Downtown","Columbia","600 WEST B ST","WB-601","32.717703893","-117.168458735","57004","Downtown MK5 - 2 Hour Max $2.50 HR, 8am-8pm, Mon-Sat, Prepay, NFC","8am","8pm","2 hour","Mon-Sat","$2.50 HR","","",""
"Downtown","Columbia","600 WEST B ST","WB-603","32.717705840","-117.168524478","57004","Downtown MK5 - 2 Hour Max $2.50 HR, 8am-8pm, Mon-Sat, Prepay, NFC","8am","8pm","2 hour","Mon-Sat","$2.50 HR","","",""
"Downtown","Columbia","600 WEST B ST","WB-611","32.717702765","-117.168777389","57004","Downtown MK5 - 2 Hour Max $2.50 HR, 8am-8pm, Mon-Sat, Prepay, NFC","8am","8pm","2 hour","Mon-Sat","$2.50 HR","","",""
"Downtown","Columbia","600 WEST B ST","WB-613","32.717706428","-117.168876934","57004","Downtown MK5 - 2 Hour Max $2.50 HR, 8am-8pm, Mon-Sat, Prepay, NFC","8am","8pm","2 hour","Mon-Sat","$2.50 HR","","",""
"Downtown","Columbia","600 WEST B ST","WB-600N","32.717822000","-117.168658000","13180","Downtown MS1 PPD - 2 Hour Max $2.50 HR 8am-8pm Mon-Sat (NFC)","8am","8pm","2 hour","Mon-Sat","$2.50 HR","","",""
"Downtown","Columbia","600 WEST B ST","WB-606","32.717894000","-117.158889000","56999","Downtown MK5 – 15 Min Max $2.50 HR, 8am-8pm, Mon-Sat, Prepay, NFC, (Sensor Courtesy)","8am","8pm","15 min","Mon-Sat","$2.50 HR","","",""
"Downtown","Columbia","600 WEST B ST","WB-615","32.717704925","-117.168932201","57004","Downtown MK5 - 2 Hour Max $2.50 HR, 8am-8pm, Mon-Sat, Prepay, NFC","8am","8pm","2 hour","Mon-Sat","$2.50 HR","","",""
"Downtown","Columbia","600 WEST B ST","WB-617","32.717705819","-117.168985268","57004","Downtown MK5 - 2 Hour Max $2.50 HR, 8am-8pm, Mon-Sat, Prepay, NFC","8am","8pm","2 hour","Mon-Sat","$2.50 HR","","",""
"Downtown","Columbia","700 WEST A ST","WA-700","32.718867000","-117.169232000","57004","Downtown MK5 - 2 Hour Max $2.50 HR, 8am-8pm, Mon-Sat, Prepay, NFC","8am","8pm","2 hour","Mon-Sat","$2.50 HR","","",""
"Downtown","Columbia","700 WEST A ST","WA-702","32.718759000","-117.169002000","57004","Downtown MK5 - 2 Hour Max $2.50 HR, 8am-8pm, Mon-Sat, Prepay, NFC","8am","8pm","2 hour","Mon-Sat","$2.50 HR","","",""
"Downtown","Columbia","1000 COLUMBIA ST","CL-1012","32.716434000","-117.167480000","57004","Downtown MK5 - 2 Hour Max $2.50 HR, 8am-8pm, Mon-Sat, Prepay, NFC","8am","8pm","2 hour","Mon-Sat","$2.50 HR","","",""
"Downtown","Columbia","1000 COLUMBIA ST","CL-1014","32.716562000","-117.167481000","57001","Downtown MK5 – 30 Min Max $2.50 HR, 8am-8pm, Mon-Sat, Prepay, NFC, (Sensor Courtesy)","8am","8pm","30 min","Mon-Sat","$2.50 HR","","",""
"Downtown","Cortez Hill","100 CEDAR ST","CE-110","32.722048571","-117.163296975","57004","Downtown MK5 - 2 Hour Max $2.50 HR, 8am-8pm, Mon-Sat, Prepay, NFC","8am","8pm","2 hour","Mon-Sat","$2.50 HR","","",""
"Downtown","Cortez Hill","100 CEDAR ST","CE-112","32.722042930","-117.163312733","57004","Downtown MK5 - 2 Hour Max $2.50 HR, 8am-8pm, Mon-Sat, Prepay, NFC","8am","8pm","2 hour","Mon-Sat","$2.50 HR","","",""
"Downtown","Cortez Hill","1700 FOURTH AVE","4-1700E","32.723616296","-117.161074765","57460","Downtown MSPM PBP - 2 Hour Max $2.50 HR 8am-8pm Mon-Sat (NFC)","8am","8pm","2 hour","Mon-Sat","$2.50 HR","","Y",""
"Downtown","Cortez Hill","1400 SECOND AVE","2-1410","32.720216000","-117.163043000","57004","Downtown MK5 - 2 Hour Max $2.50 HR, 8am-8pm, Mon-Sat, Prepay, NFC","8am","8pm","2 hour","Mon-Sat","$2.50 HR","","",""
"Downtown","Cortez Hill","1400 SECOND AVE","2-1412","32.720292000","-117.163043000","57004","Downtown MK5 - 2 Hour Max $2.50 HR, 8am-8pm, Mon-Sat, Prepay, NFC","8am","8pm","2 hour","Mon-Sat","$2.50 HR","","",""
"Downtown","Cortez Hill","1400 SECOND AVE","2-1414","32.720349000","-117.163043000","57004","Downtown MK5 - 2 Hour Max $2.50 HR, 8am-8pm, Mon-Sat, Prepay, NFC","8am","8pm","2 hour","Mon-Sat","$2.50 HR","","",""
"Downtown","Cortez Hill","1400 SECOND AVE","2-1416","32.720500000","-117.163044000","57004","Downtown MK5 - 2 Hour Max $2.50 HR, 8am-8pm, Mon-Sat, Prepay, NFC","8am","8pm","2 hour","Mon-Sat","$2.50 HR","","",""
"Downtown","Cortez Hill","1500 SECOND AVE","2-1521","32.721290000","-117.162866000","57004","Downtown MK5 - 2 Hour Max $2.50 HR, 8am-8pm, Mon-Sat, Prepay, NFC","8am","8pm","2 hour","Mon-Sat","$2.50 HR","","",""
"Downtown","Cortez Hill","1500 SECOND AVE","2-1523","32.721617000","-117.162869000","57004","Downtown MK5 - 2 Hour Max $2.50 HR, 8am-8pm, Mon-Sat, Prepay, NFC","8am","8pm","2 hour","Mon-Sat","$2.50 HR","","",""
"Downtown","Cortez Hill","200 ASH ST","AH-204","32.719966879","-117.162671014","57004","Downtown MK5 - 2 Hour Max $2.50 HR, 8am-8pm, Mon-Sat, Prepay, NFC","8am","8pm","2 hour","Mon-Sat","$2.50 HR","","",""
"Downtown","Cortez Hill","200 ASH ST","AH-206","32.719935005","-117.162580490","57004","Downtown MK5 - 2 Hour Max $2.50 HR, 8am-8pm, Mon-Sat, Prepay, NFC","8am","8pm","2 hour","Mon-Sat","$2.50 HR","","",""
"Downtown","Cortez Hill","200 ASH ST","AH-208","32.720056015","-117.162489295","57004","Downtown MK5 - 2 Hour Max $2.50 HR, 8am-8pm, Mon-Sat, Prepay, NFC","8am","8pm","2 hour","Mon-Sat","$2.50 HR","","",""
"Downtown","Cortez Hill","200 ASH ST","AH-210","32.719957289","-117.162443026","57004","Downtown MK5 - 2 Hour Max $2.50 HR, 8am-8pm, Mon-Sat, Prepay, NFC","8am","8pm","2 hour","Mon-Sat","$2.50 HR","","",""
"Downtown","Cortez Hill","200 ASH ST","AH-212","32.719969136","-117.162363231","57004","Downtown MK5 - 2 Hour Max $2.50 HR, 8am-8pm, Mon-Sat, Prepay, NFC","8am","8pm","2 hour","Mon-Sat","$2.50 HR","","",""
"Downtown","Cortez Hill","200 ASH ST","AH-214","32.720024141","-117.162293158","57004","Downtown MK5 - 2 Hour Max $2.50 HR, 8am-8pm, Mon-Sat, Prepay, NFC","8am","8pm","2 hour","Mon-Sat","$2.50 HR","","",""
"Downtown","Cortez Hill","200 ASH ST","AH-216","32.720013704","-117.162226438","57004","Downtown MK5 - 2 Hour Max $2.50 HR, 8am-8pm, Mon-Sat, Prepay, NFC","8am","8pm","2 hour","Mon-Sat","$2.50 HR","","",""
"Downtown","Cortez Hill","200 ASH ST","AH-218","32.719966597","-117.162252254","57004","Downtown MK5 - 2 Hour Max $2.50 HR, 8am-8pm, Mon-Sat, Prepay, NFC","8am","8pm","2 hour","Mon-Sat","$2.50 HR","","",""
"Downtown","Cortez Hill","200 CEDAR ST","CE-211","32.721904000","-117.162412000","56999","Downtown MK5 – 15 Min Max $2.50 HR, 8am-8pm, Mon-Sat, Prepay, NFC, (Sensor Courtesy)","8am","8pm","15 min","Mon-Sat","$2.50 HR","","",""
"Downtown","Cortez Hill","200 CEDAR ST","CE-213","32.721905000","-117.162328000","56999","Downtown MK5 – 15 Min Max $2.50 HR, 8am-8pm, Mon-Sat, Prepay, NFC, (Sensor Courtesy)","8am","8pm","15 min","Mon-Sat","$2.50 HR","","",""
"Downtown","Cortez Hill","200 CEDAR ST","CE-201","32.721900000","-117.162831000","57004","Downtown MK5 - 2 Hour Max $2.50 HR, 8am-8pm, Mon-Sat, Prepay, NFC","8am","8pm","2 hour","Mon-Sat","$2.50 HR","","",""
"Downtown","Cortez Hill","200 CEDAR ST","CE-203","32.721900000","-117.162748000","57004","Downtown MK5 - 2 Hour Max $2.50 HR, 8am-8pm, Mon-Sat, Prepay, NFC","8am","8pm","2 hour","Mon-Sat","$2.50 HR","","",""
"Downtown","Cortez Hill","200 CEDAR ST","CE-205","32.721901000","-117.162664000","57004","Downtown MK5 - 2 Hour Max $2.50 HR, 8am-8pm, Mon-Sat, Prepay, NFC","8am","8pm","2 hour","Mon-Sat","$2.50 HR","","",""
"Downtown","Cortez Hill","200 CEDAR ST","CE-207","32.721902000","-117.162580000","57004","Downtown MK5 - 2 Hour Max $2.50 HR, 8am-8pm, Mon-Sat, Prepay, NFC","8am","8pm","2 hour","Mon-Sat","$2.50 HR","","",""
"Downtown","Cortez Hill","200 CEDAR ST","CE-209","32.721903000","-117.162496000","57004","Downtown MK5 - 2 Hour Max $2.50 HR, 8am-8pm, Mon-Sat, Prepay, NFC","8am","8pm","2 hour","Mon-Sat","$2.50 HR","","",""
"Downtown","Cortez Hill","200 CEDAR ST","CE-214","32.722060000","-117.162246000","57004","Downtown MK5 - 2 Hour Max $2.50 HR, 8am-8pm, Mon-Sat, Prepay, NFC","8am","8pm","2 hour","Mon-Sat","$2.50 HR","","",""
"Downtown","Cortez Hill","200 CEDAR ST","CE-216","32.722060000","-117.162163000","57004","Downtown MK5 - 2 Hour Max $2.50 HR, 8am-8pm, Mon-Sat, Prepay, NFC","8am","8pm","2 hour","Mon-Sat","$2.50 HR","","",""
"Downtown","Cortez Hill","300 BEECH ST","BE-300","32.721012000","-117.161933000","57004","Downtown MK5 - 2 Hour Max $2.50 HR, 8am-8pm, Mon-Sat, Prepay, NFC","8am","8pm","2 hour","Mon-Sat","$2.50 HR","","",""
"Downtown","Cortez Hill","300 BEECH ST","BE-302","32.720934000","-117.161806000","57004","Downtown MK5 - 2 Hour Max $2.50 HR, 8am-8pm, Mon-Sat, Prepay, NFC","8am","8pm","2 hour","Mon-Sat","$2.50 HR","","",""
"Downtown","Cortez Hill","300 BEECH ST","BE-304","32.720418000","-117.161864000","57004","Downtown MK5 - 2 Hour Max $2.50 HR, 8am-8pm, Mon-Sat, Prepay, NFC","8am","8pm","2 hour","Mon-Sat","$2.50 HR","","",""
"Downtown","Cortez Hill","300 BEECH ST","BE-306","32.721044000","-117.161580000","57004","Downtown MK5 - 2 Hour Max $2.50 HR, 8am-8pm, Mon-Sat, Prepay, NFC","8am","8pm","2 hour","Mon-Sat","$2.50 HR","","",""
"Downtown","Cortez Hill","300 BEECH ST","BE-308","32.720379000","-117.161449000","57004","Downtown MK5 - 2 Hour Max $2.50 HR, 8am-8pm, Mon-Sat, Prepay, NFC","8am","8pm","2 hour","Mon-Sat","$2.50 HR","","",""
"Downtown","Cortez Hill","300 BEECH ST","BE-310","32.720975000","-117.161507000","57004","Downtown MK5 - 2 Hour Max $2.50 HR, 8am-8pm, Mon-Sat, Prepay, NFC","8am","8pm","2 hour","Mon-Sat","$2.50 HR","","",""
"Downtown","Cortez Hill","300 BEECH ST","BE-312","32.720999000","-117.161438000","57004","Downtown MK5 - 2 Hour Max $2.50 HR, 8am-8pm, Mon-Sat, Prepay, NFC","8am","8pm","2 hour","Mon-Sat","$2.50 HR","","",""
"Downtown","Cortez Hill","400 BEECH ST","BE-400","32.721101000","-117.160974000","57004","Downtown MK5 - 2 Hour Max $2.50 HR, 8am-8pm, Mon-Sat, Prepay, NFC","8am","8pm","2 hour","Mon-Sat","$2.50 HR","","",""
"Downtown","Cortez Hill","400 BEECH ST","BE-402","32.721076000","-117.160910000","57004","Downtown MK5 - 2 Hour Max $2.50 HR, 8am-8pm, Mon-Sat, Prepay, NFC","8am","8pm","2 hour","Mon-Sat","$2.50 HR","","",""
"Downtown","Cortez Hill","400 BEECH ST","BE-404","32.721028000","-117.160770000","57004","Downtown MK5 - 2 Hour Max $2.50 HR, 8am-8pm, Mon-Sat, Prepay, NFC","8am","8pm","2 hour","Mon-Sat","$2.50 HR","","",""
"Downtown","Cortez Hill","400 BEECH ST","BE-406","32.721040000","-117.160804000","57004","Downtown MK5 - 2 Hour Max $2.50 HR, 8am-8pm, Mon-Sat, Prepay, NFC","8am","8pm","2 hour","Mon-Sat","$2.50 HR","","",""
"Downtown","Cortez Hill","400 BEECH ST","BE-412","32.721016000","-117.160669000","57004","Downtown MK5 - 2 Hour Max $2.50 HR, 8am-8pm, Mon-Sat, Prepay, NFC","8am","8pm","2 hour","Mon-Sat","$2.50 HR","","",""
"Downtown","Cortez Hill","400 BEECH ST","BE-414","32.721017000","-117.160533000","57004","Downtown MK5 - 2 Hour Max $2.50 HR, 8am-8pm, Mon-Sat, Prepay, NFC","8am","8pm","2 hour","Mon-Sat","$2.50 HR","","",""
"Downtown","Cortez Hill","400 BEECH ST","BE-416","32.721017000","-117.160379000","57004","Downtown MK5 - 2 Hour Max $2.50 HR, 8am-8pm, Mon-Sat, Prepay, NFC","8am","8pm","2 hour","Mon-Sat","$2.50 HR","","",""
"Downtown","Cortez Hill","400 BEECH ST","BE-418","32.721017000","-117.160311000","57004","Downtown MK5 - 2 Hour Max $2.50 HR, 8am-8pm, Mon-Sat, Prepay, NFC","8am","8pm","2 hour","Mon-Sat","$2.50 HR","","",""
"Downtown","Cortez Hill","400 BEECH ST","BE-400S","32.720864000","-117.159672000","13180","Downtown MS1 PPD - 2 Hour Max $2.50 HR 8am-8pm Mon-Sat (NFC)","8am","8pm","2 hour","Mon-Sat","$2.50 HR","","",""
"Downtown","Cortez Hill","700 BEECH ST","BE-702","32.721020000","-117.158277000","57004","Downtown MK5 - 2 Hour Max $2.50 HR, 8am-8pm, Mon-Sat, Prepay, NFC","8am","8pm","2 hour","Mon-Sat","$2.50 HR","","",""
"Downtown","Cortez Hill","700 BEECH ST","BE-703","32.720866000","-117.158226000","57004","Downtown MK5 - 2 Hour Max $2.50 HR, 8am-8pm, Mon-Sat, Prepay, NFC","8am","8pm","2 hour","Mon-Sat","$2.50 HR","","",""
"Downtown","Cortez Hill","700 BEECH ST","BE-704","32.721021000","-117.158143000","57004","Downtown MK5 - 2 Hour Max $2.50 HR, 8am-8pm, Mon-Sat, Prepay, NFC","8am","8pm","2 hour","Mon-Sat","$2.50 HR","","",""
"Downtown","Cortez Hill","700 BEECH ST","BE-705","32.720867000","-117.158092000","57004","Downtown MK5 - 2 Hour Max $2.50 HR, 8am-8pm, Mon-Sat, Prepay, NFC","8am","8pm","2 hour","Mon-Sat","$2.50 HR","","",""
"Downtown","Cortez Hill","700 BEECH ST","BE-706","32.721021000","-117.158026000","57004","Downtown MK5 - 2 Hour Max $2.50 HR, 8am-8pm, Mon-Sat, Prepay, NFC","8am","8pm","2 hour","Mon-Sat","$2.50 HR","","",""
"Downtown","Cortez Hill","700 BEECH ST","BE-708","32.721021000","-117.157959000","57004","Downtown MK5 - 2 Hour Max $2.50 HR, 8am-8pm, Mon-Sat, Prepay, NFC","8am","8pm","2 hour","Mon-Sat","$2.50 HR","","",""
"Downtown","Cortez Hill","700 BEECH ST","BE-710","32.721022000","-117.157891000","57004","Downtown MK5 - 2 Hour Max $2.50 HR, 8am-8pm, Mon-Sat, Prepay, NFC","8am","8pm","2 hour","Mon-Sat","$2.50 HR","","",""
"Downtown","Cortez Hill","700 BEECH ST","BE-712","32.721022000","-117.157824000","57004","Downtown MK5 - 2 Hour Max $2.50 HR, 8am-8pm, Mon-Sat, Prepay, NFC","8am","8pm","2 hour","Mon-Sat","$2.50 HR","","",""
"Downtown","Cortez Hill","700 BEECH ST","BE-714","32.721022000","-117.157757000","57004","Downtown MK5 - 2 Hour Max $2.50 HR, 8am-8pm, Mon-Sat, Prepay, NFC","8am","8pm","2 hour","Mon-Sat","$2.50 HR","","",""
"Downtown","Cortez Hill","700 BEECH ST","BE-715","32.720869000","-117.157706000","57004","Downtown MK5 - 2 Hour Max $2.50 HR, 8am-8pm, Mon-Sat, Prepay, NFC","8am","8pm","2 hour","Mon-Sat","$2.50 HR","","",""
"Downtown","Cortez Hill","700 BEECH ST","BE-716","32.721023000","-117.157640000","57004","Downtown MK5 - 2 Hour Max $2.50 HR, 8am-8pm, Mon-Sat, Prepay, NFC","8am","8pm","2 hour","Mon-Sat","$2.50 HR","","",""
"Downtown","Cortez Hill","700 BEECH ST","BE-717","32.720869000","-117.157572000","57004","Downtown MK5 - 2 Hour Max $2.50 HR, 8am-8pm, Mon-Sat, Prepay, NFC","8am","8pm","2 hour","Mon-Sat","$2.50 HR","","",""
"Downtown","Cortez Hill","800 BEECH ST","BE-803","32.720870000","-117.157365000","57007","Downtown MK5 - 9 Hour Max $2.50 HR, 8am-8pm, Mon-Sat, Prepay, NFC","8am","8pm","9 hour","Mon-Sat","$2.50 HR","","",""
"Downtown","Cortez Hill","800 BEECH ST","BE-805","32.720871000","-117.157282000","57007","Downtown MK5 - 9 Hour Max $2.50 HR, 8am-8pm, Mon-Sat, Prepay, NFC","8am","8pm","9 hour","Mon-Sat","$2.50 HR","","",""
"Downtown","Cortez Hill","800 BEECH ST","BE-807","32.720871000","-117.157216000","57007","Downtown MK5 - 9 Hour Max $2.50 HR, 8am-8pm, Mon-Sat, Prepay, NFC","8am","8pm","9 hour","Mon-Sat","$2.50 HR","","",""
"Downtown","Cortez Hill","800 BEECH ST","BE-809","32.720872000","-117.157134000","57007","Downtown MK5 - 9 Hour Max $2.50 HR, 8am-8pm, Mon-Sat, Prepay, NFC","8am","8pm","9 hour","Mon-Sat","$2.50 HR","","",""
"Downtown","Cortez Hill","800 BEECH ST","BE-811","32.720873000","-117.157068000","57007","Downtown MK5 - 9 Hour Max $2.50 HR, 8am-8pm, Mon-Sat, Prepay, NFC","8am","8pm","9 hour","Mon-Sat","$2.50 HR","","",""
"Downtown","Cortez Hill","800 BEECH ST","BE-813","32.720873000","-117.156985000","57007","Downtown MK5 - 9 Hour Max $2.50 HR, 8am-8pm, Mon-Sat, Prepay, NFC","8am","8pm","9 hour","Mon-Sat","$2.50 HR","","",""
"Downtown","Cortez Hill","800 BEECH ST","BE-815","32.720874000","-117.156920000","57007","Downtown MK5 - 9 Hour Max $2.50 HR, 8am-8pm, Mon-Sat, Prepay, NFC","8am","8pm","9 hour","Mon-Sat","$2.50 HR","","",""
"Downtown","Cortez Hill","800 BEECH ST","BE-817","32.720874000","-117.156837000","57007","Downtown MK5 - 9 Hour Max $2.50 HR, 8am-8pm, Mon-Sat, Prepay, NFC","8am","8pm","9 hour","Mon-Sat","$2.50 HR","","",""
"Downtown","Cortez Hill","800 BEECH ST","BE-819","32.720875000","-117.156771000","57007","Downtown MK5 - 9 Hour Max $2.50 HR, 8am-8pm, Mon-Sat, Prepay, NFC","8am","8pm","9 hour","Mon-Sat","$2.50 HR","","",""
"Downtown","Cortez Hill","800 BEECH ST","BE-821","32.720875000","-117.156689000","57007","Downtown MK5 - 9 Hour Max $2.50 HR, 8am-8pm, Mon-Sat, Prepay, NFC","8am","8pm","9 hour","Mon-Sat","$2.50 HR","","",""
"Downtown","Cortez Hill","300 CEDAR ST","CE-302","32.722063000","-117.161906000","57004","Downtown MK5 - 2 Hour Max $2.50 HR, 8am-8pm, Mon-Sat, Prepay, NFC","8am","8pm","2 hour","Mon-Sat","$2.50 HR","","",""
"Downtown","Cortez Hill","300 CEDAR ST","CE-305","32.721910000","-117.161805000","57004","Downtown MK5 - 2 Hour Max $2.50 HR, 8am-8pm, Mon-Sat, Prepay, NFC","8am","8pm","2 hour","Mon-Sat","$2.50 HR","","",""
"Downtown","Cortez Hill","300 CEDAR ST","CE-307","32.721910000","-117.161706000","57004","Downtown MK5 - 2 Hour Max $2.50 HR, 8am-8pm, Mon-Sat, Prepay, NFC","8am","8pm","2 hour","Mon-Sat","$2.50 HR","","",""
"Downtown","Cortez Hill","300 CEDAR ST","CE-309","32.721911000","-117.161591000","57004","Downtown MK5 - 2 Hour Max $2.50 HR, 8am-8pm, Mon-Sat, Prepay, NFC","8am","8pm","2 hour","Mon-Sat","$2.50 HR","","",""
"Downtown","Cortez Hill","300 CEDAR ST","CE-311","32.721912000","-117.161492000","57004","Downtown MK5 - 2 Hour Max $2.50 HR, 8am-8pm, Mon-Sat, Prepay, NFC","8am","8pm","2 hour","Mon-Sat","$2.50 HR","","",""
"Downtown","Cortez Hill","300 CEDAR ST","CE-313","32.721913000","-117.161393000","57004","Downtown MK5 - 2 Hour Max $2.50 HR, 8am-8pm, Mon-Sat, Prepay, NFC","8am","8pm","2 hour","Mon-Sat","$2.50 HR","","",""
"Downtown","Cortez Hill","300 CEDAR ST","CE-315","32.721913000","-117.161294000","57004","Downtown MK5 - 2 Hour Max $2.50 HR, 8am-8pm, Mon-Sat, Prepay, NFC","8am","8pm","2 hour","Mon-Sat","$2.50 HR","","",""
"Downtown","Cortez Hill","400 CEDAR ST","CE-400","32.722069000","-117.161003000","57004","Downtown MK5 - 2 Hour Max $2.50 HR, 8am-8pm, Mon-Sat, Prepay, NFC","8am","8pm","2 hour","Mon-Sat","$2.50 HR","","",""
"Downtown","Cortez Hill","400 CEDAR ST","CE-402","32.722069000","-117.160918000","57004","Downtown MK5 - 2 Hour Max $2.50 HR, 8am-8pm, Mon-Sat, Prepay, NFC","8am","8pm","2 hour","Mon-Sat","$2.50 HR","","",""
"Downtown","Cortez Hill","400 CEDAR ST","CE-404","32.722069000","-117.160816000","57004","Downtown MK5 - 2 Hour Max $2.50 HR, 8am-8pm, Mon-Sat, Prepay, NFC","8am","8pm","2 hour","Mon-Sat","$2.50 HR","","",""
"Downtown","Cortez Hill","400 CEDAR ST","CE-408","32.722069000","-117.160731000","57004","Downtown MK5 - 2 Hour Max $2.50 HR, 8am-8pm, Mon-Sat, Prepay, NFC","8am","8pm","2 hour","Mon-Sat","$2.50 HR","","",""
"Downtown","Cortez Hill","400 CEDAR ST","CE-410","32.722069000","-117.160629000","57004","Downtown MK5 - 2 Hour Max $2.50 HR, 8am-8pm, Mon-Sat, Prepay, NFC","8am","8pm","2 hour","Mon-Sat","$2.50 HR","","",""
"Downtown","Cortez Hill","400 CEDAR ST","CE-412","32.722069000","-117.160543000","57004","Downtown MK5 - 2 Hour Max $2.50 HR, 8am-8pm, Mon-Sat, Prepay, NFC","8am","8pm","2 hour","Mon-Sat","$2.50 HR","","",""
"Downtown","Cortez Hill","400 CEDAR ST","CE-414","32.722056000","-117.160478000","57004","Downtown MK5 - 2 Hour Max $2.50 HR, 8am-8pm, Mon-Sat, Prepay, NFC","8am","8pm","2 hour","Mon-Sat","$2.50 HR","","",""
"Downtown","Cortez Hill","400 CEDAR ST","CE-413","32.721915000","-117.160458000","57004","Downtown MK5 - 2 Hour Max $2.50 HR, 8am-8pm, Mon-Sat, Prepay, NFC","8am","8pm","2 hour","Mon-Sat","$2.50 HR","","",""
"Downtown","Cortez Hill","400 CEDAR ST","CE-416","32.722062000","-117.160489000","57004","Downtown MK5 - 2 Hour Max $2.50 HR, 8am-8pm, Mon-Sat, Prepay, NFC","8am","8pm","2 hour","Mon-Sat","$2.50 HR","","",""
"Downtown","Cortez Hill","500 CEDAR ST","CE-503","32.721868000","-117.160234000","57004","Downtown MK5 - 2 Hour Max $2.50 HR, 8am-8pm, Mon-Sat, Prepay, NFC","8am","8pm","2 hour","Mon-Sat","$2.50 HR","","",""
"Downtown","Cortez Hill","500 CEDAR ST","CE-504","32.722067000","-117.159976000","57004","Downtown MK5 - 2 Hour Max $2.50 HR, 8am-8pm, Mon-Sat, Prepay, NFC","8am","8pm","2 hour","Mon-Sat","$2.50 HR","","",""
"Downtown","Cortez Hill","500 CEDAR ST","CE-505","32.721913000","-117.159928000","57004","Downtown MK5 - 2 Hour Max $2.50 HR, 8am-8pm, Mon-Sat, Prepay, NFC","8am","8pm","2 hour","Mon-Sat","$2.50 HR","","",""
"Downtown","Cortez Hill","500 CEDAR ST","CE-507","32.721912000","-117.159861000","57004","Downtown MK5 - 2 Hour Max $2.50 HR, 8am-8pm, Mon-Sat, Prepay, NFC","8am","8pm","2 hour","Mon-Sat","$2.50 HR","","",""
"Downtown","Cortez Hill","500 CEDAR ST","CE-509","32.721911000","-117.159743000","57004","Downtown MK5 - 2 Hour Max $2.50 HR, 8am-8pm, Mon-Sat, Prepay, NFC","8am","8pm","2 hour","Mon-Sat","$2.50 HR","","",""
"Downtown","Cortez Hill","500 CEDAR ST","CE-510","32.722193000","-117.159709000","57004","Downtown MK5 - 2 Hour Max $2.50 HR, 8am-8pm, Mon-Sat, Prepay, NFC","8am","8pm","2 hour","Mon-Sat","$2.50 HR","","",""
"Downtown","Cortez Hill","500 CEDAR ST","CE-511","32.721910000","-117.159676000","57004","Downtown MK5 - 2 Hour Max $2.50 HR, 8am-8pm, Mon-Sat, Prepay, NFC","8am","8pm","2 hour","Mon-Sat","$2.50 HR","","",""
"Downtown","Cortez Hill","500 CEDAR ST","CE-512","32.722105000","-117.159724000","57004","Downtown MK5 - 2 Hour Max $2.50 HR, 8am-8pm, Mon-Sat, Prepay, NFC","8am","8pm","2 hour","Mon-Sat","$2.50 HR","","",""
"Downtown","Cortez Hill","500 CEDAR ST","CE-513","32.721909000","-117.159541000","57004","Downtown MK5 - 2 Hour Max $2.50 HR, 8am-8pm, Mon-Sat, Prepay, NFC","8am","8pm","2 hour","Mon-Sat","$2.50 HR","","",""
"Downtown","Cortez Hill","500 CEDAR ST","CE-514","32.722062000","-117.159472000","57004","Downtown MK5 - 2 Hour Max $2.50 HR, 8am-8pm, Mon-Sat, Prepay, NFC","8am","8pm","2 hour","Mon-Sat","$2.50 HR","","",""
"Downtown","Cortez Hill","500 CEDAR ST","CE-516","32.722061000","-117.159405000","57004","Downtown MK5 - 2 Hour Max $2.50 HR, 8am-8pm, Mon-Sat, Prepay, NFC","8am","8pm","2 hour","Mon-Sat","$2.50 HR","","",""
"Downtown","Cortez Hill","1500 THIRD AVE","3-1509","32.721180000","-117.161954000","57004","Downtown MK5 - 2 Hour Max $2.50 HR, 8am-8pm, Mon-Sat, Prepay, NFC","8am","8pm","2 hour","Mon-Sat","$2.50 HR","","",""
"Downtown","Cortez Hill","1500 THIRD AVE","3-1511","32.721373000","-117.161955000","57004","Downtown MK5 - 2 Hour Max $2.50 HR, 8am-8pm, Mon-Sat, Prepay, NFC","8am","8pm","2 hour","Mon-Sat","$2.50 HR","","",""
"Downtown","Cortez Hill","1500 THIRD AVE","3-1519","32.721566000","-117.161956000","57004","Downtown MK5 - 2 Hour Max $2.50 HR, 8am-8pm, Mon-Sat, Prepay, NFC","8am","8pm","2 hour","Mon-Sat","$2.50 HR","","",""
"Downtown","Cortez Hill","1500 THIRD AVE","3-1521","32.721759000","-117.161957000","57004","Downtown MK5 - 2 Hour Max $2.50 HR, 8am-8pm, Mon-Sat, Prepay, NFC","8am","8pm","2 hour","Mon-Sat","$2.50 HR","","",""
"Downtown","Cortez Hill","1600 THIRD AVE","3-1608","32.722456000","-117.162133000","57006","Downtown MK5 - 4 Hour Max $2.50 HR, 8am-8pm, Mon-Sat, Prepay, NFC","8am","8pm","4 hour","Mon-Sat","$2.50 HR","","",""
"Downtown","Cortez Hill","1600 THIRD AVE","3-1610","32.722455000","-117.162125000","57006","Downtown MK5 - 4 Hour Max $2.50 HR, 8am-8pm, Mon-Sat, Prepay, NFC","8am","8pm","4 hour","Mon-Sat","$2.50 HR","","",""
"Downtown","Cortez Hill","1600 THIRD AVE","3-1612","32.722547000","-117.162139000","57006","Downtown MK5 - 4 Hour Max $2.50 HR, 8am-8pm, Mon-Sat, Prepay, NFC","8am","8pm","4 hour","Mon-Sat","$2.50 HR","","",""
"Downtown","Cortez Hill","1600 THIRD AVE","3-1614","32.722547000","-117.162139000","57006","Downtown MK5 - 4 Hour Max $2.50 HR, 8am-8pm, Mon-Sat, Prepay, NFC","8am","8pm","4 hour","Mon-Sat","$2.50 HR","","",""
"Downtown","Cortez Hill","1600 THIRD AVE","3-1616","32.722685000","-117.162140000","57006","Downtown MK5 - 4 Hour Max $2.50 HR, 8am-8pm, Mon-Sat, Prepay, NFC","8am","8pm","4 hour","Mon-Sat","$2.50 HR","","",""
"Downtown","Cortez Hill","1600 THIRD AVE","3-1618","32.722685000","-117.162140000","57006","Downtown MK5 - 4 Hour Max $2.50 HR, 8am-8pm, Mon-Sat, Prepay, NFC","8am","8pm","4 hour","Mon-Sat","$2.50 HR","","",""
"Downtown","Cortez Hill","1600 THIRD AVE","3-1620","32.722778000","-117.162157000","57006","Downtown MK5 - 4 Hour Max $2.50 HR, 8am-8pm, Mon-Sat, Prepay, NFC","8am","8pm","4 hour","Mon-Sat","$2.50 HR","","",""
"Downtown","Cortez Hill","1600 THIRD AVE","3-1622","32.722778000","-117.162157000","57006","Downtown MK5 - 4 Hour Max $2.50 HR, 8am-8pm, Mon-Sat, Prepay, NFC","8am","8pm","4 hour","Mon-Sat","$2.50 HR","","",""
"Downtown","Cortez Hill","1600 THIRD AVE","3-1624","32.722879000","-117.162174000","57006","Downtown MK5 - 4 Hour Max $2.50 HR, 8am-8pm, Mon-Sat, Prepay, NFC","8am","8pm","4 hour","Mon-Sat","$2.50 HR","","",""
"Downtown","Cortez Hill","1600 THIRD AVE","3-1602","32.722080000","-117.162141000","57006","Downtown MK5 - 4 Hour Max $2.50 HR, 8am-8pm, Mon-Sat, Prepay, NFC","8am","8pm","4 hour","Mon-Sat","$2.50 HR","","",""
"Downtown","Cortez Hill","1600 THIRD AVE","3-1603","32.722127000","-117.161960000","57006","Downtown MK5 - 4 Hour Max $2.50 HR, 8am-8pm, Mon-Sat, Prepay, NFC","8am","8pm","4 hour","Mon-Sat","$2.50 HR","","",""
"Downtown","Cortez Hill","1600 THIRD AVE","3-1604","32.722214000","-117.162143000","57006","Downtown MK5 - 4 Hour Max $2.50 HR, 8am-8pm, Mon-Sat, Prepay, NFC","8am","8pm","4 hour","Mon-Sat","$2.50 HR","","",""
"Downtown","Cortez Hill","1600 THIRD AVE","3-1605","32.722260000","-117.161962000","57006","Downtown MK5 - 4 Hour Max $2.50 HR, 8am-8pm, Mon-Sat, Prepay, NFC","8am","8pm","4 hour","Mon-Sat","$2.50 HR","","",""
"Downtown","Cortez Hill","1600 THIRD AVE","3-1606","32.722347000","-117.162145000","57006","Downtown MK5 - 4 Hour Max $2.50 HR, 8am-8pm, Mon-Sat, Prepay, NFC","8am","8pm","4 hour","Mon-Sat","$2.50 HR","","",""
"Downtown","Cortez Hill","1600 THIRD AVE","3-1607","32.722394000","-117.161964000","57006","Downtown MK5 - 4 Hour Max $2.50 HR, 8am-8pm, Mon-Sat, Prepay, NFC","8am","8pm","4 hour","Mon-Sat","$2.50 HR","","",""
"Downtown","Cortez Hill","1600 THIRD AVE","3-1609","32.722461000","-117.161965000","57006","Downtown MK5 - 4 Hour Max $2.50 HR, 8am-8pm, Mon-Sat, Prepay, NFC","8am","8pm","4 hour","Mon-Sat","$2.50 HR","","",""
"Downtown","Cortez Hill","1600 THIRD AVE","3-1611","32.722527000","-117.161966000","57006","Downtown MK5 - 4 Hour Max $2.50 HR, 8am-8pm, Mon-Sat, Prepay, NFC","8am","8pm","4 hour","Mon-Sat","$2.50 HR","","",""
"Downtown","Cortez Hill","1600 THIRD AVE","3-1613","32.722736000","-117.161969000","57006","Downtown MK5 - 4 Hour Max $2.50 HR, 8am-8pm, Mon-Sat, Prepay, NFC","8am","8pm","4 hour","Mon-Sat","$2.50 HR","","",""
"Downtown","Cortez Hill","1600 THIRD AVE","3-1615","32.722820000","-117.161969000","57006","Downtown MK5 - 4 Hour Max $2.50 HR, 8am-8pm, Mon-Sat, Prepay, NFC","8am","8pm","4 hour","Mon-Sat","$2.50 HR","","",""
"Downtown","Cortez Hill","1600 THIRD AVE","3-1617","32.722852000","-117.161970000","57006","Downtown MK5 - 4 Hour Max $2.50 HR, 8am-8pm, Mon-Sat, Prepay, NFC","8am","8pm","4 hour","Mon-Sat","$2.50 HR","","",""
"Downtown","Cortez Hill","1600 THIRD AVE","3-1619","32.722884000","-117.161970000","57006","Downtown MK5 - 4 Hour Max $2.50 HR, 8am-8pm, Mon-Sat, Prepay, NFC","8am","8pm","4 hour","Mon-Sat","$2.50 HR","","",""
"Downtown","Cortez Hill","1600 THIRD AVE","3-1621","32.722916000","-117.161970000","57006","Downtown MK5 - 4 Hour Max $2.50 HR, 8am-8pm, Mon-Sat, Prepay, NFC","8am","8pm","4 hour","Mon-Sat","$2.50 HR","","",""
"Downtown","Cortez Hill","1600 THIRD AVE","3-1623","32.722948000","-117.161971000","57006","Downtown MK5 - 4 Hour Max $2.50 HR, 8am-8pm, Mon-Sat, Prepay, NFC","8am","8pm","4 hour","Mon-Sat","$2.50 HR","","",""
"Downtown","Cortez Hill","1600 THIRD AVE","3-1625","32.722980000","-117.161971000","57006","Downtown MK5 - 4 Hour Max $2.50 HR, 8am-8pm, Mon-Sat, Prepay, NFC","8am","8pm","4 hour","Mon-Sat","$2.50 HR","","",""
"Downtown","Cortez Hill","1600 THIRD AVE","3-1627","32.723012000","-117.161971000","57006","Downtown MK5 - 4 Hour Max $2.50 HR, 8am-8pm, Mon-Sat, Prepay, NFC","8am","8pm","4 hour","Mon-Sat","$2.50 HR","","",""
"Downtown","Cortez Hill","1400 FOURTH AVE","4-1402","32.720716000","-117.161229000","57004","Downtown MK5 - 2 Hour Max $2.50 HR, 8am-8pm, Mon-Sat, Prepay, NFC","8am","8pm","2 hour","Mon-Sat","$2.50 HR","","",""
"Downtown","Cortez Hill","1400 FOURTH AVE","4-1404","32.720716000","-117.161229000","57004","Downtown MK5 - 2 Hour Max $2.50 HR, 8am-8pm, Mon-Sat, Prepay, NFC","8am","8pm","2 hour","Mon-Sat","$2.50 HR","","",""
"Downtown","Cortez Hill","1400 FOURTH AVE","4-1406","32.720716000","-117.161229000","57004","Downtown MK5 - 2 Hour Max $2.50 HR, 8am-8pm, Mon-Sat, Prepay, NFC","8am","8pm","2 hour","Mon-Sat","$2.50 HR","","",""
"Downtown","Cortez Hill","1400 FOURTH AVE","4-1408","32.720716000","-117.161229000","57004","Downtown MK5 - 2 Hour Max $2.50 HR, 8am-8pm, Mon-Sat, Prepay, NFC","8am","8pm","2 hour","Mon-Sat","$2.50 HR","","",""
"Downtown","Cortez Hill","1400 FOURTH AVE","4-1416","32.720716000","-117.161229000","57004","Downtown MK5 - 2 Hour Max $2.50 HR, 8am-8pm, Mon-Sat, Prepay, NFC","8am","8pm","2 hour","Mon-Sat","$2.50 HR","","",""
"Downtown","Cortez Hill","1400 FOURTH AVE","4-1410","32.720148000","-117.161223000","57004","Downtown MK5 - 2 Hour Max $2.50 HR, 8am-8pm, Mon-Sat, Prepay, NFC","8am","8pm","2 hour","Mon-Sat","$2.50 HR","","",""
"Downtown","Cortez Hill","1400 FOURTH AVE","4-1412","32.720338000","-117.161225000","57004","Downtown MK5 - 2 Hour Max $2.50 HR, 8am-8pm, Mon-Sat, Prepay, NFC","8am","8pm","2 hour","Mon-Sat","$2.50 HR","","",""
"Downtown","Cortez Hill","1400 FOURTH AVE","4-1414","32.720562000","-117.161439000","57004","Downtown MK5 - 2 Hour Max $2.50 HR, 8am-8pm, Mon-Sat, Prepay, NFC","8am","8pm","2 hour","Mon-Sat","$2.50 HR","","",""
"Downtown","Cortez Hill","1400 FOURTH AVE","4-1424","32.720716000","-117.161229000","57004","Downtown MK5 - 2 Hour Max $2.50 HR, 8am-8pm, Mon-Sat, Prepay, NFC","8am","8pm","2 hour","Mon-Sat","$2.50 HR","","",""
"Downtown","Cortez Hill","1400 FOURTH AVE","4-1400E","32.720370246","-117.161041572","57460","Downtown MSPM PBP - 2 Hour Max $2.50 HR 8am-8pm Mon-Sat (NFC)","8am","8pm","2 hour","Mon-Sat","$2.50 HR","","Y",""
"Downtown","Cortez Hill","1500 FOURTH AVE","4-1500E","32.721677932","-117.161058001","57460","Downtown MSPM PBP - 2 Hour Max $2.50 HR 8am-8pm Mon-Sat (NFC)","8am","8pm","2 hour","Mon-Sat","$2.50 HR","","Y",""
"Downtown","Cortez Hill","1500 FOURTH AVE","4-1500","32.721068000","-117.161233000","57004","Downtown MK5 - 2 Hour Max $2.50 HR, 8am-8pm, Mon-Sat, Prepay, NFC","8am","8pm","2 hour","Mon-Sat","$2.50 HR","","",""
"Downtown","Cortez Hill","1500 FOURTH AVE","4-1502","32.721242000","-117.161235000","57004","Downtown MK5 - 2 Hour Max $2.50 HR, 8am-8pm, Mon-Sat, Prepay, NFC","8am","8pm","2 hour","Mon-Sat","$2.50 HR","","",""
"Downtown","Cortez Hill","1500 FOURTH AVE","4-1504","32.721319000","-117.161235000","57004","Downtown MK5 - 2 Hour Max $2.50 HR, 8am-8pm, Mon-Sat, Prepay, NFC","8am","8pm","2 hour","Mon-Sat","$2.50 HR","","",""
"Downtown","Cortez Hill","1500 FOURTH AVE","4-1506","32.721397000","-117.161236000","57004","Downtown MK5 - 2 Hour Max $2.50 HR, 8am-8pm, Mon-Sat, Prepay, NFC","8am","8pm","2 hour","Mon-Sat","$2.50 HR","","",""
"Downtown","Cortez Hill","1500 FOURTH AVE","4-1514","32.721474000","-117.161237000","57004","Downtown MK5 - 2 Hour Max $2.50 HR, 8am-8pm, Mon-Sat, Prepay, NFC","8am","8pm","2 hour","Mon-Sat","$2.50 HR","","",""
"Downtown","Cortez Hill","1500 FOURTH AVE","4-1516","32.721551000","-117.161238000","57004","Downtown MK5 - 2 Hour Max $2.50 HR, 8am-8pm, Mon-Sat, Prepay, NFC","8am","8pm","2 hour","Mon-Sat","$2.50 HR","","",""
"Downtown","Cortez Hill","1600 FOURTH AVE","4-1602","32.722182000","-117.161243000","57004","Downtown MK5 - 2 Hour Max $2.50 HR, 8am-8pm, Mon-Sat, Prepay, NFC","8am","8pm","2 hour","Mon-Sat","$2.50 HR","","",""
"Downtown","Cortez Hill","1600 FOURTH AVE","4-1604","32.722542000","-117.161245000","57004","Downtown MK5 - 2 Hour Max $2.50 HR, 8am-8pm, Mon-Sat, Prepay, NFC","8am","8pm","2 hour","Mon-Sat","$2.50 HR","","",""
"Downtown","Cortez Hill","1600 FOURTH AVE","4-1606","32.722893000","-117.161247000","57004","Downtown MK5 - 2 Hour Max $2.50 HR, 8am-8pm, Mon-Sat, Prepay, NFC","8am","8pm","2 hour","Mon-Sat","$2.50 HR","","",""
"Downtown","Cortez Hill","1600 FOURTH AVE","4-1600E","32.719187000","-117.144733000","50541","MSPM - PBP PREPAY 2 Hour Max $2.50 HR 8am-8pm Mon-Sat","8am","8pm","2 hour","Mon-Sat","$2.50 HR","","Y",""
"Downtown","Cortez Hill","1400 FIFTH AVE","5-1400W","32.720328147","-117.160004127","57460","Downtown MSPM PBP - 2 Hour Max $2.50 HR 8am-8pm Mon-Sat (NFC)","8am","8pm","2 hour","Mon-Sat","$2.50 HR","","Y",""
"Downtown","Cortez Hill","1400 FIFTH AVE","5-1413","32.720394000","-117.160119000","58016","Downtown Travel Lane MK5 - 2 Hour Max $2.50 HR, 8am-4pm, Mon-Fri, No Parking 4pm-6pm Mon-Fri, 2 Hour Max 6pm-8pm Mon-Fri, 8am-8pm Sat, Prepay, NFC","8am","4pm","2 hour","Mon-Fri","$2.50 HR","","","Y"
"Downtown","Cortez Hill","1400 FIFTH AVE","5-1415","32.720451000","-117.160119000","58016","Downtown Travel Lane MK5 - 2 Hour Max $2.50 HR, 8am-4pm, Mon-Fri, No Parking 4pm-6pm Mon-Fri, 2 Hour Max 6pm-8pm Mon-Fri, 8am-8pm Sat, Prepay, NFC","8am","4pm","2 hour","Mon-Fri","$2.50 HR","","","Y"
"Downtown","Cortez Hill","1400 FIFTH AVE","5-1417","32.720527000","-117.160120000","58016","Downtown Travel Lane MK5 - 2 Hour Max $2.50 HR, 8am-4pm, Mon-Fri, No Parking 4pm-6pm Mon-Fri, 2 Hour Max 6pm-8pm Mon-Fri, 8am-8pm Sat, Prepay, NFC","8am","4pm","2 hour","Mon-Fri","$2.50 HR","","","Y"
"Downtown","Cortez Hill","1400 FIFTH AVE","5-1419","32.720584000","-117.160120000","58016","Downtown Travel Lane MK5 - 2 Hour Max $2.50 HR, 8am-4pm, Mon-Fri, No Parking 4pm-6pm Mon-Fri, 2 Hour Max 6pm-8pm Mon-Fri, 8am-8pm Sat, Prepay, NFC","8am","4pm","2 hour","Mon-Fri","$2.50 HR","","","Y"
"Downtown","Cortez Hill","1400 FIFTH AVE","5-1421","32.720641000","-117.160121000","58016","Downtown Travel Lane MK5 - 2 Hour Max $2.50 HR, 8am-4pm, Mon-Fri, No Parking 4pm-6pm Mon-Fri, 2 Hour Max 6pm-8pm Mon-Fri, 8am-8pm Sat, Prepay, NFC","8am","4pm","2 hour","Mon-Fri","$2.50 HR","","","Y"
"Downtown","Cortez Hill","1400 FIFTH AVE","5-1423","32.720717000","-117.160121000","58016","Downtown Travel Lane MK5 - 2 Hour Max $2.50 HR, 8am-4pm, Mon-Fri, No Parking 4pm-6pm Mon-Fri, 2 Hour Max 6pm-8pm Mon-Fri, 8am-8pm Sat, Prepay, NFC","8am","4pm","2 hour","Mon-Fri","$2.50 HR","","","Y"
"Downtown","Cortez Hill","1400 FIFTH AVE","5-1403","32.720850000","-117.160304000","58016","Downtown Travel Lane MK5 - 2 Hour Max $2.50 HR, 8am-4pm, Mon-Fri, No Parking 4pm-6pm Mon-Fri, 2 Hour Max 6pm-8pm Mon-Fri, 8am-8pm Sat, Prepay, NFC","8am","4pm","2 hour","Mon-Fri","$2.50 HR","","","Y"
"Downtown","Cortez Hill","1400 FIFTH AVE","5-1405","32.720850000","-117.160304000","58016","Downtown Travel Lane MK5 - 2 Hour Max $2.50 HR, 8am-4pm, Mon-Fri, No Parking 4pm-6pm Mon-Fri, 2 Hour Max 6pm-8pm Mon-Fri, 8am-8pm Sat, Prepay, NFC","8am","4pm","2 hour","Mon-Fri","$2.50 HR","","","Y"
"Downtown","Cortez Hill","1500 FIFTH AVE","5-1509","32.721399000","-117.160127000","58016","Downtown Travel Lane MK5 - 2 Hour Max $2.50 HR, 8am-4pm, Mon-Fri, No Parking 4pm-6pm Mon-Fri, 2 Hour Max 6pm-8pm Mon-Fri, 8am-8pm Sat, Prepay, NFC","8am","4pm","2 hour","Mon-Fri","$2.50 HR","","","Y"
"Downtown","Cortez Hill","1500 FIFTH AVE","5-1511","32.721477000","-117.160128000","58016","Downtown Travel Lane MK5 - 2 Hour Max $2.50 HR, 8am-4pm, Mon-Fri, No Parking 4pm-6pm Mon-Fri, 2 Hour Max 6pm-8pm Mon-Fri, 8am-8pm Sat, Prepay, NFC","8am","4pm","2 hour","Mon-Fri","$2.50 HR","","","Y"
"Downtown","Cortez Hill","1500 FIFTH AVE","5-1519","32.721612000","-117.160130000","58016","Downtown Travel Lane MK5 - 2 Hour Max $2.50 HR, 8am-4pm, Mon-Fri, No Parking 4pm-6pm Mon-Fri, 2 Hour Max 6pm-8pm Mon-Fri, 8am-8pm Sat, Prepay, NFC","8am","4pm","2 hour","Mon-Fri","$2.50 HR","","","Y"
"Downtown","Cortez Hill","1500 FIFTH AVE","5-1521","32.721747000","-117.160131000","58016","Downtown Travel Lane MK5 - 2 Hour Max $2.50 HR, 8am-4pm, Mon-Fri, No Parking 4pm-6pm Mon-Fri, 2 Hour Max 6pm-8pm Mon-Fri, 8am-8pm Sat, Prepay, NFC","8am","4pm","2 hour","Mon-Fri","$2.50 HR","","","Y"
"Downtown","Cortez Hill","1500 FIFTH AVE","5-1500W","32.721395016","-117.160283513","57460","Downtown MSPM PBP - 2 Hour Max $2.50 HR 8am-8pm Mon-Sat (NFC)","8am","8pm","2 hour","Mon-Sat","$2.50 HR","","Y",""
"Downtown","Cortez Hill","1600 FIFTH AVE","5-1600W","32.722518779","-117.160289548","57460","Downtown MSPM PBP - 2 Hour Max $2.50 HR 8am-8pm Mon-Sat (NFC)","8am","8pm","2 hour","Mon-Sat","$2.50 HR","","Y",""
"Downtown","Cortez Hill","1400 SIXTH AVE","6-1406","32.719938000","-117.159403000","57004","Downtown MK5 - 2 Hour Max $2.50 HR, 8am-8pm, Mon-Sat, Prepay, NFC","8am","8pm","2 hour","Mon-Sat","$2.50 HR","","",""
"Downtown","Cortez Hill","1400 SIXTH AVE","6-1408","32.720427000","-117.159331000","57004","Downtown MK5 - 2 Hour Max $2.50 HR, 8am-8pm, Mon-Sat, Prepay, NFC","8am","8pm","2 hour","Mon-Sat","$2.50 HR","","",""
"Downtown","Cortez Hill","1400 SIXTH AVE","6-1410","32.720181000","-117.159401000","57004","Downtown MK5 - 2 Hour Max $2.50 HR, 8am-8pm, Mon-Sat, Prepay, NFC","8am","8pm","2 hour","Mon-Sat","$2.50 HR","","",""
"Downtown","Cortez Hill","1400 SIXTH AVE","6-1414","32.720369000","-117.159394000","57004","Downtown MK5 - 2 Hour Max $2.50 HR, 8am-8pm, Mon-Sat, Prepay, NFC","8am","8pm","2 hour","Mon-Sat","$2.50 HR","","",""
"Downtown","Cortez Hill","1400 SIXTH AVE","6-1416","32.720544000","-117.159403000","57004","Downtown MK5 - 2 Hour Max $2.50 HR, 8am-8pm, Mon-Sat, Prepay, NFC","8am","8pm","2 hour","Mon-Sat","$2.50 HR","","",""
"Downtown","Cortez Hill","1400 SIXTH AVE","6-1418","32.720678000","-117.159403000","57004","Downtown MK5 - 2 Hour Max $2.50 HR, 8am-8pm, Mon-Sat, Prepay, NFC","8am","8pm","2 hour","Mon-Sat","$2.50 HR","","",""
"Downtown","Cortez Hill","1400 SIXTH AVE","6-1412","32.720336000","-117.159371000","57004","Downtown MK5 - 2 Hour Max $2.50 HR, 8am-8pm, Mon-Sat, Prepay, NFC","8am","8pm","2 hour","Mon-Sat","$2.50 HR","","",""
"Downtown","Cortez Hill","1500 SIXTH AVE","6-1502","32.721108000","-117.159404000","57004","Downtown MK5 - 2 Hour Max $2.50 HR, 8am-8pm, Mon-Sat, Prepay, NFC","8am","8pm","2 hour","Mon-Sat","$2.50 HR","","",""
"Downtown","Cortez Hill","1500 SIXTH AVE","6-1506","32.721242000","-117.159403000","57004","Downtown MK5 - 2 Hour Max $2.50 HR, 8am-8pm, Mon-Sat, Prepay, NFC","8am","8pm","2 hour","Mon-Sat","$2.50 HR","","",""
"Downtown","Cortez Hill","1500 SIXTH AVE","6-1510","32.721357000","-117.159403000","57004","Downtown MK5 - 2 Hour Max $2.50 HR, 8am-8pm, Mon-Sat, Prepay, NFC","8am","8pm","2 hour","Mon-Sat","$2.50 HR","","",""
"Downtown","Cortez Hill","1500 SIXTH AVE","6-1512","32.721472000","-117.159402000","57004","Downtown MK5 - 2 Hour Max $2.50 HR, 8am-8pm, Mon-Sat, Prepay, NFC","8am","8pm","2 hour","Mon-Sat","$2.50 HR","","",""
"Downtown","Cortez Hill","1500 SIXTH AVE","6-1514","32.721515000","-117.159413000","57004","Downtown MK5 - 2 Hour Max $2.50 HR, 8am-8pm, Mon-Sat, Prepay, NFC","8am","8pm","2 hour","Mon-Sat","$2.50 HR","","",""
"Downtown","Cortez Hill","1500 SIXTH AVE","6-1516","32.721721000","-117.159401000","57004","Downtown MK5 - 2 Hour Max $2.50 HR, 8am-8pm, Mon-Sat, Prepay, NFC","8am","8pm","2 hour","Mon-Sat","$2.50 HR","","",""
"Downtown","Cortez Hill","1500 SIXTH AVE","6-1520","32.721836000","-117.159401000","57004","Downtown MK5 - 2 Hour Max $2.50 HR, 8am-8pm, Mon-Sat, Prepay, NFC","8am","8pm","2 hour","Mon-Sat","$2.50 HR","","",""
"Downtown","Cortez Hill","1600 SIXTH AVE","6-1605","32.722469000","-117.159228000","57004","Downtown MK5 - 2 Hour Max $2.50 HR, 8am-8pm, Mon-Sat, Prepay, NFC","8am","8pm","2 hour","Mon-Sat","$2.50 HR","","",""
"Downtown","Cortez Hill","1600 SIXTH AVE","6-1606","32.722661000","-117.159416000","57004","Downtown MK5 - 2 Hour Max $2.50 HR, 8am-8pm, Mon-Sat, Prepay, NFC","8am","8pm","2 hour","Mon-Sat","$2.50 HR","","",""
"Downtown","Cortez Hill","1600 SIXTH AVE","6-1607","32.722714000","-117.159236000","57004","Downtown MK5 - 2 Hour Max $2.50 HR, 8am-8pm, Mon-Sat, Prepay, NFC","8am","8pm","2 hour","Mon-Sat","$2.50 HR","","",""
"Downtown","Cortez Hill","1600 SIXTH AVE","6-1608","32.722763000","-117.159420000","57004","Downtown MK5 - 2 Hour Max $2.50 HR, 8am-8pm, Mon-Sat, Prepay, NFC","8am","8pm","2 hour","Mon-Sat","$2.50 HR","","",""
"Downtown","Cortez Hill","1400 FIRST AVE","1-1400","32.720080000","-117.163956000","58016","Downtown Travel Lane MK5 - 2 Hour Max $2.50 HR, 8am-4pm, Mon-Fri, No Parking 4pm-6pm Mon-Fri, 2 Hour Max 6pm-8pm Mon-Fri, 8am-8pm Sat, Prepay, NFC","8am","4pm","2 hour","Mon-Fri","$2.50 HR","","","Y"
"Downtown","Cortez Hill","1400 FIRST AVE","1-1402","32.720212000","-117.163956000","58016","Downtown Travel Lane MK5 - 2 Hour Max $2.50 HR, 8am-4pm, Mon-Fri, No Parking 4pm-6pm Mon-Fri, 2 Hour Max 6pm-8pm Mon-Fri, 8am-8pm Sat, Prepay, NFC","8am","4pm","2 hour","Mon-Fri","$2.50 HR","","","Y"
"Downtown","Cortez Hill","1400 FIRST AVE","1-1410","32.720345000","-117.163957000","58016","Downtown Travel Lane MK5 - 2 Hour Max $2.50 HR, 8am-4pm, Mon-Fri, No Parking 4pm-6pm Mon-Fri, 2 Hour Max 6pm-8pm Mon-Fri, 8am-8pm Sat, Prepay, NFC","8am","4pm","2 hour","Mon-Fri","$2.50 HR","","","Y"
"Downtown","Cortez Hill","1400 FIRST AVE","1-1412","32.720496000","-117.163957000","58016","Downtown Travel Lane MK5 - 2 Hour Max $2.50 HR, 8am-4pm, Mon-Fri, No Parking 4pm-6pm Mon-Fri, 2 Hour Max 6pm-8pm Mon-Fri, 8am-8pm Sat, Prepay, NFC","8am","4pm","2 hour","Mon-Fri","$2.50 HR","","","Y"
"Downtown","Cortez Hill","1400 FIRST AVE","1-1420","32.720629000","-117.163958000","58016","Downtown Travel Lane MK5 - 2 Hour Max $2.50 HR, 8am-4pm, Mon-Fri, No Parking 4pm-6pm Mon-Fri, 2 Hour Max 6pm-8pm Mon-Fri, 8am-8pm Sat, Prepay, NFC","8am","4pm","2 hour","Mon-Fri","$2.50 HR","","","Y"
"Downtown","Cortez Hill","1400 FIRST AVE","1-1424","32.720761000","-117.163959000","58016","Downtown Travel Lane MK5 - 2 Hour Max $2.50 HR, 8am-4pm, Mon-Fri, No Parking 4pm-6pm Mon-Fri, 2 Hour Max 6pm-8pm Mon-Fri, 8am-8pm Sat, Prepay, NFC","8am","4pm","2 hour","Mon-Fri","$2.50 HR","","","Y"
"Downtown","Cortez Hill","1500 FIRST AVE","1-1500","32.721055000","-117.163959000","58016","Downtown Travel Lane MK5 - 2 Hour Max $2.50 HR, 8am-4pm, Mon-Fri, No Parking 4pm-6pm Mon-Fri, 2 Hour Max 6pm-8pm Mon-Fri, 8am-8pm Sat, Prepay, NFC","8am","4pm","2 hour","Mon-Fri","$2.50 HR","","","Y"
"Downtown","Cortez Hill","1500 FIRST AVE","1-1502","32.721131000","-117.163959000","58016","Downtown Travel Lane MK5 - 2 Hour Max $2.50 HR, 8am-4pm, Mon-Fri, No Parking 4pm-6pm Mon-Fri, 2 Hour Max 6pm-8pm Mon-Fri, 8am-8pm Sat, Prepay, NFC","8am","4pm","2 hour","Mon-Fri","$2.50 HR","","","Y"
"Downtown","Cortez Hill","1500 FIRST AVE","1-1504","32.721227000","-117.163960000","58016","Downtown Travel Lane MK5 - 2 Hour Max $2.50 HR, 8am-4pm, Mon-Fri, No Parking 4pm-6pm Mon-Fri, 2 Hour Max 6pm-8pm Mon-Fri, 8am-8pm Sat, Prepay, NFC","8am","4pm","2 hour","Mon-Fri","$2.50 HR","","","Y"
"Downtown","Cortez Hill","1500 FIRST AVE","1-1506","32.721303000","-117.163960000","58016","Downtown Travel Lane MK5 - 2 Hour Max $2.50 HR, 8am-4pm, Mon-Fri, No Parking 4pm-6pm Mon-Fri, 2 Hour Max 6pm-8pm Mon-Fri, 8am-8pm Sat, Prepay, NFC","8am","4pm","2 hour","Mon-Fri","$2.50 HR","","","Y"
"Downtown","Cortez Hill","1500 FIRST AVE","1-1508","32.721380000","-117.163960000","58016","Downtown Travel Lane MK5 - 2 Hour Max $2.50 HR, 8am-4pm, Mon-Fri, No Parking 4pm-6pm Mon-Fri, 2 Hour Max 6pm-8pm Mon-Fri, 8am-8pm Sat, Prepay, NFC","8am","4pm","2 hour","Mon-Fri","$2.50 HR","","","Y"
"Downtown","Cortez Hill","1500 FIRST AVE","1-1510","32.721456000","-117.163960000","58016","Downtown Travel Lane MK5 - 2 Hour Max $2.50 HR, 8am-4pm, Mon-Fri, No Parking 4pm-6pm Mon-Fri, 2 Hour Max 6pm-8pm Mon-Fri, 8am-8pm Sat, Prepay, NFC","8am","4pm","2 hour","Mon-Fri","$2.50 HR","","","Y"
"Downtown","Cortez Hill","1500 FIRST AVE","1-1512","32.721532000","-117.163960000","58016","Downtown Travel Lane MK5 - 2 Hour Max $2.50 HR, 8am-4pm, Mon-Fri, No Parking 4pm-6pm Mon-Fri, 2 Hour Max 6pm-8pm Mon-Fri, 8am-8pm Sat, Prepay, NFC","8am","4pm","2 hour","Mon-Fri","$2.50 HR","","","Y"
"Downtown","Cortez Hill","1500 FIRST AVE","1-1514","32.721609000","-117.163960000","58016","Downtown Travel Lane MK5 - 2 Hour Max $2.50 HR, 8am-4pm, Mon-Fri, No Parking 4pm-6pm Mon-Fri, 2 Hour Max 6pm-8pm Mon-Fri, 8am-8pm Sat, Prepay, NFC","8am","4pm","2 hour","Mon-Fri","$2.50 HR","","","Y"
"Downtown","Cortez Hill","1500 FIRST AVE","1-1516","32.721704000","-117.163960000","58016","Downtown Travel Lane MK5 - 2 Hour Max $2.50 HR, 8am-4pm, Mon-Fri, No Parking 4pm-6pm Mon-Fri, 2 Hour Max 6pm-8pm Mon-Fri, 8am-8pm Sat, Prepay, NFC","8am","4pm","2 hour","Mon-Fri","$2.50 HR","","","Y"
"Downtown","Cortez Hill","1500 FIRST AVE","1-1518","32.721781000","-117.163960000","58016","Downtown Travel Lane MK5 - 2 Hour Max $2.50 HR, 8am-4pm, Mon-Fri, No Parking 4pm-6pm Mon-Fri, 2 Hour Max 6pm-8pm Mon-Fri, 8am-8pm Sat, Prepay, NFC","8am","4pm","2 hour","Mon-Fri","$2.50 HR","","","Y"
"Downtown","Cortez Hill","1500 FIRST AVE","1-1524","32.721857000","-117.163960000","58016","Downtown Travel Lane MK5 - 2 Hour Max $2.50 HR, 8am-4pm, Mon-Fri, No Parking 4pm-6pm Mon-Fri, 2 Hour Max 6pm-8pm Mon-Fri, 8am-8pm Sat, Prepay, NFC","8am","4pm","2 hour","Mon-Fri","$2.50 HR","","","Y"
"Downtown","Cortez Hill","1500 FIRST AVE","1-1526","32.721968000","-117.163960000","58016","Downtown Travel Lane MK5 - 2 Hour Max $2.50 HR, 8am-4pm, Mon-Fri, No Parking 4pm-6pm Mon-Fri, 2 Hour Max 6pm-8pm Mon-Fri, 8am-8pm Sat, Prepay, NFC","8am","4pm","2 hour","Mon-Fri","$2.50 HR","","","Y"
"Downtown","Cortez Hill","1300 SEVENTH AVE","7-1300E","32.719445321","-117.158290296","13180","Downtown MS1 PPD - 2 Hour Max $2.50 HR 8am-8pm Mon-Sat (NFC)","8am","8pm","2 hour","Mon-Sat","$2.50 HR","","",""
"Downtown","Cortez Hill","1300 SEVENTH AVE","7-1300W","32.719352517","-117.158464640","13180","Downtown MS1 PPD - 2 Hour Max $2.50 HR 8am-8pm Mon-Sat (NFC)","8am","8pm","2 hour","Mon-Sat","$2.50 HR","","",""
"Downtown","Cortez Hill","1400 SEVENTH AVE","7-1402","32.720142000","-117.158152000","57004","Downtown MK5 - 2 Hour Max $2.50 HR, 8am-8pm, Mon-Sat, Prepay, NFC","8am","8pm","2 hour","Mon-Sat","$2.50 HR","","",""
"Downtown","Cortez Hill","1400 SEVENTH AVE","7-1413","32.720352000","-117.158294000","57004","Downtown MK5 - 2 Hour Max $2.50 HR, 8am-8pm, Mon-Sat, Prepay, NFC","8am","8pm","2 hour","Mon-Sat","$2.50 HR","","",""
"Downtown","Cortez Hill","1400 SEVENTH AVE","7-1415","32.720429000","-117.158295000","57004","Downtown MK5 - 2 Hour Max $2.50 HR, 8am-8pm, Mon-Sat, Prepay, NFC","8am","8pm","2 hour","Mon-Sat","$2.50 HR","","",""
"Downtown","Cortez Hill","1400 SEVENTH AVE","7-1419","32.720487000","-117.158295000","57004","Downtown MK5 - 2 Hour Max $2.50 HR, 8am-8pm, Mon-Sat, Prepay, NFC","8am","8pm","2 hour","Mon-Sat","$2.50 HR","","",""
"Downtown","Cortez Hill","1400 SEVENTH AVE","7-1421","32.720564000","-117.158296000","57004","Downtown MK5 - 2 Hour Max $2.50 HR, 8am-8pm, Mon-Sat, Prepay, NFC","8am","8pm","2 hour","Mon-Sat","$2.50 HR","","",""
"Downtown","Cortez Hill","1400 SEVENTH AVE","7-1422","32.720640000","-117.158479000","57004","Downtown MK5 - 2 Hour Max $2.50 HR, 8am-8pm, Mon-Sat, Prepay, NFC","8am","8pm","2 hour","Mon-Sat","$2.50 HR","","",""
"Downtown","Cortez Hill","1400 SEVENTH AVE","7-1423","32.720698000","-117.158297000","57004","Downtown MK5 - 2 Hour Max $2.50 HR, 8am-8pm, Mon-Sat, Prepay, NFC","8am","8pm","2 hour","Mon-Sat","$2.50 HR","","",""
"Downtown","Cortez Hill","1400 SEVENTH AVE","7-1424","32.720774000","-117.158480000","57004","Downtown MK5 - 2 Hour Max $2.50 HR, 8am-8pm, Mon-Sat, Prepay, NFC","8am","8pm","2 hour","Mon-Sat","$2.50 HR","","",""
"Downtown","Cortez Hill","1400 SEVENTH AVE","7-1425","32.720833000","-117.158298000","57004","Downtown MK5 - 2 Hour Max $2.50 HR, 8am-8pm, Mon-Sat, Prepay, NFC","8am","8pm","2 hour","Mon-Sat","$2.50 HR","","",""
"Downtown","Cortez Hill","1400 SEVENTH AVE","7-1426","32.720833000","-117.158298000","57004","Downtown MK5 - 2 Hour Max $2.50 HR, 8am-8pm, Mon-Sat, Prepay, NFC","8am","8pm","2 hour","Mon-Sat","$2.50 HR","","",""
"Downtown","Cortez Hill","1400 SEVENTH AVE","7-1400","32.720424000","-117.158098000","57004","Downtown MK5 - 2 Hour Max $2.50 HR, 8am-8pm, Mon-Sat, Prepay, NFC","8am","8pm","2 hour","Mon-Sat","$2.50 HR","","",""
"Downtown","Cortez Hill","1300 EIGHTH AVE","8-1300","32.719019000","-117.157551000","56998","Downtown MK5 - 1 Hour Max $2.50 HR, 8am-8pm, Mon-Sat, Prepay, NFC","8am","8pm","1 hour","Mon-Sat","$2.50 HR","","",""
"Downtown","Cortez Hill","1400 EIGHTH AVE","8-1406","32.720184000","-117.157562000","57004","Downtown MK5 - 2 Hour Max $2.50 HR, 8am-8pm, Mon-Sat, Prepay, NFC","8am","8pm","2 hour","Mon-Sat","$2.50 HR","","",""
"Downtown","Cortez Hill","1400 EIGHTH AVE","8-1408","32.720222000","-117.157562000","57004","Downtown MK5 - 2 Hour Max $2.50 HR, 8am-8pm, Mon-Sat, Prepay, NFC","8am","8pm","2 hour","Mon-Sat","$2.50 HR","","",""
"Downtown","Cortez Hill","1400 EIGHTH AVE","8-1402","32.720031000","-117.157561000","57004","Downtown MK5 - 2 Hour Max $2.50 HR, 8am-8pm, Mon-Sat, Prepay, NFC","8am","8pm","2 hour","Mon-Sat","$2.50 HR","","",""
"Downtown","Cortez Hill","1400 EIGHTH AVE","8-1404","32.720107000","-117.157561000","57004","Downtown MK5 - 2 Hour Max $2.50 HR, 8am-8pm, Mon-Sat, Prepay, NFC","8am","8pm","2 hour","Mon-Sat","$2.50 HR","","",""
"Downtown","Cortez Hill","1400 EIGHTH AVE","8-1423","32.720645000","-117.157383000","57007","Downtown MK5 - 9 Hour Max $2.50 HR, 8am-8pm, Mon-Sat, Prepay, NFC","8am","8pm","9 hour","Mon-Sat","$2.50 HR","","",""
"Downtown","Cortez Hill","1400 EIGHTH AVE","8-1424","32.720683000","-117.157565000","57007","Downtown MK5 - 9 Hour Max $2.50 HR, 8am-8pm, Mon-Sat, Prepay, NFC","8am","8pm","9 hour","Mon-Sat","$2.50 HR","","",""
"Downtown","Cortez Hill","1400 EIGHTH AVE","8-1425","32.720722000","-117.157383000","57007","Downtown MK5 - 9 Hour Max $2.50 HR, 8am-8pm, Mon-Sat, Prepay, NFC","8am","8pm","9 hour","Mon-Sat","$2.50 HR","","",""
"Downtown","Cortez Hill","1400 EIGHTH AVE","8-1426","32.720760000","-117.157566000","57007","Downtown MK5 - 9 Hour Max $2.50 HR, 8am-8pm, Mon-Sat, Prepay, NFC","8am","8pm","9 hour","Mon-Sat","$2.50 HR","","",""
"Downtown","Cortez Hill","1400 EIGHTH AVE","8-1427","32.720799000","-117.157384000","57007","Downtown MK5 - 9 Hour Max $2.50 HR, 8am-8pm, Mon-Sat, Prepay, NFC","8am","8pm","9 hour","Mon-Sat","$2.50 HR","","",""
"Downtown","Cortez Hill","1400 EIGHTH AVE","8-1428","32.720836000","-117.157566000","57007","Downtown MK5 - 9 Hour Max $2.50 HR, 8am-8pm, Mon-Sat, Prepay, NFC","8am","8pm","9 hour","Mon-Sat","$2.50 HR","","",""
"Downtown","Cortez Hill","1400 EIGHTH AVE","8-1429","32.720876000","-117.157385000","57007","Downtown MK5 - 9 Hour Max $2.50 HR, 8am-8pm, Mon-Sat, Prepay, NFC","8am","8pm","9 hour","Mon-Sat","$2.50 HR","","",""
"Downtown","Cortez Hill","1400 EIGHTH AVE","8-1405","32.720147000","-117.157379000","57007","Downtown MK5 - 9 Hour Max $2.50 HR, 8am-8pm, Mon-Sat, Prepay, NFC","8am","8pm","9 hour","Mon-Sat","$2.50 HR","","",""
"Downtown","Cortez Hill","1400 EIGHTH AVE","8-1403","32.720070000","-117.157379000","57007","Downtown MK5 - 9 Hour Max $2.50 HR, 8am-8pm, Mon-Sat, Prepay, NFC","8am","8pm","9 hour","Mon-Sat","$2.50 HR","","",""
"Downtown","Cortez Hill","1400 EIGHTH AVE","8-1409","32.720262000","-117.157380000","57007","Downtown MK5 - 9 Hour Max $2.50 HR, 8am-8pm, Mon-Sat, Prepay, NFC","8am","8pm","9 hour","Mon-Sat","$2.50 HR","","",""
"Downtown","Cortez Hill","1400 EIGHTH AVE","8-1410","32.720299000","-117.157563000","57007","Downtown MK5 - 9 Hour Max $2.50 HR, 8am-8pm, Mon-Sat, Prepay, NFC","8am","8pm","9 hour","Mon-Sat","$2.50 HR","","",""
"Downtown","Cortez Hill","1400 EIGHTH AVE","8-1411","32.720338000","-117.157381000","57007","Downtown MK5 - 9 Hour Max $2.50 HR, 8am-8pm, Mon-Sat, Prepay, NFC","8am","8pm","9 hour","Mon-Sat","$2.50 HR","","",""
"Downtown","Cortez Hill","1400 EIGHTH AVE","8-1412","32.720376000","-117.157563000","57007","Downtown MK5 - 9 Hour Max $2.50 HR, 8am-8pm, Mon-Sat, Prepay, NFC","8am","8pm","9 hour","Mon-Sat","$2.50 HR","","",""
"Downtown","Cortez Hill","1400 EIGHTH AVE","8-1413","32.720415000","-117.157381000","57007","Downtown MK5 - 9 Hour Max $2.50 HR, 8am-8pm, Mon-Sat, Prepay, NFC","8am","8pm","9 hour","Mon-Sat","$2.50 HR","","",""
"Downtown","Cortez Hill","1400 EIGHTH AVE","8-1414","32.720453000","-117.157564000","57007","Downtown MK5 - 9 Hour Max $2.50 HR, 8am-8pm, Mon-Sat, Prepay, NFC","8am","8pm","9 hour","Mon-Sat","$2.50 HR","","",""
"Downtown","Cortez Hill","1400 EIGHTH AVE","8-1415","32.720492000","-117.157382000","57007","Downtown MK5 - 9 Hour Max $2.50 HR, 8am-8pm, Mon-Sat, Prepay, NFC","8am","8pm","9 hour","Mon-Sat","$2.50 HR","","",""
"Downtown","Cortez Hill","1400 EIGHTH AVE","8-1417","32.720530000","-117.157382000","57007","Downtown MK5 - 9 Hour Max $2.50 HR, 8am-8pm, Mon-Sat, Prepay, NFC","8am","8pm","9 hour","Mon-Sat","$2.50 HR","","",""
"Downtown","Cortez Hill","1400 EIGHTH AVE","8-1419","32.720569000","-117.157382000","57007","Downtown MK5 - 9 Hour Max $2.50 HR, 8am-8pm, Mon-Sat, Prepay, NFC","8am","8pm","9 hour","Mon-Sat","$2.50 HR","","",""
"Downtown","Cortez Hill","1400 EIGHTH AVE","8-1421","32.720607000","-117.157383000","57007","Downtown MK5 - 9 Hour Max $2.50 HR, 8am-8pm, Mon-Sat, Prepay, NFC","8am","8pm","9 hour","Mon-Sat","$2.50 HR","","",""
"Downtown","Cortez Hill","1400 EIGHTH AVE","8-1401","32.719993000","-117.157378000","57007","Downtown MK5 - 9 Hour Max $2.50 HR, 8am-8pm, Mon-Sat, Prepay, NFC","8am","8pm","9 hour","Mon-Sat","$2.50 HR","","",""
"Downtown","Cortez Hill","1500 EIGHTH AVE","8-1506","32.721075000","-117.157568000","57007","Downtown MK5 - 9 Hour Max $2.50 HR, 8am-8pm, Mon-Sat, Prepay, NFC","8am","8pm","9 hour","Mon-Sat","$2.50 HR","","",""
"Downtown","Cortez Hill","1500 EIGHTH AVE","8-1508","32.721153000","-117.157569000","57007","Downtown MK5 - 9 Hour Max $2.50 HR, 8am-8pm, Mon-Sat, Prepay, NFC","8am","8pm","9 hour","Mon-Sat","$2.50 HR","","",""
"Downtown","Cortez Hill","1500 EIGHTH AVE","8-1516","32.721249000","-117.157570000","57007","Downtown MK5 - 9 Hour Max $2.50 HR, 8am-8pm, Mon-Sat, Prepay, NFC","8am","8pm","9 hour","Mon-Sat","$2.50 HR","","",""
"Downtown","Cortez Hill","1500 EIGHTH AVE","8-1518","32.721326000","-117.157571000","57007","Downtown MK5 - 9 Hour Max $2.50 HR, 8am-8pm, Mon-Sat, Prepay, NFC","8am","8pm","9 hour","Mon-Sat","$2.50 HR","","",""
"Downtown","Cortez Hill","1500 EIGHTH AVE","8-1520","32.721403000","-117.157572000","57007","Downtown MK5 - 9 Hour Max $2.50 HR, 8am-8pm, Mon-Sat, Prepay, NFC","8am","8pm","9 hour","Mon-Sat","$2.50 HR","","",""
"Downtown","Cortez Hill","1500 EIGHTH AVE","8-1522","32.721480000","-117.157573000","57007","Downtown MK5 - 9 Hour Max $2.50 HR, 8am-8pm, Mon-Sat, Prepay, NFC","8am","8pm","9 hour","Mon-Sat","$2.50 HR","","",""
"Downtown","Cortez Hill","1500 EIGHTH AVE","8-1524","32.721558000","-117.157573000","57007","Downtown MK5 - 9 Hour Max $2.50 HR, 8am-8pm, Mon-Sat, Prepay, NFC","8am","8pm","9 hour","Mon-Sat","$2.50 HR","","",""
"Downtown","Cortez Hill","1500 EIGHTH AVE","8-1526","32.721635000","-117.157574000","57007","Downtown MK5 - 9 Hour Max $2.50 HR, 8am-8pm, Mon-Sat, Prepay, NFC","8am","8pm","9 hour","Mon-Sat","$2.50 HR","","",""
"Downtown","Cortez Hill","1500 EIGHTH AVE","8-1528","32.721731000","-117.157575000","57007","Downtown MK5 - 9 Hour Max $2.50 HR, 8am-8pm, Mon-Sat, Prepay, NFC","8am","8pm","9 hour","Mon-Sat","$2.50 HR","","",""
"Downtown","Cortez Hill","1500 EIGHTH AVE","8-1530","32.721808000","-117.157576000","57007","Downtown MK5 - 9 Hour Max $2.50 HR, 8am-8pm, Mon-Sat, Prepay, NFC","8am","8pm","9 hour","Mon-Sat","$2.50 HR","","",""
"Downtown","Cortez Hill","1500 EIGHTH AVE","8-1532","32.721885000","-117.157577000","57007","Downtown MK5 - 9 Hour Max $2.50 HR, 8am-8pm, Mon-Sat, Prepay, NFC","8am","8pm","9 hour","Mon-Sat","$2.50 HR","","",""
"Downtown","Cortez Hill","1500 EIGHTH AVE","8-1534","32.721657000","-117.157501000","57007","Downtown MK5 - 9 Hour Max $2.50 HR, 8am-8pm, Mon-Sat, Prepay, NFC","8am","8pm","9 hour","Mon-Sat","$2.50 HR","","",""
"Downtown","Cortez Hill","1500 EIGHTH AVE","8-1502","32.721657000","-117.157501000","57001","Downtown MK5 – 30 Min Max $2.50 HR, 8am-8pm, Mon-Sat, Prepay, NFC, (Sensor Courtesy)","8am","8pm","30 min","Mon-Sat","$2.50 HR","","",""
"Downtown","Cortez Hill","1500 EIGHTH AVE","8-1504","32.721657000","-117.157501000","57001","Downtown MK5 – 30 Min Max $2.50 HR, 8am-8pm, Mon-Sat, Prepay, NFC, (Sensor Courtesy)","8am","8pm","30 min","Mon-Sat","$2.50 HR","","",""
"Downtown","Cortez Hill","1300 NINTH AVE","9-1300","32.719023000","-117.156656000","57004","Downtown MK5 - 2 Hour Max $2.50 HR, 8am-8pm, Mon-Sat, Prepay, NFC","8am","8pm","2 hour","Mon-Sat","$2.50 HR","","",""
"Downtown","Cortez Hill","1400 NINTH AVE","9-1412","32.720598000","-117.156694000","57007","Downtown MK5 - 9 Hour Max $2.50 HR, 8am-8pm, Mon-Sat, Prepay, NFC","8am","8pm","9 hour","Mon-Sat","$2.50 HR","","",""
"Downtown","Cortez Hill","1400 NINTH AVE","9-1414","32.720586000","-117.156717000","57007","Downtown MK5 - 9 Hour Max $2.50 HR, 8am-8pm, Mon-Sat, Prepay, NFC","8am","8pm","9 hour","Mon-Sat","$2.50 HR","","",""
"Downtown","Cortez Hill","1400 NINTH AVE","9-1416","32.720589000","-117.156690000","57007","Downtown MK5 - 9 Hour Max $2.50 HR, 8am-8pm, Mon-Sat, Prepay, NFC","8am","8pm","9 hour","Mon-Sat","$2.50 HR","","",""
"Downtown","Cortez Hill","1400 NINTH AVE","9-1418","32.720597000","-117.156690000","57007","Downtown MK5 - 9 Hour Max $2.50 HR, 8am-8pm, Mon-Sat, Prepay, NFC","8am","8pm","9 hour","Mon-Sat","$2.50 HR","","",""
"Downtown","Cortez Hill","1400 NINTH AVE","9-1420","32.720613000","-117.156682000","57007","Downtown MK5 - 9 Hour Max $2.50 HR, 8am-8pm, Mon-Sat, Prepay, NFC","8am","8pm","9 hour","Mon-Sat","$2.50 HR","","",""
"Downtown","Cortez Hill","1400 NINTH AVE","9-1422","32.720597000","-117.156665000","57007","Downtown MK5 - 9 Hour Max $2.50 HR, 8am-8pm, Mon-Sat, Prepay, NFC","8am","8pm","9 hour","Mon-Sat","$2.50 HR","","",""
"Downtown","Cortez Hill","1400 NINTH AVE","9-1426","32.720654000","-117.156392000","57007","Downtown MK5 - 9 Hour Max $2.50 HR, 8am-8pm, Mon-Sat, Prepay, NFC","8am","8pm","9 hour","Mon-Sat","$2.50 HR","","",""
"Downtown","Cortez Hill","1400 NINTH AVE","9-1424","32.720654000","-117.156392000","57007","Downtown MK5 - 9 Hour Max $2.50 HR, 8am-8pm, Mon-Sat, Prepay, NFC","8am","8pm","9 hour","Mon-Sat","$2.50 HR","","",""
"Downtown","Cortez Hill","1400 NINTH AVE","9-1428","32.720715000","-117.156368000","57007","Downtown MK5 - 9 Hour Max $2.50 HR, 8am-8pm, Mon-Sat, Prepay, NFC","8am","8pm","9 hour","Mon-Sat","$2.50 HR","","",""
"Downtown","Cortez Hill","1400 NINTH AVE","9-1430","32.720715000","-117.156368000","57007","Downtown MK5 - 9 Hour Max $2.50 HR, 8am-8pm, Mon-Sat, Prepay, NFC","8am","8pm","9 hour","Mon-Sat","$2.50 HR","","",""
"Downtown","Cortez Hill","1400 NINTH AVE","9-1432","32.720686000","-117.156414000","57007","Downtown MK5 - 9 Hour Max $2.50 HR, 8am-8pm, Mon-Sat, Prepay, NFC","8am","8pm","9 hour","Mon-Sat","$2.50 HR","","",""
"Downtown","Cortez Hill","1400 NINTH AVE","9-1434","32.720699000","-117.156509000","57007","Downtown MK5 - 9 Hour Max $2.50 HR, 8am-8pm, Mon-Sat, Prepay, NFC","8am","8pm","9 hour","Mon-Sat","$2.50 HR","","",""
"Downtown","Cortez Hill","1400 NINTH AVE","9-1436","32.720707000","-117.156499000","57007","Downtown MK5 - 9 Hour Max $2.50 HR, 8am-8pm, Mon-Sat, Prepay, NFC","8am","8pm","9 hour","Mon-Sat","$2.50 HR","","",""
"Downtown","Cortez Hill","1400 NINTH AVE","9-1438","32.720733000","-117.156537000","57007","Downtown MK5 - 9 Hour Max $2.50 HR, 8am-8pm, Mon-Sat, Prepay, NFC","8am","8pm","9 hour","Mon-Sat","$2.50 HR","","",""
"Downtown","Cortez Hill","1400 NINTH AVE","9-1440","32.720722000","-117.156537000","57007","Downtown MK5 - 9 Hour Max $2.50 HR, 8am-8pm, Mon-Sat, Prepay, NFC","8am","8pm","9 hour","Mon-Sat","$2.50 HR","","",""
"Downtown","Cortez Hill","800 A ST","A-807","32.718688000","-117.157184000","57004","Downtown MK5 - 2 Hour Max $2.50 HR, 8am-8pm, Mon-Sat, Prepay, NFC","8am","8pm","2 hour","Mon-Sat","$2.50 HR","","",""
"Downtown","Cortez Hill","800 A ST","A-809","32.718815000","-117.156896000","57004","Downtown MK5 - 2 Hour Max $2.50 HR, 8am-8pm, Mon-Sat, Prepay, NFC","8am","8pm","2 hour","Mon-Sat","$2.50 HR","","",""
"Downtown","Cortez Hill","300 ASH ST","AH-300","32.719982000","-117.161914000","57004","Downtown MK5 - 2 Hour Max $2.50 HR, 8am-8pm, Mon-Sat, Prepay, NFC","8am","8pm","2 hour","Mon-Sat","$2.50 HR","","",""
"Downtown","Cortez Hill","300 ASH ST","AH-306","32.719983000","-117.161696000","57004","Downtown MK5 - 2 Hour Max $2.50 HR, 8am-8pm, Mon-Sat, Prepay, NFC","8am","8pm","2 hour","Mon-Sat","$2.50 HR","","",""
"Downtown","Cortez Hill","300 ASH ST","AH-312","32.719984000","-117.161461000","57004","Downtown MK5 - 2 Hour Max $2.50 HR, 8am-8pm, Mon-Sat, Prepay, NFC","8am","8pm","2 hour","Mon-Sat","$2.50 HR","","",""
"Downtown","Cortez Hill","300 ASH ST","AH-314","32.719984000","-117.161310000","57004","Downtown MK5 - 2 Hour Max $2.50 HR, 8am-8pm, Mon-Sat, Prepay, NFC","8am","8pm","2 hour","Mon-Sat","$2.50 HR","","",""
"Downtown","Cortez Hill","400 ASH ST","AH-400","32.719984000","-117.160998000","57004","Downtown MK5 - 2 Hour Max $2.50 HR, 8am-8pm, Mon-Sat, Prepay, NFC","8am","8pm","2 hour","Mon-Sat","$2.50 HR","","",""
"Downtown","Cortez Hill","400 ASH ST","AH-402","32.719984000","-117.160930000","57004","Downtown MK5 - 2 Hour Max $2.50 HR, 8am-8pm, Mon-Sat, Prepay, NFC","8am","8pm","2 hour","Mon-Sat","$2.50 HR","","",""
"Downtown","Cortez Hill","400 ASH ST","AH-404","32.719983000","-117.160778000","57004","Downtown MK5 - 2 Hour Max $2.50 HR, 8am-8pm, Mon-Sat, Prepay, NFC","8am","8pm","2 hour","Mon-Sat","$2.50 HR","","",""
"Downtown","Cortez Hill","400 ASH ST","AH-410","32.719982000","-117.160540000","57004","Downtown MK5 - 2 Hour Max $2.50 HR, 8am-8pm, Mon-Sat, Prepay, NFC","8am","8pm","2 hour","Mon-Sat","$2.50 HR","","",""
"Downtown","Cortez Hill","400 ASH ST","AH-412","32.719982000","-117.160472000","57004","Downtown MK5 - 2 Hour Max $2.50 HR, 8am-8pm, Mon-Sat, Prepay, NFC","8am","8pm","2 hour","Mon-Sat","$2.50 HR","","",""
"Downtown","Cortez Hill","400 ASH ST","AH-414","32.719981000","-117.160320000","57004","Downtown MK5 - 2 Hour Max $2.50 HR, 8am-8pm, Mon-Sat, Prepay, NFC","8am","8pm","2 hour","Mon-Sat","$2.50 HR","","",""
"Downtown","Cortez Hill","500 ASH ST","AH-502","32.719980000","-117.160013000","56998","Downtown MK5 - 1 Hour Max $2.50 HR, 8am-8pm, Mon-Sat, Prepay, NFC","8am","8pm","1 hour","Mon-Sat","$2.50 HR","","",""
"Downtown","Cortez Hill","500 ASH ST","AH-504","32.719979000","-117.159864000","56998","Downtown MK5 - 1 Hour Max $2.50 HR, 8am-8pm, Mon-Sat, Prepay, NFC","8am","8pm","1 hour","Mon-Sat","$2.50 HR","","",""
"Downtown","Cortez Hill","500 ASH ST","AH-506","32.719979000","-117.159716000","56998","Downtown MK5 - 1 Hour Max $2.50 HR, 8am-8pm, Mon-Sat, Prepay, NFC","8am","8pm","1 hour","Mon-Sat","$2.50 HR","","",""
"Downtown","Cortez Hill","600 ASH ST","AH-604","32.719976000","-117.159092000","57001","Downtown MK5 – 30 Min Max $2.50 HR, 8am-8pm, Mon-Sat, Prepay, NFC, (Sensor Courtesy)","8am","8pm","30 min","Mon-Sat","$2.50 HR","","",""
"Downtown","Cortez Hill","600 ASH ST","AH-606","32.719975000","-117.158922000","57001","Downtown MK5 – 30 Min Max $2.50 HR, 8am-8pm, Mon-Sat, Prepay, NFC, (Sensor Courtesy)","8am","8pm","30 min","Mon-Sat","$2.50 HR","","",""
"Downtown","Little Italy","2400 INDIA ST","N-2402","32.729669000","-117.170963000","57004","Downtown MK5 - 2 Hour Max $2.50 HR, 8am-8pm, Mon-Sat, Prepay, NFC","8am","8pm","2 hour","Mon-Sat","$2.50 HR","","",""
"Downtown","Little Italy","2400 INDIA ST","N-2406","32.729958000","-117.171078000","57004","Downtown MK5 - 2 Hour Max $2.50 HR, 8am-8pm, Mon-Sat, Prepay, NFC","8am","8pm","2 hour","Mon-Sat","$2.50 HR","","",""
"Downtown","Little Italy","1400 COLUMBIA ST","CL-1415","32.720333000","-117.167316000","57004","Downtown MK5 - 2 Hour Max $2.50 HR, 8am-8pm, Mon-Sat, Prepay, NFC","8am","8pm","2 hour","Mon-Sat","$2.50 HR","","",""
"Downtown","Little Italy","1400 COLUMBIA ST","CL-1417","32.720465000","-117.167316000","57004","Downtown MK5 - 2 Hour Max $2.50 HR, 8am-8pm, Mon-Sat, Prepay, NFC","8am","8pm","2 hour","Mon-Sat","$2.50 HR","","",""
"Downtown","Little Italy","1400 COLUMBIA ST","CL-1419","32.720596000","-117.167315000","57004","Downtown MK5 - 2 Hour Max $2.50 HR, 8am-8pm, Mon-Sat, Prepay, NFC","8am","8pm","2 hour","Mon-Sat","$2.50 HR","","",""
"Downtown","Little Italy","1500 COLUMBIA ST","CL-1502","32.721040000","-117.167496000","57004","Downtown MK5 - 2 Hour Max $2.50 HR, 8am-8pm, Mon-Sat, Prepay, NFC","8am","8pm","2 hour","Mon-Sat","$2.50 HR","","",""
"Downtown","Little Italy","1500 COLUMBIA ST","CL-1504","32.721193000","-117.167495000","57004","Downtown MK5 - 2 Hour Max $2.50 HR, 8am-8pm, Mon-Sat, Prepay, NFC","8am","8pm","2 hour","Mon-Sat","$2.50 HR","","",""
"Downtown","Little Italy","1500 COLUMBIA ST","CL-1512","32.721555000","-117.167493000","57004","Downtown MK5 - 2 Hour Max $2.50 HR, 8am-8pm, Mon-Sat, Prepay, NFC","8am","8pm","2 hour","Mon-Sat","$2.50 HR","","",""
"Downtown","Little Italy","1500 COLUMBIA ST","CL-1500E","32.720875000","-117.167374000","13180","Downtown MS1 PPD - 2 Hour Max $2.50 HR 8am-8pm Mon-Sat (NFC)","8am","8pm","2 hour","Mon-Sat","$2.50 HR","","",""
"Downtown","Little Italy","1600 COLUMBIA ST","CL-1625","32.722873000","-117.167307000","16519","2 Hour Max $2.50 HR 8am-6pm Mon-Sat (NFC)","8am","6pm","2 hour","Mon-Sat","$2.50 HR","","",""
"Downtown","Little Italy","1600 COLUMBIA ST","CL-1601","32.722076000","-117.167300000","57004","Downtown MK5 - 2 Hour Max $2.50 HR, 8am-8pm, Mon-Sat, Prepay, NFC","8am","8pm","2 hour","Mon-Sat","$2.50 HR","","",""
"Downtown","Little Italy","1600 COLUMBIA ST","CL-1607","32.722177000","-117.167309000","57004","Downtown MK5 - 2 Hour Max $2.50 HR, 8am-8pm, Mon-Sat, Prepay, NFC","8am","8pm","2 hour","Mon-Sat","$2.50 HR","","",""
"Downtown","Little Italy","1600 COLUMBIA ST","CL-1609","32.722254000","-117.167309000","57004","Downtown MK5 - 2 Hour Max $2.50 HR, 8am-8pm, Mon-Sat, Prepay, NFC","8am","8pm","2 hour","Mon-Sat","$2.50 HR","","",""
"Downtown","Little Italy","1600 COLUMBIA ST","CL-1611","32.722351000","-117.167308000","57004","Downtown MK5 - 2 Hour Max $2.50 HR, 8am-8pm, Mon-Sat, Prepay, NFC","8am","8pm","2 hour","Mon-Sat","$2.50 HR","","",""
"Downtown","Little Italy","1600 COLUMBIA ST","CL-1613","32.722428000","-117.167308000","57004","Downtown MK5 - 2 Hour Max $2.50 HR, 8am-8pm, Mon-Sat, Prepay, NFC","8am","8pm","2 hour","Mon-Sat","$2.50 HR","","",""
"Downtown","Little Italy","1600 COLUMBIA ST","CL-1617","32.722525000","-117.167308000","57004","Downtown MK5 - 2 Hour Max $2.50 HR, 8am-8pm, Mon-Sat, Prepay, NFC","8am","8pm","2 hour","Mon-Sat","$2.50 HR","","",""
"Downtown","Little Italy","1600 COLUMBIA ST","CL-1619","32.722602000","-117.167308000","57004","Downtown MK5 - 2 Hour Max $2.50 HR, 8am-8pm, Mon-Sat, Prepay, NFC","8am","8pm","2 hour","Mon-Sat","$2.50 HR","","",""
"Downtown","Little Italy","1600 COLUMBIA ST","CL-1621","32.722699000","-117.167308000","57004","Downtown MK5 - 2 Hour Max $2.50 HR, 8am-8pm, Mon-Sat, Prepay, NFC","8am","8pm","2 hour","Mon-Sat","$2.50 HR","","",""
"Downtown","Little Italy","1600 COLUMBIA ST","CL-1623","32.722776000","-117.167308000","57004","Downtown MK5 - 2 Hour Max $2.50 HR, 8am-8pm, Mon-Sat, Prepay, NFC","8am","8pm","2 hour","Mon-Sat","$2.50 HR","","",""
"Downtown","Little Italy","1600 FRONT ST","FR-1618","32.722202000","-117.164875000","57004","Downtown MK5 - 2 Hour Max $2.50 HR, 8am-8pm, Mon-Sat, Prepay, NFC","8am","8pm","2 hour","Mon-Sat","$2.50 HR","","",""
"Downtown","Little Italy","1600 FRONT ST","FR-1620","32.722394000","-117.164878000","57004","Downtown MK5 - 2 Hour Max $2.50 HR, 8am-8pm, Mon-Sat, Prepay, NFC","8am","8pm","2 hour","Mon-Sat","$2.50 HR","","",""
"Downtown","Little Italy","1600 FRONT ST","FR-1622","32.722586000","-117.164881000","57004","Downtown MK5 - 2 Hour Max $2.50 HR, 8am-8pm, Mon-Sat, Prepay, NFC","8am","8pm","2 hour","Mon-Sat","$2.50 HR","","",""
"Downtown","Little Italy","1600 FRONT ST","FR-1624","32.722777000","-117.164884000","57004","Downtown MK5 - 2 Hour Max $2.50 HR, 8am-8pm, Mon-Sat, Prepay, NFC","8am","8pm","2 hour","Mon-Sat","$2.50 HR","","",""
"Downtown","Little Italy","1400 KETTNER BLVD","KT-1401","32.720047000","-117.169095000","57004","Downtown MK5 - 2 Hour Max $2.50 HR, 8am-8pm, Mon-Sat, Prepay, NFC","8am","8pm","2 hour","Mon-Sat","$2.50 HR","","",""
"Downtown","Little Italy","1400 KETTNER BLVD","KT-1403","32.720182000","-117.169094000","57004","Downtown MK5 - 2 Hour Max $2.50 HR, 8am-8pm, Mon-Sat, Prepay, NFC","8am","8pm","2 hour","Mon-Sat","$2.50 HR","","",""
"Downtown","Little Italy","1400 KETTNER BLVD","KT-1405","32.720316000","-117.169094000","57004","Downtown MK5 - 2 Hour Max $2.50 HR, 8am-8pm, Mon-Sat, Prepay, NFC","8am","8pm","2 hour","Mon-Sat","$2.50 HR","","",""
"Downtown","Little Italy","1400 KETTNER BLVD","KT-1413","32.720451000","-117.169093000","57004","Downtown MK5 - 2 Hour Max $2.50 HR, 8am-8pm, Mon-Sat, Prepay, NFC","8am","8pm","2 hour","Mon-Sat","$2.50 HR","","",""
"Downtown","Little Italy","1400 KETTNER BLVD","KT-1415","32.720585000","-117.169092000","57004","Downtown MK5 - 2 Hour Max $2.50 HR, 8am-8pm, Mon-Sat, Prepay, NFC","8am","8pm","2 hour","Mon-Sat","$2.50 HR","","",""
"Downtown","Little Italy","1400 KETTNER BLVD","KT-1417","32.720719000","-117.169091000","57004","Downtown MK5 - 2 Hour Max $2.50 HR, 8am-8pm, Mon-Sat, Prepay, NFC","8am","8pm","2 hour","Mon-Sat","$2.50 HR","","",""
"Downtown","Little Italy","1400 KETTNER BLVD","KT-1407","32.720273000","-117.168806000","56999","Downtown MK5 – 15 Min Max $2.50 HR, 8am-8pm, Mon-Sat, Prepay, NFC, (Sensor Courtesy)","8am","8pm","15 min","Mon-Sat","$2.50 HR","","",""
"Downtown","Little Italy","1700 KETTNER BLVD","KT-1738","32.723718000","-117.169379000","57001","Downtown MK5 – 30 Min Max $2.50 HR, 8am-8pm, Mon-Sat, Prepay, NFC, (Sensor Courtesy)","8am","8pm","30 min","Mon-Sat","$2.50 HR","","",""
"Downtown","Little Italy","1700 KETTNER BLVD","KT-1740","32.723445000","-117.169348000","57001","Downtown MK5 – 30 Min Max $2.50 HR, 8am-8pm, Mon-Sat, Prepay, NFC, (Sensor Courtesy)","8am","8pm","30 min","Mon-Sat","$2.50 HR","","",""
"Downtown","Little Italy","1700 KETTNER BLVD","KT-1700W","32.723336000","-117.169256000","13180","Downtown MS1 PPD - 2 Hour Max $2.50 HR 8am-8pm Mon-Sat (NFC)","8am","8pm","2 hour","Mon-Sat","$2.50 HR","","",""
"Downtown","Little Italy","1700 KETTNER BLVD","KT-1705","32.723076000","-117.169096000","57004","Downtown MK5 - 2 Hour Max $2.50 HR, 8am-8pm, Mon-Sat, Prepay, NFC","8am","8pm","2 hour","Mon-Sat","$2.50 HR","","",""
"Downtown","Little Italy","1700 KETTNER BLVD","KT-1709","32.723174000","-117.169108000","57004","Downtown MK5 - 2 Hour Max $2.50 HR, 8am-8pm, Mon-Sat, Prepay, NFC","8am","8pm","2 hour","Mon-Sat","$2.50 HR","","",""
"Downtown","Little Italy","1700 KETTNER BLVD","KT-1719","32.723333000","-117.169140000","57004","Downtown MK5 - 2 Hour Max $2.50 HR, 8am-8pm, Mon-Sat, Prepay, NFC","8am","8pm","2 hour","Mon-Sat","$2.50 HR","","",""
"Downtown","Little Italy","1900 KETTNER BLVD","KT-1908","32.724431000","-117.169631000","57004","Downtown MK5 - 2 Hour Max $2.50 HR, 8am-8pm, Mon-Sat, Prepay, NFC","8am","8pm","2 hour","Mon-Sat","$2.50 HR","","",""
"Downtown","Little Italy","1900 KETTNER BLVD","KT-1909","32.724613000","-117.169524000","57004","Downtown MK5 - 2 Hour Max $2.50 HR, 8am-8pm, Mon-Sat, Prepay, NFC","8am","8pm","2 hour","Mon-Sat","$2.50 HR","","",""
"Downtown","Little Italy","1900 KETTNER BLVD","KT-1910","32.724480000","-117.169630000","57004","Downtown MK5 - 2 Hour Max $2.50 HR, 8am-8pm, Mon-Sat, Prepay, NFC","8am","8pm","2 hour","Mon-Sat","$2.50 HR","","",""
"Downtown","Little Italy","1900 KETTNER BLVD","KT-1912","32.724485000","-117.169658000","57004","Downtown MK5 - 2 Hour Max $2.50 HR, 8am-8pm, Mon-Sat, Prepay, NFC","8am","8pm","2 hour","Mon-Sat","$2.50 HR","","",""
"Downtown","Little Italy","1900 KETTNER BLVD","KT-1914","32.724485000","-117.169658000","57004","Downtown MK5 - 2 Hour Max $2.50 HR, 8am-8pm, Mon-Sat, Prepay, NFC","8am","8pm","2 hour","Mon-Sat","$2.50 HR","","",""
"Downtown","Little Italy","1900 KETTNER BLVD","KT-1916","32.724717000","-117.169626000","57004","Downtown MK5 - 2 Hour Max $2.50 HR, 8am-8pm, Mon-Sat, Prepay, NFC","8am","8pm","2 hour","Mon-Sat","$2.50 HR","","",""
"Downtown","Little Italy","1900 KETTNER BLVD","KT-1904","32.724363000","-117.169601000","16518","2 Hour Max $2.50 HR 8am-5pm Mon-Sat, No Parking 5pm-2am, 3 Min Passenger Loading (NFC)","8am","5pm","2 hour","Mon-Sat","$2.50 HR","","","Y"
"Downtown","Little Italy","1900 KETTNER BLVD","KT-1906","32.724382000","-117.169601000","16518","2 Hour Max $2.50 HR 8am-5pm Mon-Sat, No Parking 5pm-2am, 3 Min Passenger Loading (NFC)","8am","5pm","2 hour","Mon-Sat","$2.50 HR","","","Y"
"Downtown","Little Italy","1900 KETTNER BLVD","KT-1918","32.724552000","-117.169777000","56999","Downtown MK5 – 15 Min Max $2.50 HR, 8am-8pm, Mon-Sat, Prepay, NFC, (Sensor Courtesy)","8am","8pm","15 min","Mon-Sat","$2.50 HR","","",""
"Downtown","Little Italy","1900 KETTNER BLVD","KT-1920","32.724575000","-117.169770000","56999","Downtown MK5 – 15 Min Max $2.50 HR, 8am-8pm, Mon-Sat, Prepay, NFC, (Sensor Courtesy)","8am","8pm","15 min","Mon-Sat","$2.50 HR","","",""
"Downtown","Little Italy","2000 KETTNER BLVD","KT-2017","32.725991000","-117.170124000","57004","Downtown MK5 - 2 Hour Max $2.50 HR, 8am-8pm, Mon-Sat, Prepay, NFC","8am","8pm","2 hour","Mon-Sat","$2.50 HR","","",""
"Downtown","Little Italy","2000 KETTNER BLVD","KT-2003","32.725540000","-117.169928000","57004","Downtown MK5 - 2 Hour Max $2.50 HR, 8am-8pm, Mon-Sat, Prepay, NFC","8am","8pm","2 hour","Mon-Sat","$2.50 HR","","",""
"Downtown","Little Italy","2000 KETTNER BLVD","KT-2004","32.725613000","-117.170153000","57004","Downtown MK5 - 2 Hour Max $2.50 HR, 8am-8pm, Mon-Sat, Prepay, NFC","8am","8pm","2 hour","Mon-Sat","$2.50 HR","","",""
"Downtown","Little Italy","2000 KETTNER BLVD","KT-2006","32.725722000","-117.170200000","57004","Downtown MK5 - 2 Hour Max $2.50 HR, 8am-8pm, Mon-Sat, Prepay, NFC","8am","8pm","2 hour","Mon-Sat","$2.50 HR","","",""
"Downtown","Little Italy","2000 KETTNER BLVD","KT-2015","32.725883000","-117.170077000","57004","Downtown MK5 - 2 Hour Max $2.50 HR, 8am-8pm, Mon-Sat, Prepay, NFC","8am","8pm","2 hour","Mon-Sat","$2.50 HR","","",""
"Downtown","Little Italy","2100 KETTNER BLVD","KT-2101","32.726185000","-117.170323000","57004","Downtown MK5 - 2 Hour Max $2.50 HR, 8am-8pm, Mon-Sat, Prepay, NFC","8am","8pm","2 hour","Mon-Sat","$2.50 HR","","",""
"Downtown","Little Italy","2100 KETTNER BLVD","KT-2100","32.726376000","-117.170426000","56998","Downtown MK5 - 1 Hour Max $2.50 HR, 8am-8pm, Mon-Sat, Prepay, NFC","8am","8pm","1 hour","Mon-Sat","$2.50 HR","","",""
"Downtown","Little Italy","2100 KETTNER BLVD","KT-2109","32.726683000","-117.170358000","56999","Downtown MK5 – 15 Min Max $2.50 HR, 8am-8pm, Mon-Sat, Prepay, NFC, (Sensor Courtesy)","8am","8pm","15 min","Mon-Sat","$2.50 HR","","",""
"Downtown","Little Italy","2100 KETTNER BLVD","KT-2119","32.726917000","-117.170477000","57004","Downtown MK5 - 2 Hour Max $2.50 HR, 8am-8pm, Mon-Sat, Prepay, NFC","8am","8pm","2 hour","Mon-Sat","$2.50 HR","","",""
"Downtown","Little Italy","2100 KETTNER BLVD","KT-2103","32.726363000","-117.170367000","57004","Downtown MK5 - 2 Hour Max $2.50 HR, 8am-8pm, Mon-Sat, Prepay, NFC","8am","8pm","2 hour","Mon-Sat","$2.50 HR","","",""
"Downtown","Little Italy","2100 KETTNER BLVD","KT-2115","32.726869000","-117.170416000","57004","Downtown MK5 - 2 Hour Max $2.50 HR, 8am-8pm, Mon-Sat, Prepay, NFC","8am","8pm","2 hour","Mon-Sat","$2.50 HR","","",""
"Downtown","Little Italy","2100 KETTNER BLVD","KT-2117","32.726868000","-117.170442000","57004","Downtown MK5 - 2 Hour Max $2.50 HR, 8am-8pm, Mon-Sat, Prepay, NFC","8am","8pm","2 hour","Mon-Sat","$2.50 HR","","",""
"Downtown","Little Italy","2100 KETTNER BLVD","KT-2113","32.726774000","-117.170391000","57004","Downtown MK5 - 2 Hour Max $2.50 HR, 8am-8pm, Mon-Sat, Prepay, NFC","8am","8pm","2 hour","Mon-Sat","$2.50 HR","","",""
"Downtown","Little Italy","2100 KETTNER BLVD","KT-2100W","32.726917000","-117.170530000","43392","Downtown MS1 PPD - 1 Hour Max $2.50 HR 8am-8pm Mon-Sat (NFC)","8am","8pm","1 hour","Mon-Sat","$2.50 HR","","",""
"Downtown","Little Italy","1400 INDIA ST","N-1400","32.719999000","-117.168442000","16519","2 Hour Max $2.50 HR 8am-6pm Mon-Sat (NFC)","8am","6pm","2 hour","Mon-Sat","$2.50 HR","","",""
"Downtown","Little Italy","1400 INDIA ST","N-1402","32.720085000","-117.168390000","16519","2 Hour Max $2.50 HR 8am-6pm Mon-Sat (NFC)","8am","6pm","2 hour","Mon-Sat","$2.50 HR","","",""
"Downtown","Little Italy","1400 INDIA ST","N-1404","32.720065000","-117.168395000","16519","2 Hour Max $2.50 HR 8am-6pm Mon-Sat (NFC)","8am","6pm","2 hour","Mon-Sat","$2.50 HR","","",""
"Downtown","Little Italy","1400 INDIA ST","N-1416","32.720539000","-117.168337000","57004","Downtown MK5 - 2 Hour Max $2.50 HR, 8am-8pm, Mon-Sat, Prepay, NFC","8am","8pm","2 hour","Mon-Sat","$2.50 HR","","",""
"Downtown","Little Italy","1400 INDIA ST","N-1418","32.720541000","-117.168335000","57004","Downtown MK5 - 2 Hour Max $2.50 HR, 8am-8pm, Mon-Sat, Prepay, NFC","8am","8pm","2 hour","Mon-Sat","$2.50 HR","","",""
"Downtown","Little Italy","1500 INDIA ST","N-1530","32.721764000","-117.168444000","16518","2 Hour Max $2.50 HR 8am-5pm Mon-Sat, No Parking 5pm-2am, 3 Min Passenger Loading (NFC)","8am","5pm","2 hour","Mon-Sat","$2.50 HR","","","Y"
"Downtown","Little Italy","1500 INDIA ST","N-1500E","32.721209000","-117.168327000","13180","Downtown MS1 PPD - 2 Hour Max $2.50 HR 8am-8pm Mon-Sat (NFC)","8am","8pm","2 hour","Mon-Sat","$2.50 HR","","",""
"Downtown","Little Italy","1500 INDIA ST","N-1523","32.721401000","-117.168451000","56999","Downtown MK5 – 15 Min Max $2.50 HR, 8am-8pm, Mon-Sat, Prepay, NFC, (Sensor Courtesy)","8am","8pm","15 min","Mon-Sat","$2.50 HR","","",""
"Downtown","Little Italy","1500 INDIA ST","N-1525","32.721483000","-117.168394000","56999","Downtown MK5 – 15 Min Max $2.50 HR, 8am-8pm, Mon-Sat, Prepay, NFC, (Sensor Courtesy)","8am","8pm","15 min","Mon-Sat","$2.50 HR","","",""
"Downtown","Little Italy","1600 INDIA ST","N-1600E","32.722482000","-117.168213000","13180","Downtown MS1 PPD - 2 Hour Max $2.50 HR 8am-8pm Mon-Sat (NFC)","8am","8pm","2 hour","Mon-Sat","$2.50 HR","","",""
"Downtown","Little Italy","1700 INDIA ST","N-1700E","32.723373000","-117.168265000","43869","MSPM 2 Hour Max $2.50 HR 8am-5pm Mon-Sat","8am","5pm","2 hour","Mon-Sat","$2.50 HR","","Y",""
"Downtown","Little Italy","1700 INDIA ST","N-1712","32.723635000","-117.168441000","56999","Downtown MK5 – 15 Min Max $2.50 HR, 8am-8pm, Mon-Sat, Prepay, NFC, (Sensor Courtesy)","8am","8pm","15 min","Mon-Sat","$2.50 HR","","",""
"Downtown","Little Italy","1700 INDIA ST","N-1714","32.723605000","-117.168443000","56999","Downtown MK5 – 15 Min Max $2.50 HR, 8am-8pm, Mon-Sat, Prepay, NFC, (Sensor Courtesy)","8am","8pm","15 min","Mon-Sat","$2.50 HR","","",""
"Downtown","Little Italy","1800 INDIA ST","N-1800W","32.724100000","-117.168513000","13180","Downtown MS1 PPD - 2 Hour Max $2.50 HR 8am-8pm Mon-Sat (NFC)","8am","8pm","2 hour","Mon-Sat","$2.50 HR","","",""
"Downtown","Little Italy","1900 INDIA ST","N-1900E","32.725071000","-117.168811000","13180","Downtown MS1 PPD - 2 Hour Max $2.50 HR 8am-8pm Mon-Sat (NFC)","8am","8pm","2 hour","Mon-Sat","$2.50 HR","","",""
"Downtown","Little Italy","1900 INDIA ST","N-1927","32.724715000","-117.168610000","57004","Downtown MK5 - 2 Hour Max $2.50 HR, 8am-8pm, Mon-Sat, Prepay, NFC","8am","8pm","2 hour","Mon-Sat","$2.50 HR","","",""
"Downtown","Little Italy","1900 INDIA ST","N-1929","32.724769000","-117.168634000","57004","Downtown MK5 - 2 Hour Max $2.50 HR, 8am-8pm, Mon-Sat, Prepay, NFC","8am","8pm","2 hour","Mon-Sat","$2.50 HR","","",""
"Downtown","Little Italy","2000 INDIA ST","N-2008","32.725567000","-117.169182000","57004","Downtown MK5 - 2 Hour Max $2.50 HR, 8am-8pm, Mon-Sat, Prepay, NFC","8am","8pm","2 hour","Mon-Sat","$2.50 HR","","",""
"Downtown","Little Italy","2000 INDIA ST","N-2011","32.725765000","-117.169074000","57004","Downtown MK5 - 2 Hour Max $2.50 HR, 8am-8pm, Mon-Sat, Prepay, NFC","8am","8pm","2 hour","Mon-Sat","$2.50 HR","","",""
"Downtown","Little Italy","2000 INDIA ST","N-2015","32.725927000","-117.169144000","57004","Downtown MK5 - 2 Hour Max $2.50 HR, 8am-8pm, Mon-Sat, Prepay, NFC","8am","8pm","2 hour","Mon-Sat","$2.50 HR","","",""
"Downtown","Little Italy","2000 INDIA ST","N-2017","32.726071000","-117.169207000","57004","Downtown MK5 - 2 Hour Max $2.50 HR, 8am-8pm, Mon-Sat, Prepay, NFC","8am","8pm","2 hour","Mon-Sat","$2.50 HR","","",""
"Downtown","Little Italy","2000 INDIA ST","N-2000","32.725534000","-117.169250000","57004","Downtown MK5 - 2 Hour Max $2.50 HR, 8am-8pm, Mon-Sat, Prepay, NFC","8am","8pm","2 hour","Mon-Sat","$2.50 HR","","",""
"Downtown","Little Italy","2000 INDIA ST","N-2002","32.726200000","-117.169399000","16520","15 Min Max 8am-6pm Mon-Sat (Sensor Courtesy)","8am","6pm","15 min","Mon-Sat","","","",""
"Downtown","Little Italy","2000 INDIA ST","N-2004","32.726200000","-117.169399000","16520","15 Min Max 8am-6pm Mon-Sat (Sensor Courtesy)","8am","6pm","15 min","Mon-Sat","","","",""
"Downtown","Little Italy","2000 INDIA ST","N-2001","32.725683000","-117.169127000","57001","Downtown MK5 – 30 Min Max $2.50 HR, 8am-8pm, Mon-Sat, Prepay, NFC, (Sensor Courtesy)","8am","8pm","30 min","Mon-Sat","$2.50 HR","","",""
"Downtown","Little Italy","2100 INDIA ST","N-2100E","32.727059000","-117.169637000","13180","Downtown MS1 PPD - 2 Hour Max $2.50 HR 8am-8pm Mon-Sat (NFC)","8am","8pm","2 hour","Mon-Sat","$2.50 HR","","",""
"Downtown","Little Italy","2100 INDIA ST","N-2102","32.726658000","-117.169696000","57004","Downtown MK5 - 2 Hour Max $2.50 HR, 8am-8pm, Mon-Sat, Prepay, NFC","8am","8pm","2 hour","Mon-Sat","$2.50 HR","","",""
"Downtown","Little Italy","2100 INDIA ST","N-2110","32.726461000","-117.169570000","57004","Downtown MK5 - 2 Hour Max $2.50 HR, 8am-8pm, Mon-Sat, Prepay, NFC","8am","8pm","2 hour","Mon-Sat","$2.50 HR","","",""
"Downtown","Little Italy","2100 INDIA ST","N-2112","32.726534000","-117.169602000","57004","Downtown MK5 - 2 Hour Max $2.50 HR, 8am-8pm, Mon-Sat, Prepay, NFC","8am","8pm","2 hour","Mon-Sat","$2.50 HR","","",""
"Downtown","Little Italy","2100 INDIA ST","N-2120","32.726589000","-117.169627000","57004","Downtown MK5 - 2 Hour Max $2.50 HR, 8am-8pm, Mon-Sat, Prepay, NFC","8am","8pm","2 hour","Mon-Sat","$2.50 HR","","",""
"Downtown","Little Italy","2100 INDIA ST","N-2122","32.727192000","-117.169821000","57004","Downtown MK5 - 2 Hour Max $2.50 HR, 8am-8pm, Mon-Sat, Prepay, NFC","8am","8pm","2 hour","Mon-Sat","$2.50 HR","","",""
"Downtown","Little Italy","2100 INDIA ST","N-2124","32.726644000","-117.169651000","57004","Downtown MK5 - 2 Hour Max $2.50 HR, 8am-8pm, Mon-Sat, Prepay, NFC","8am","8pm","2 hour","Mon-Sat","$2.50 HR","","",""
"Downtown","Little Italy","2200 INDIA ST","N-2202","32.727453000","-117.170005000","57004","Downtown MK5 - 2 Hour Max $2.50 HR, 8am-8pm, Mon-Sat, Prepay, NFC","8am","8pm","2 hour","Mon-Sat","$2.50 HR","","",""
"Downtown","Little Italy","2200 INDIA ST","N-2200E","32.727926000","-117.170086000","13180","Downtown MS1 PPD - 2 Hour Max $2.50 HR 8am-8pm Mon-Sat (NFC)","8am","8pm","2 hour","Mon-Sat","$2.50 HR","","",""
"Downtown","Little Italy","2300 INDIA ST","N-2328","32.729095000","-117.170725000","57001","Downtown MK5 – 30 Min Max $2.50 HR, 8am-8pm, Mon-Sat, Prepay, NFC, (Sensor Courtesy)","8am","8pm","30 min","Mon-Sat","$2.50 HR","","",""
"Downtown","Little Italy","2300 INDIA ST","N-2343","32.729204000","-117.170579000","57001","Downtown MK5 – 30 Min Max $2.50 HR, 8am-8pm, Mon-Sat, Prepay, NFC, (Sensor Courtesy)","8am","8pm","30 min","Mon-Sat","$2.50 HR","","",""
"Downtown","Little Italy","2300 INDIA ST","N-2345","32.729260000","-117.170603000","57001","Downtown MK5 – 30 Min Max $2.50 HR, 8am-8pm, Mon-Sat, Prepay, NFC, (Sensor Courtesy)","8am","8pm","30 min","Mon-Sat","$2.50 HR","","",""
"Downtown","Little Italy","2300 INDIA ST","N-2326","32.728966000","-117.170668000","57001","Downtown MK5 – 30 Min Max $2.50 HR, 8am-8pm, Mon-Sat, Prepay, NFC, (Sensor Courtesy)","8am","8pm","30 min","Mon-Sat","$2.50 HR","","",""
"Downtown","Little Italy","2300 INDIA ST","N-2309","32.728650000","-117.170335000","57001","Downtown MK5 – 30 Min Max $2.50 HR, 8am-8pm, Mon-Sat, Prepay, NFC, (Sensor Courtesy)","8am","8pm","30 min","Mon-Sat","$2.50 HR","","",""
"Downtown","Little Italy","2300 INDIA ST","N-2311","32.728706000","-117.170359000","57001","Downtown MK5 – 30 Min Max $2.50 HR, 8am-8pm, Mon-Sat, Prepay, NFC, (Sensor Courtesy)","8am","8pm","30 min","Mon-Sat","$2.50 HR","","",""
"Downtown","Little Italy","2300 INDIA ST","N-2303","32.728466000","-117.170254000","57004","Downtown MK5 - 2 Hour Max $2.50 HR, 8am-8pm, Mon-Sat, Prepay, NFC","8am","8pm","2 hour","Mon-Sat","$2.50 HR","","",""
"Downtown","Little Italy","2300 INDIA ST","N-2305","32.728521000","-117.170278000","57004","Downtown MK5 - 2 Hour Max $2.50 HR, 8am-8pm, Mon-Sat, Prepay, NFC","8am","8pm","2 hour","Mon-Sat","$2.50 HR","","",""
"Downtown","Little Italy","2300 INDIA ST","N-2307","32.728595000","-117.170311000","57004","Downtown MK5 - 2 Hour Max $2.50 HR, 8am-8pm, Mon-Sat, Prepay, NFC","8am","8pm","2 hour","Mon-Sat","$2.50 HR","","",""
"Downtown","Little Italy","2300 INDIA ST","N-2318","32.728726000","-117.170563000","57004","Downtown MK5 - 2 Hour Max $2.50 HR, 8am-8pm, Mon-Sat, Prepay, NFC","8am","8pm","2 hour","Mon-Sat","$2.50 HR","","",""
"Downtown","Little Italy","2300 INDIA ST","N-2322","32.728781000","-117.170587000","57004","Downtown MK5 - 2 Hour Max $2.50 HR, 8am-8pm, Mon-Sat, Prepay, NFC","8am","8pm","2 hour","Mon-Sat","$2.50 HR","","",""
"Downtown","Little Italy","2300 INDIA ST","N-2323","32.728890000","-117.170441000","57004","Downtown MK5 - 2 Hour Max $2.50 HR, 8am-8pm, Mon-Sat, Prepay, NFC","8am","8pm","2 hour","Mon-Sat","$2.50 HR","","",""
"Downtown","Little Italy","2300 INDIA ST","N-2325","32.728964000","-117.170473000","57004","Downtown MK5 - 2 Hour Max $2.50 HR, 8am-8pm, Mon-Sat, Prepay, NFC","8am","8pm","2 hour","Mon-Sat","$2.50 HR","","",""
"Downtown","Little Italy","2300 INDIA ST","N-2327","32.729075000","-117.170522000","57004","Downtown MK5 - 2 Hour Max $2.50 HR, 8am-8pm, Mon-Sat, Prepay, NFC","8am","8pm","2 hour","Mon-Sat","$2.50 HR","","",""
"Downtown","Little Italy","1700 PACIFIC HIGHWAY","P-1700W","32.723352566","-117.171492130","13180","Downtown MS1 PPD - 2 Hour Max $2.50 HR 8am-8pm Mon-Sat (NFC)","8am","8pm","2 hour","Mon-Sat","$2.50 HR","","",""
"Downtown","Little Italy","1400 STATE ST","ST-1405","32.720241000","-117.166409000","57004","Downtown MK5 - 2 Hour Max $2.50 HR, 8am-8pm, Mon-Sat, Prepay, NFC","8am","8pm","2 hour","Mon-Sat","$2.50 HR","","",""
"Downtown","Little Italy","1400 STATE ST","ST-1407","32.720411000","-117.166409000","57004","Downtown MK5 - 2 Hour Max $2.50 HR, 8am-8pm, Mon-Sat, Prepay, NFC","8am","8pm","2 hour","Mon-Sat","$2.50 HR","","",""
"Downtown","Little Italy","1400 STATE ST","ST-1400W","32.720442000","-117.166323000","13180","Downtown MS1 PPD - 2 Hour Max $2.50 HR 8am-8pm Mon-Sat (NFC)","8am","8pm","2 hour","Mon-Sat","$2.50 HR","","",""
"Downtown","Little Italy","1500 STATE ST","ST-1500","32.721101000","-117.166590000","57006","Downtown MK5 - 4 Hour Max $2.50 HR, 8am-8pm, Mon-Sat, Prepay, NFC","8am","8pm","4 hour","Mon-Sat","$2.50 HR","","",""
"Downtown","Little Italy","1500 STATE ST","ST-1502","32.721235000","-117.166590000","57006","Downtown MK5 - 4 Hour Max $2.50 HR, 8am-8pm, Mon-Sat, Prepay, NFC","8am","8pm","4 hour","Mon-Sat","$2.50 HR","","",""
"Downtown","Little Italy","1500 STATE ST","ST-1504","32.721368000","-117.166590000","57006","Downtown MK5 - 4 Hour Max $2.50 HR, 8am-8pm, Mon-Sat, Prepay, NFC","8am","8pm","4 hour","Mon-Sat","$2.50 HR","","",""
"Downtown","Little Italy","1500 STATE ST","ST-1506","32.721521000","-117.166590000","57006","Downtown MK5 - 4 Hour Max $2.50 HR, 8am-8pm, Mon-Sat, Prepay, NFC","8am","8pm","4 hour","Mon-Sat","$2.50 HR","","",""
"Downtown","Little Italy","1500 STATE ST","ST-1510","32.721654000","-117.166590000","57006","Downtown MK5 - 4 Hour Max $2.50 HR, 8am-8pm, Mon-Sat, Prepay, NFC","8am","8pm","4 hour","Mon-Sat","$2.50 HR","","",""
"Downtown","Little Italy","1500 STATE ST","ST-1512","32.721788000","-117.166590000","57006","Downtown MK5 - 4 Hour Max $2.50 HR, 8am-8pm, Mon-Sat, Prepay, NFC","8am","8pm","4 hour","Mon-Sat","$2.50 HR","","",""
"Downtown","Little Italy","1600 STATE ST","ST-1602","32.722639000","-117.166596000","57004","Downtown MK5 - 2 Hour Max $2.50 HR, 8am-8pm, Mon-Sat, Prepay, NFC","8am","8pm","2 hour","Mon-Sat","$2.50 HR","","",""
"Downtown","Little Italy","1400 UNION ST","U-1405","32.720112148","-117.165576182","57004","Downtown MK5 - 2 Hour Max $2.50 HR, 8am-8pm, Mon-Sat, Prepay, NFC","8am","8pm","2 hour","Mon-Sat","$2.50 HR","","",""
"Downtown","Little Italy","1400 UNION ST","U-1407","32.720227517","-117.165574505","57004","Downtown MK5 - 2 Hour Max $2.50 HR, 8am-8pm, Mon-Sat, Prepay, NFC","8am","8pm","2 hour","Mon-Sat","$2.50 HR","","",""
"Downtown","Little Italy","1400 UNION ST","U-1416","32.720470000","-117.165705000","57004","Downtown MK5 - 2 Hour Max $2.50 HR, 8am-8pm, Mon-Sat, Prepay, NFC","8am","8pm","2 hour","Mon-Sat","$2.50 HR","","",""
"Downtown","Little Italy","1400 UNION ST","U-1418","32.720564000","-117.165706000","57004","Downtown MK5 - 2 Hour Max $2.50 HR, 8am-8pm, Mon-Sat, Prepay, NFC","8am","8pm","2 hour","Mon-Sat","$2.50 HR","","",""
"Downtown","Little Italy","1400 UNION ST","U-1420","32.720678000","-117.165707000","57004","Downtown MK5 - 2 Hour Max $2.50 HR, 8am-8pm, Mon-Sat, Prepay, NFC","8am","8pm","2 hour","Mon-Sat","$2.50 HR","","",""
"Downtown","Little Italy","1400 UNION ST","U-1427","32.720774000","-117.165525000","57004","Downtown MK5 - 2 Hour Max $2.50 HR, 8am-8pm, Mon-Sat, Prepay, NFC","8am","8pm","2 hour","Mon-Sat","$2.50 HR","","",""
"Downtown","Little Italy","1400 UNION ST","U-1425","32.720774000","-117.165525000","57004","Downtown MK5 - 2 Hour Max $2.50 HR, 8am-8pm, Mon-Sat, Prepay, NFC","8am","8pm","2 hour","Mon-Sat","$2.50 HR","","",""
"Downtown","Little Italy","1400 UNION ST","U-1424","32.720590000","-117.165807000","57001","Downtown MK5 – 30 Min Max $2.50 HR, 8am-8pm, Mon-Sat, Prepay, NFC, (Sensor Courtesy)","8am","8pm","30 min","Mon-Sat","$2.50 HR","","",""
"Downtown","Little Italy","1400 UNION ST","U-1408","32.720292000","-117.165633000","57004","Downtown MK5 - 2 Hour Max $2.50 HR, 8am-8pm, Mon-Sat, Prepay, NFC","8am","8pm","2 hour","Mon-Sat","$2.50 HR","","",""
"Downtown","Little Italy","1600 UNION ST","U-1619","32.722240000","-117.165536000","57004","Downtown MK5 - 2 Hour Max $2.50 HR, 8am-8pm, Mon-Sat, Prepay, NFC","8am","8pm","2 hour","Mon-Sat","$2.50 HR","","",""
"Downtown","Little Italy","1600 UNION ST","U-1621","32.722488000","-117.165538000","57004","Downtown MK5 - 2 Hour Max $2.50 HR, 8am-8pm, Mon-Sat, Prepay, NFC","8am","8pm","2 hour","Mon-Sat","$2.50 HR","","",""
"Downtown","Little Italy","1600 UNION ST","U-1623","32.722718000","-117.165539000","57004","Downtown MK5 - 2 Hour Max $2.50 HR, 8am-8pm, Mon-Sat, Prepay, NFC","8am","8pm","2 hour","Mon-Sat","$2.50 HR","","",""
"Downtown","Little Italy","100 WEST ASH ST","WAH-116","32.719975000","-117.163534000","57004","Downtown MK5 - 2 Hour Max $2.50 HR, 8am-8pm, Mon-Sat, Prepay, NFC","8am","8pm","2 hour","Mon-Sat","$2.50 HR","","",""
"Downtown","Little Italy","200 WEST ASH ST","WAH-200N","32.719903000","-117.165766000","13180","Downtown MS1 PPD - 2 Hour Max $2.50 HR 8am-8pm Mon-Sat (NFC)","8am","8pm","2 hour","Mon-Sat","$2.50 HR","","",""
"Downtown","Little Italy","400 WEST ASH ST","WAH-400N","32.719852000","-117.167002000","13180","Downtown MS1 PPD - 2 Hour Max $2.50 HR 8am-8pm Mon-Sat (NFC)","8am","8pm","2 hour","Mon-Sat","$2.50 HR","","",""
"Downtown","Little Italy","500 WEST ASH ST","WAH-514","32.719977000","-117.159485000","56999","Downtown MK5 – 15 Min Max $2.50 HR, 8am-8pm, Mon-Sat, Prepay, NFC, (Sensor Courtesy)","8am","8pm","15 min","Mon-Sat","$2.50 HR","","",""
"Downtown","Little Italy","400 WEST BEECH ST","WBE-400S","32.720818000","-117.167054000","13180","Downtown MS1 PPD - 2 Hour Max $2.50 HR 8am-8pm Mon-Sat (NFC)","8am","8pm","2 hour","Mon-Sat","$2.50 HR","","",""
"Downtown","Little Italy","400 WEST BEECH ST","WBE-402","32.721016000","-117.160958000","57004","Downtown MK5 - 2 Hour Max $2.50 HR, 8am-8pm, Mon-Sat, Prepay, NFC","8am","8pm","2 hour","Mon-Sat","$2.50 HR","","",""
"Downtown","Little Italy","400 WEST BEECH ST","WBE-404","32.721016000","-117.160873000","57004","Downtown MK5 - 2 Hour Max $2.50 HR, 8am-8pm, Mon-Sat, Prepay, NFC","8am","8pm","2 hour","Mon-Sat","$2.50 HR","","",""
"Downtown","Little Italy","400 WEST BEECH ST","WBE-412","32.721017000","-117.160533000","57004","Downtown MK5 - 2 Hour Max $2.50 HR, 8am-8pm, Mon-Sat, Prepay, NFC","8am","8pm","2 hour","Mon-Sat","$2.50 HR","","",""
"Downtown","Little Italy","400 WEST BEECH ST","WBE-420","32.721017000","-117.160169000","57004","Downtown MK5 - 2 Hour Max $2.50 HR, 8am-8pm, Mon-Sat, Prepay, NFC","8am","8pm","2 hour","Mon-Sat","$2.50 HR","","",""
"Downtown","Little Italy","500 WEST BEECH ST","WBE-500S","32.720832847","-117.167886570","13180","Downtown MS1 PPD - 2 Hour Max $2.50 HR 8am-8pm Mon-Sat (NFC)","8am","8pm","2 hour","Mon-Sat","$2.50 HR","","",""
"Downtown","Little Italy","500 WEST BEECH ST","WBE-500N","32.720757000","-117.167687000","13180","Downtown MS1 PPD - 2 Hour Max $2.50 HR 8am-8pm Mon-Sat (NFC)","8am","8pm","2 hour","Mon-Sat","$2.50 HR","","",""
"Downtown","Little Italy","600 WEST BEECH ST","WBE-600","32.720930000","-117.168426000","57004","Downtown MK5 - 2 Hour Max $2.50 HR, 8am-8pm, Mon-Sat, Prepay, NFC","8am","8pm","2 hour","Mon-Sat","$2.50 HR","","",""
"Downtown","Little Italy","600 WEST BEECH ST","WBE-602","32.720930000","-117.168426000","57004","Downtown MK5 - 2 Hour Max $2.50 HR, 8am-8pm, Mon-Sat, Prepay, NFC","8am","8pm","2 hour","Mon-Sat","$2.50 HR","","",""
"Downtown","Little Italy","400 WEST CEDAR ST","WCE-406","32.722069000","-117.160986000","57004","Downtown MK5 - 2 Hour Max $2.50 HR, 8am-8pm, Mon-Sat, Prepay, NFC","8am","8pm","2 hour","Mon-Sat","$2.50 HR","","",""
"Downtown","Little Italy","400 WEST CEDAR ST","WCE-408","32.722069000","-117.160867000","57004","Downtown MK5 - 2 Hour Max $2.50 HR, 8am-8pm, Mon-Sat, Prepay, NFC","8am","8pm","2 hour","Mon-Sat","$2.50 HR","","",""
"Downtown","Little Italy","400 WEST CEDAR ST","WCE-410","32.722069000","-117.160748000","57004","Downtown MK5 - 2 Hour Max $2.50 HR, 8am-8pm, Mon-Sat, Prepay, NFC","8am","8pm","2 hour","Mon-Sat","$2.50 HR","","",""
"Downtown","Little Italy","400 WEST CEDAR ST","WCE-414","32.722069000","-117.160612000","57004","Downtown MK5 - 2 Hour Max $2.50 HR, 8am-8pm, Mon-Sat, Prepay, NFC","8am","8pm","2 hour","Mon-Sat","$2.50 HR","","",""
"Downtown","Little Italy","400 WEST CEDAR ST","WCE-416","32.722069000","-117.160492000","57004","Downtown MK5 - 2 Hour Max $2.50 HR, 8am-8pm, Mon-Sat, Prepay, NFC","8am","8pm","2 hour","Mon-Sat","$2.50 HR","","",""
"Downtown","Little Italy","200 WEST DATE ST","WDA-200","32.723080000","-117.164885000","57004","Downtown MK5 - 2 Hour Max $2.50 HR, 8am-8pm, Mon-Sat, Prepay, NFC","8am","8pm","2 hour","Mon-Sat","$2.50 HR","","",""
"Downtown","Little Italy","200 WEST DATE ST","WDA-201","32.722896000","-117.164980000","57004","Downtown MK5 - 2 Hour Max $2.50 HR, 8am-8pm, Mon-Sat, Prepay, NFC","8am","8pm","2 hour","Mon-Sat","$2.50 HR","","",""
"Downtown","Little Italy","200 WEST DATE ST","WDA-202","32.723080000","-117.164931000","57004","Downtown MK5 - 2 Hour Max $2.50 HR, 8am-8pm, Mon-Sat, Prepay, NFC","8am","8pm","2 hour","Mon-Sat","$2.50 HR","","",""
"Downtown","Little Italy","200 WEST DATE ST","WDA-203","32.722925000","-117.164961000","57004","Downtown MK5 - 2 Hour Max $2.50 HR, 8am-8pm, Mon-Sat, Prepay, NFC","8am","8pm","2 hour","Mon-Sat","$2.50 HR","","",""
"Downtown","Little Italy","200 WEST DATE ST","WDA-204","32.723079000","-117.165023000","57004","Downtown MK5 - 2 Hour Max $2.50 HR, 8am-8pm, Mon-Sat, Prepay, NFC","8am","8pm","2 hour","Mon-Sat","$2.50 HR","","",""
"Downtown","Little Italy","200 WEST DATE ST","WDA-205","32.722925000","-117.165053000","57004","Downtown MK5 - 2 Hour Max $2.50 HR, 8am-8pm, Mon-Sat, Prepay, NFC","8am","8pm","2 hour","Mon-Sat","$2.50 HR","","",""
"Downtown","Little Italy","200 WEST DATE ST","WDA-206","32.723079000","-117.165116000","57004","Downtown MK5 - 2 Hour Max $2.50 HR, 8am-8pm, Mon-Sat, Prepay, NFC","8am","8pm","2 hour","Mon-Sat","$2.50 HR","","",""
"Downtown","Little Italy","200 WEST DATE ST","WDA-207","32.722924000","-117.165145000","57004","Downtown MK5 - 2 Hour Max $2.50 HR, 8am-8pm, Mon-Sat, Prepay, NFC","8am","8pm","2 hour","Mon-Sat","$2.50 HR","","",""
"Downtown","Little Italy","200 WEST DATE ST","WDA-208","32.723078000","-117.165208000","57004","Downtown MK5 - 2 Hour Max $2.50 HR, 8am-8pm, Mon-Sat, Prepay, NFC","8am","8pm","2 hour","Mon-Sat","$2.50 HR","","",""
"Downtown","Little Italy","200 WEST DATE ST","WDA-210","32.723078000","-117.165238000","57004","Downtown MK5 - 2 Hour Max $2.50 HR, 8am-8pm, Mon-Sat, Prepay, NFC","8am","8pm","2 hour","Mon-Sat","$2.50 HR","","",""
"Downtown","Little Italy","200 WEST DATE ST","WDA-212","32.723078000","-117.165284000","57004","Downtown MK5 - 2 Hour Max $2.50 HR, 8am-8pm, Mon-Sat, Prepay, NFC","8am","8pm","2 hour","Mon-Sat","$2.50 HR","","",""
"Downtown","Little Italy","200 WEST DATE ST","WDA-214","32.723077000","-117.165330000","57004","Downtown MK5 - 2 Hour Max $2.50 HR, 8am-8pm, Mon-Sat, Prepay, NFC","8am","8pm","2 hour","Mon-Sat","$2.50 HR","","",""
"Downtown","Little Italy","200 WEST DATE ST","WDA-216","32.723077000","-117.165376000","57004","Downtown MK5 - 2 Hour Max $2.50 HR, 8am-8pm, Mon-Sat, Prepay, NFC","8am","8pm","2 hour","Mon-Sat","$2.50 HR","","",""
"Downtown","Little Italy","200 WEST DATE ST","WDA-218","32.723077000","-117.165422000","57004","Downtown MK5 - 2 Hour Max $2.50 HR, 8am-8pm, Mon-Sat, Prepay, NFC","8am","8pm","2 hour","Mon-Sat","$2.50 HR","","",""
"Downtown","Little Italy","200 WEST DATE ST","WDA-220","32.723077000","-117.165469000","57004","Downtown MK5 - 2 Hour Max $2.50 HR, 8am-8pm, Mon-Sat, Prepay, NFC","8am","8pm","2 hour","Mon-Sat","$2.50 HR","","",""
"Downtown","Little Italy","700 WEST DATE ST","WDA-703","32.722938212","-117.169511988","57004","Downtown MK5 - 2 Hour Max $2.50 HR, 8am-8pm, Mon-Sat, Prepay, NFC","8am","8pm","2 hour","Mon-Sat","$2.50 HR","","",""
"Downtown","Little Italy","700 WEST DATE ST","WDA-704","32.723037499","-117.169383913","57004","Downtown MK5 - 2 Hour Max $2.50 HR, 8am-8pm, Mon-Sat, Prepay, NFC","8am","8pm","2 hour","Mon-Sat","$2.50 HR","","",""
"Downtown","Little Italy","700 WEST DATE ST","WDA-701","32.722940186","-117.169350385","57004","Downtown MK5 - 2 Hour Max $2.50 HR, 8am-8pm, Mon-Sat, Prepay, NFC","8am","8pm","2 hour","Mon-Sat","$2.50 HR","","",""
"Downtown","Little Italy","700 WEST DATE ST","WDA-707","32.722932288","-117.169570662","57004","Downtown MK5 - 2 Hour Max $2.50 HR, 8am-8pm, Mon-Sat, Prepay, NFC","8am","8pm","2 hour","Mon-Sat","$2.50 HR","","",""
"Downtown","Little Italy","700 WEST DATE ST","WDA-708","32.723047371","-117.169593125","57004","Downtown MK5 - 2 Hour Max $2.50 HR, 8am-8pm, Mon-Sat, Prepay, NFC","8am","8pm","2 hour","Mon-Sat","$2.50 HR","","",""
"Downtown","Little Italy","700 WEST DATE ST","WDA-709","32.722930878","-117.169638387","57004","Downtown MK5 - 2 Hour Max $2.50 HR, 8am-8pm, Mon-Sat, Prepay, NFC","8am","8pm","2 hour","Mon-Sat","$2.50 HR","","",""
"Downtown","Little Italy","700 WEST DATE ST","WDA-710","32.723036088","-117.169653810","57004","Downtown MK5 - 2 Hour Max $2.50 HR, 8am-8pm, Mon-Sat, Prepay, NFC","8am","8pm","2 hour","Mon-Sat","$2.50 HR","","",""
"Downtown","Little Italy","700 WEST DATE ST","WDA-712","32.723050192","-117.169730924","57004","Downtown MK5 - 2 Hour Max $2.50 HR, 8am-8pm, Mon-Sat, Prepay, NFC","8am","8pm","2 hour","Mon-Sat","$2.50 HR","","",""
"Downtown","Little Italy","700 WEST DATE ST","WDA-706","32.723051320","-117.169552892","57004","Downtown MK5 - 2 Hour Max $2.50 HR, 8am-8pm, Mon-Sat, Prepay, NFC","8am","8pm","2 hour","Mon-Sat","$2.50 HR","","",""
"Downtown","Little Italy","700 WEST DATE ST","WDA-705","32.722936237","-117.169497236","57004","Downtown MK5 - 2 Hour Max $2.50 HR, 8am-8pm, Mon-Sat, Prepay, NFC","8am","8pm","2 hour","Mon-Sat","$2.50 HR","","",""
"Downtown","Little Italy","700 WEST DATE ST","WDA-700","32.723083496","-117.169427830","56999","Downtown MK5 – 15 Min Max $2.50 HR, 8am-8pm, Mon-Sat, Prepay, NFC, (Sensor Courtesy)","8am","8pm","15 min","Mon-Sat","$2.50 HR","","",""
"Downtown","Little Italy","700 WEST DATE ST","WDA-702","32.723052978","-117.169480673","56999","Downtown MK5 – 15 Min Max $2.50 HR, 8am-8pm, Mon-Sat, Prepay, NFC, (Sensor Courtesy)","8am","8pm","15 min","Mon-Sat","$2.50 HR","","",""
"Downtown","Little Italy","600 WEST FIR ST","WFI-619","32.724491000","-117.168521000","57001","Downtown MK5 – 30 Min Max $2.50 HR, 8am-8pm, Mon-Sat, Prepay, NFC, (Sensor Courtesy)","8am","8pm","30 min","Mon-Sat","$2.50 HR","","",""
"Downtown","Little Italy","600 WEST FIR ST","WFI-621","32.724502000","-117.168542000","57001","Downtown MK5 – 30 Min Max $2.50 HR, 8am-8pm, Mon-Sat, Prepay, NFC, (Sensor Courtesy)","8am","8pm","30 min","Mon-Sat","$2.50 HR","","",""
"Downtown","Little Italy","600 WEST FIR ST","WFI-623","32.724489000","-117.168156000","56999","Downtown MK5 – 15 Min Max $2.50 HR, 8am-8pm, Mon-Sat, Prepay, NFC, (Sensor Courtesy)","8am","8pm","15 min","Mon-Sat","$2.50 HR","","",""
"Downtown","Little Italy","600 WEST FIR ST","WFI-600S","32.724523000","-117.167972000","13180","Downtown MS1 PPD - 2 Hour Max $2.50 HR 8am-8pm Mon-Sat (NFC)","8am","8pm","2 hour","Mon-Sat","$2.50 HR","","",""
"Downtown","Little Italy","600 WEST FIR ST","WFI-624","32.724589000","-117.168474000","57004","Downtown MK5 - 2 Hour Max $2.50 HR, 8am-8pm, Mon-Sat, Prepay, NFC","8am","8pm","2 hour","Mon-Sat","$2.50 HR","","",""
"Downtown","Little Italy","600 WEST FIR ST","WFI-622","32.724577846","-117.168248333","57004","Downtown MK5 - 2 Hour Max $2.50 HR, 8am-8pm, Mon-Sat, Prepay, NFC","8am","8pm","2 hour","Mon-Sat","$2.50 HR","","",""
"Downtown","Little Italy","800 WEST FIR ST","WFI-804","32.723966000","-117.169940000","57004","Downtown MK5 - 2 Hour Max $2.50 HR, 8am-8pm, Mon-Sat, Prepay, NFC","8am","8pm","2 hour","Mon-Sat","$2.50 HR","","",""
"Downtown","Little Italy","800 WEST FIR ST","WFI-805","32.724056000","-117.169642000","57004","Downtown MK5 - 2 Hour Max $2.50 HR, 8am-8pm, Mon-Sat, Prepay, NFC","8am","8pm","2 hour","Mon-Sat","$2.50 HR","","",""
"Downtown","Little Italy","800 WEST FIR ST","WFI-806","32.723966000","-117.169940000","57004","Downtown MK5 - 2 Hour Max $2.50 HR, 8am-8pm, Mon-Sat, Prepay, NFC","8am","8pm","2 hour","Mon-Sat","$2.50 HR","","",""
"Downtown","Little Italy","800 WEST FIR ST","WFI-807","32.724056000","-117.169642000","57004","Downtown MK5 - 2 Hour Max $2.50 HR, 8am-8pm, Mon-Sat, Prepay, NFC","8am","8pm","2 hour","Mon-Sat","$2.50 HR","","",""
"Downtown","Little Italy","800 WEST FIR ST","WFI-808","32.723966000","-117.169942000","57004","Downtown MK5 - 2 Hour Max $2.50 HR, 8am-8pm, Mon-Sat, Prepay, NFC","8am","8pm","2 hour","Mon-Sat","$2.50 HR","","",""
"Downtown","Little Italy","800 WEST FIR ST","WFI-809","32.724057000","-117.169650000","57004","Downtown MK5 - 2 Hour Max $2.50 HR, 8am-8pm, Mon-Sat, Prepay, NFC","8am","8pm","2 hour","Mon-Sat","$2.50 HR","","",""
"Downtown","Little Italy","800 WEST FIR ST","WFI-810","32.723969000","-117.169945000","57004","Downtown MK5 - 2 Hour Max $2.50 HR, 8am-8pm, Mon-Sat, Prepay, NFC","8am","8pm","2 hour","Mon-Sat","$2.50 HR","","",""
"Downtown","Little Italy","800 WEST FIR ST","WFI-803","32.724056000","-117.169642000","57004","Downtown MK5 - 2 Hour Max $2.50 HR, 8am-8pm, Mon-Sat, Prepay, NFC","8am","8pm","2 hour","Mon-Sat","$2.50 HR","","",""
"Downtown","Little Italy","800 WEST FIR ST","WFI-802","32.723966000","-117.169938000","57004","Downtown MK5 - 2 Hour Max $2.50 HR, 8am-8pm, Mon-Sat, Prepay, NFC","8am","8pm","2 hour","Mon-Sat","$2.50 HR","","",""
"Downtown","Little Italy","800 WEST FIR ST","WFI-812","32.723972000","-117.169945000","57004","Downtown MK5 - 2 Hour Max $2.50 HR, 8am-8pm, Mon-Sat, Prepay, NFC","8am","8pm","2 hour","Mon-Sat","$2.50 HR","","",""
"Downtown","Little Italy","800 WEST FIR ST","WFI-814","32.723977000","-117.169937000","57004","Downtown MK5 - 2 Hour Max $2.50 HR, 8am-8pm, Mon-Sat, Prepay, NFC","8am","8pm","2 hour","Mon-Sat","$2.50 HR","","",""
"Downtown","Little Italy","600 WEST GRAPE ST","WGP-615","32.725375000","-117.168831000","57004","Downtown MK5 - 2 Hour Max $2.50 HR, 8am-8pm, Mon-Sat, Prepay, NFC","8am","8pm","2 hour","Mon-Sat","$2.50 HR","","",""
"Downtown","Little Italy","600 WEST GRAPE ST","WGP-617","32.725355000","-117.168893000","57004","Downtown MK5 - 2 Hour Max $2.50 HR, 8am-8pm, Mon-Sat, Prepay, NFC","8am","8pm","2 hour","Mon-Sat","$2.50 HR","","",""
"Downtown","Little Italy","600 WEST GRAPE ST","WGP-613","32.725413000","-117.168707000","57004","Downtown MK5 - 2 Hour Max $2.50 HR, 8am-8pm, Mon-Sat, Prepay, NFC","8am","8pm","2 hour","Mon-Sat","$2.50 HR","","",""
"Downtown","Little Italy","600 WEST GRAPE ST","WGP-611","32.725451000","-117.168584000","57004","Downtown MK5 - 2 Hour Max $2.50 HR, 8am-8pm, Mon-Sat, Prepay, NFC","8am","8pm","2 hour","Mon-Sat","$2.50 HR","","",""
"Downtown","Little Italy","600 WEST GRAPE ST","WGP-600","32.725702000","-117.168307000","57004","Downtown MK5 - 2 Hour Max $2.50 HR, 8am-8pm, Mon-Sat, Prepay, NFC","8am","8pm","2 hour","Mon-Sat","$2.50 HR","","",""
"Downtown","Little Italy","600 WEST GRAPE ST","WGP-602","32.725682000","-117.168369000","57004","Downtown MK5 - 2 Hour Max $2.50 HR, 8am-8pm, Mon-Sat, Prepay, NFC","8am","8pm","2 hour","Mon-Sat","$2.50 HR","","",""
"Downtown","Little Italy","600 WEST GRAPE ST","WGP-604","32.725663000","-117.168431000","57004","Downtown MK5 - 2 Hour Max $2.50 HR, 8am-8pm, Mon-Sat, Prepay, NFC","8am","8pm","2 hour","Mon-Sat","$2.50 HR","","",""
"Downtown","Little Italy","600 WEST GRAPE ST","WGP-606","32.725649000","-117.168477000","57004","Downtown MK5 - 2 Hour Max $2.50 HR, 8am-8pm, Mon-Sat, Prepay, NFC","8am","8pm","2 hour","Mon-Sat","$2.50 HR","","",""
"Downtown","Little Italy","600 WEST GRAPE ST","WGP-608","32.725630000","-117.168539000","56999","Downtown MK5 – 15 Min Max $2.50 HR, 8am-8pm, Mon-Sat, Prepay, NFC, (Sensor Courtesy)","8am","8pm","15 min","Mon-Sat","$2.50 HR","","",""
"Downtown","Little Italy","600 WEST GRAPE ST","WGP-610","32.725610000","-117.168600000","56999","Downtown MK5 – 15 Min Max $2.50 HR, 8am-8pm, Mon-Sat, Prepay, NFC, (Sensor Courtesy)","8am","8pm","15 min","Mon-Sat","$2.50 HR","","",""
"Downtown","Little Italy","600 WEST GRAPE ST","WGP-612","32.725572000","-117.168724000","56999","Downtown MK5 – 15 Min Max $2.50 HR, 8am-8pm, Mon-Sat, Prepay, NFC, (Sensor Courtesy)","8am","8pm","15 min","Mon-Sat","$2.50 HR","","",""
"Downtown","Little Italy","600 WEST GRAPE ST","WGP-614","32.725538000","-117.168832000","56999","Downtown MK5 – 15 Min Max $2.50 HR, 8am-8pm, Mon-Sat, Prepay, NFC, (Sensor Courtesy)","8am","8pm","15 min","Mon-Sat","$2.50 HR","","",""
"Downtown","Little Italy","800 WEST GRAPE ST","WGP-804","32.725138000","-117.170127000","57007","Downtown MK5 - 9 Hour Max $2.50 HR, 8am-8pm, Mon-Sat, Prepay, NFC","8am","8pm","9 hour","Mon-Sat","$2.50 HR","","",""
"Downtown","Little Italy","800 WEST GRAPE ST","WGP-805","32.725035000","-117.170361000","57007","Downtown MK5 - 9 Hour Max $2.50 HR, 8am-8pm, Mon-Sat, Prepay, NFC","8am","8pm","9 hour","Mon-Sat","$2.50 HR","","",""
"Downtown","Little Italy","800 WEST GRAPE ST","WGP-807","32.725031000","-117.170109000","57007","Downtown MK5 - 9 Hour Max $2.50 HR, 8am-8pm, Mon-Sat, Prepay, NFC","8am","8pm","9 hour","Mon-Sat","$2.50 HR","","",""
"Downtown","Little Italy","800 WEST GRAPE ST","WGP-809","32.724786000","-117.170296000","57007","Downtown MK5 - 9 Hour Max $2.50 HR, 8am-8pm, Mon-Sat, Prepay, NFC","8am","8pm","9 hour","Mon-Sat","$2.50 HR","","",""
"Downtown","Little Italy","800 WEST GRAPE ST","WGP-811","32.724761000","-117.170310000","57007","Downtown MK5 - 9 Hour Max $2.50 HR, 8am-8pm, Mon-Sat, Prepay, NFC","8am","8pm","9 hour","Mon-Sat","$2.50 HR","","",""
"Downtown","Little Italy","800 WEST GRAPE ST","WGP-813","32.725035000","-117.170361000","57007","Downtown MK5 - 9 Hour Max $2.50 HR, 8am-8pm, Mon-Sat, Prepay, NFC","8am","8pm","9 hour","Mon-Sat","$2.50 HR","","",""
"Downtown","Little Italy","800 WEST GRAPE ST","WGP-814","32.725082000","-117.170315000","57007","Downtown MK5 - 9 Hour Max $2.50 HR, 8am-8pm, Mon-Sat, Prepay, NFC","8am","8pm","9 hour","Mon-Sat","$2.50 HR","","",""
"Downtown","Little Italy","800 WEST GRAPE ST","WGP-815","32.724846000","-117.170457000","57007","Downtown MK5 - 9 Hour Max $2.50 HR, 8am-8pm, Mon-Sat, Prepay, NFC","8am","8pm","9 hour","Mon-Sat","$2.50 HR","","",""
"Downtown","Little Italy","800 WEST GRAPE ST","WGP-816","32.725020000","-117.170518000","57007","Downtown MK5 - 9 Hour Max $2.50 HR, 8am-8pm, Mon-Sat, Prepay, NFC","8am","8pm","9 hour","Mon-Sat","$2.50 HR","","",""
"Downtown","Little Italy","800 WEST GRAPE ST","WGP-803","32.724979000","-117.170026000","57007","Downtown MK5 - 9 Hour Max $2.50 HR, 8am-8pm, Mon-Sat, Prepay, NFC","8am","8pm","9 hour","Mon-Sat","$2.50 HR","","",""
"Downtown","Little Italy","900 WEST GRAPE ST","WGP-904","32.724845000","-117.171087000","57007","Downtown MK5 - 9 Hour Max $2.50 HR, 8am-8pm, Mon-Sat, Prepay, NFC","8am","8pm","9 hour","Mon-Sat","$2.50 HR","","",""
"Downtown","Little Italy","900 WEST GRAPE ST","WGP-906","32.724785000","-117.171283000","57007","Downtown MK5 - 9 Hour Max $2.50 HR, 8am-8pm, Mon-Sat, Prepay, NFC","8am","8pm","9 hour","Mon-Sat","$2.50 HR","","",""
"Downtown","Little Italy","900 WEST GRAPE ST","WGP-916","32.724719000","-117.171495000","57007","Downtown MK5 - 9 Hour Max $2.50 HR, 8am-8pm, Mon-Sat, Prepay, NFC","8am","8pm","9 hour","Mon-Sat","$2.50 HR","","",""
"Downtown","Little Italy","700 WEST HAWTHORN ST","WHA-709","32.726510000","-117.168801000","57004","Downtown MK5 - 2 Hour Max $2.50 HR, 8am-8pm, Mon-Sat, Prepay, NFC","8am","8pm","2 hour","Mon-Sat","$2.50 HR","","",""
"Downtown","Little Italy","700 WEST HAWTHORN ST","WHA-711","32.726407000","-117.169070000","57004","Downtown MK5 - 2 Hour Max $2.50 HR, 8am-8pm, Mon-Sat, Prepay, NFC","8am","8pm","2 hour","Mon-Sat","$2.50 HR","","",""
"Downtown","Little Italy","700 WEST HAWTHORN ST","WHA-713","32.726424000","-117.169128000","57004","Downtown MK5 - 2 Hour Max $2.50 HR, 8am-8pm, Mon-Sat, Prepay, NFC","8am","8pm","2 hour","Mon-Sat","$2.50 HR","","",""
"Downtown","Little Italy","700 WEST HAWTHORN ST","WHA-715","32.726434000","-117.169136000","56999","Downtown MK5 – 15 Min Max $2.50 HR, 8am-8pm, Mon-Sat, Prepay, NFC, (Sensor Courtesy)","8am","8pm","15 min","Mon-Sat","$2.50 HR","","",""
"Downtown","Little Italy","900 WEST IVY ST","WIV-900N","32.727068000","-117.171096000","43392","Downtown MS1 PPD - 1 Hour Max $2.50 HR 8am-8pm Mon-Sat (NFC)","8am","8pm","1 hour","Mon-Sat","$2.50 HR","","",""
"Downtown","Little Italy","900 WEST IVY ST","WIV-900S","32.726814000","-117.170951000","43392","Downtown MS1 PPD - 1 Hour Max $2.50 HR 8am-8pm Mon-Sat (NFC)","8am","8pm","1 hour","Mon-Sat","$2.50 HR","","",""
"Downtown","Little Italy","1400 FRONT ST","FR-1400W","32.720604000","-117.164828000","13180","Downtown MS1 PPD - 2 Hour Max $2.50 HR 8am-8pm Mon-Sat (NFC)","8am","8pm","2 hour","Mon-Sat","$2.50 HR","","",""
"Downtown","Little Italy","2200 KETTNER","KT-2200W","32.727514896","-117.170958369","59117","Downtown MS3 - 2 Hour Max $2.50 HR 8am-8pm, Mon-Sat, Prepay, NFC","8am","8pm","2 hour","Mon-Sat","$2.50 HR","","",""
"Downtown","Little Italy","600 WEST JUNIPER","WJN-700S","32.728450000","-117.169767000","13180","Downtown MS1 PPD - 2 Hour Max $2.50 HR 8am-8pm Mon-Sat (NFC)","8am","8pm","2 hour","Mon-Sat","$2.50 HR","","",""
"Downtown","Little Italy","1500 KETTNER","KT-1500W","32.721611081","-117.169328592","59117","Downtown MS3 - 2 Hour Max $2.50 HR 8am-8pm, Mon-Sat, Prepay, NFC","8am","8pm","2 hour","Mon-Sat","$2.50 HR","","",""
"Downtown","Little Italy","1600 KETTNER BLVD","KT-1600W","32.722677000","-117.169133000","13180","Downtown MS1 PPD - 2 Hour Max $2.50 HR 8am-8pm Mon-Sat (NFC)","8am","8pm","2 hour","Mon-Sat","$2.50 HR","","",""
"Downtown","Little Italy","2400 KETTNER BLVD","KT-2400W","32.728663000","-117.171461000","13180","Downtown MS1 PPD - 2 Hour Max $2.50 HR 8am-8pm Mon-Sat (NFC)","8am","8pm","2 hour","Mon-Sat","$2.50 HR","","",""
"Downtown","Little Italy","300 WEST ASH ST","WAH-300N","32.719877000","-117.166069000","13180","Downtown MS1 PPD - 2 Hour Max $2.50 HR 8am-8pm Mon-Sat (NFC)","8am","8pm","2 hour","Mon-Sat","$2.50 HR","","",""
"Downtown","Little Italy","1400 HARBOR DR","HRB-1411","32.720285000","-117.172901000","57004","Downtown MK5 - 2 Hour Max $2.50 HR, 8am-8pm, Mon-Sat, Prepay, NFC","8am","8pm","2 hour","Mon-Sat","$2.50 HR","","",""
"Downtown","Little Italy","1400 HARBOR DR","HRB-1413","32.720302000","-117.172914000","57004","Downtown MK5 - 2 Hour Max $2.50 HR, 8am-8pm, Mon-Sat, Prepay, NFC","8am","8pm","2 hour","Mon-Sat","$2.50 HR","","",""
"Downtown","Little Italy","1400 HARBOR DR","HRB-1415","32.720330000","-117.172957000","57004","Downtown MK5 - 2 Hour Max $2.50 HR, 8am-8pm, Mon-Sat, Prepay, NFC","8am","8pm","2 hour","Mon-Sat","$2.50 HR","","",""
"Downtown","Little Italy","1400 HARBOR DR","HRB-1417","32.720392000","-117.172942000","57004","Downtown MK5 - 2 Hour Max $2.50 HR, 8am-8pm, Mon-Sat, Prepay, NFC","8am","8pm","2 hour","Mon-Sat","$2.50 HR","","",""
"Downtown","Little Italy","1400 HARBOR DR","HRB-1419","32.720348000","-117.172871000","57004","Downtown MK5 - 2 Hour Max $2.50 HR, 8am-8pm, Mon-Sat, Prepay, NFC","8am","8pm","2 hour","Mon-Sat","$2.50 HR","","",""
"Downtown","Little Italy","1400 HARBOR DR","HRB-1421","32.720455000","-117.172904000","57004","Downtown MK5 - 2 Hour Max $2.50 HR, 8am-8pm, Mon-Sat, Prepay, NFC","8am","8pm","2 hour","Mon-Sat","$2.50 HR","","",""
"Downtown","Little Italy","1400 HARBOR DR","HRB-1423","32.720474000","-117.172922000","57004","Downtown MK5 - 2 Hour Max $2.50 HR, 8am-8pm, Mon-Sat, Prepay, NFC","8am","8pm","2 hour","Mon-Sat","$2.50 HR","","",""
"Downtown","Little Italy","1400 HARBOR DR","HRB-1425","32.720497000","-117.172884000","57004","Downtown MK5 - 2 Hour Max $2.50 HR, 8am-8pm, Mon-Sat, Prepay, NFC","8am","8pm","2 hour","Mon-Sat","$2.50 HR","","",""
"Downtown","Little Italy","1400 HARBOR DR","HRB-1427","32.720537000","-117.172904000","57004","Downtown MK5 - 2 Hour Max $2.50 HR, 8am-8pm, Mon-Sat, Prepay, NFC","8am","8pm","2 hour","Mon-Sat","$2.50 HR","","",""
"Downtown","Little Italy","1400 HARBOR DR","HRB-1429","32.720582000","-117.172876000","57004","Downtown MK5 - 2 Hour Max $2.50 HR, 8am-8pm, Mon-Sat, Prepay, NFC","8am","8pm","2 hour","Mon-Sat","$2.50 HR","","",""
"Downtown","Little Italy","1400 HARBOR DR","HRB-1431","32.720610000","-117.172905000","57004","Downtown MK5 - 2 Hour Max $2.50 HR, 8am-8pm, Mon-Sat, Prepay, NFC","8am","8pm","2 hour","Mon-Sat","$2.50 HR","","",""
"Downtown","Little Italy","1400 HARBOR DR","HRB-1433","32.720659000","-117.172912000","57004","Downtown MK5 - 2 Hour Max $2.50 HR, 8am-8pm, Mon-Sat, Prepay, NFC","8am","8pm","2 hour","Mon-Sat","$2.50 HR","","",""
"Downtown","Little Italy","1400 HARBOR DR","HRB-1435","32.720688000","-117.172915000","57004","Downtown MK5 - 2 Hour Max $2.50 HR, 8am-8pm, Mon-Sat, Prepay, NFC","8am","8pm","2 hour","Mon-Sat","$2.50 HR","","",""
"Downtown","Little Italy","1400 HARBOR DR","HRB-1437","32.720717000","-117.172898000","57004","Downtown MK5 - 2 Hour Max $2.50 HR, 8am-8pm, Mon-Sat, Prepay, NFC","8am","8pm","2 hour","Mon-Sat","$2.50 HR","","",""
"Downtown","Little Italy","1400 HARBOR DR","HRB-1445","32.720800000","-117.172909000","57004","Downtown MK5 - 2 Hour Max $2.50 HR, 8am-8pm, Mon-Sat, Prepay, NFC","8am","8pm","2 hour","Mon-Sat","$2.50 HR","","",""
"Downtown","Little Italy","1600 HARBOR DR","HRB-1601","32.721154437","-117.172886918","57004","Downtown MK5 - 2 Hour Max $2.50 HR, 8am-8pm, Mon-Sat, Prepay, NFC","8am","8pm","2 hour","Mon-Sat","$2.50 HR","","",""
"Downtown","Little Italy","1600 HARBOR DR","HRB-1603","32.721197566","-117.172912694","57004","Downtown MK5 - 2 Hour Max $2.50 HR, 8am-8pm, Mon-Sat, Prepay, NFC","8am","8pm","2 hour","Mon-Sat","$2.50 HR","","",""
"Downtown","Little Italy","1600 HARBOR DR","HRB-1605","32.721250877","-117.172891907","57004","Downtown MK5 - 2 Hour Max $2.50 HR, 8am-8pm, Mon-Sat, Prepay, NFC","8am","8pm","2 hour","Mon-Sat","$2.50 HR","","",""
"Downtown","Little Italy","1600 HARBOR DR","HRB-1607","32.721282469","-117.172871455","57004","Downtown MK5 - 2 Hour Max $2.50 HR, 8am-8pm, Mon-Sat, Prepay, NFC","8am","8pm","2 hour","Mon-Sat","$2.50 HR","","",""
"Downtown","Little Italy","1600 HARBOR DR","HRB-1609","32.721330703","-117.172898612","57004","Downtown MK5 - 2 Hour Max $2.50 HR, 8am-8pm, Mon-Sat, Prepay, NFC","8am","8pm","2 hour","Mon-Sat","$2.50 HR","","",""
"Downtown","Little Italy","1600 HARBOR DR","HRB-1611","32.721409401","-117.172921411","57004","Downtown MK5 - 2 Hour Max $2.50 HR, 8am-8pm, Mon-Sat, Prepay, NFC","8am","8pm","2 hour","Mon-Sat","$2.50 HR","","",""
"Downtown","Little Italy","1600 HARBOR DR","HRB-1627","32.721682163","-117.172989472","57004","Downtown MK5 - 2 Hour Max $2.50 HR, 8am-8pm, Mon-Sat, Prepay, NFC","8am","8pm","2 hour","Mon-Sat","$2.50 HR","","",""
"Downtown","Little Italy","1600 HARBOR DR","HRB-1629","32.721658469","-117.172829881","57004","Downtown MK5 - 2 Hour Max $2.50 HR, 8am-8pm, Mon-Sat, Prepay, NFC","8am","8pm","2 hour","Mon-Sat","$2.50 HR","","",""
"Downtown","Little Italy","1600 HARBOR DR","HRB-1631","32.721690343","-117.173008583","57004","Downtown MK5 - 2 Hour Max $2.50 HR, 8am-8pm, Mon-Sat, Prepay, NFC","8am","8pm","2 hour","Mon-Sat","$2.50 HR","","",""
"Downtown","Little Italy","1600 HARBOR DR","HRB-1633","32.721813890","-117.172885201","57004","Downtown MK5 - 2 Hour Max $2.50 HR, 8am-8pm, Mon-Sat, Prepay, NFC","8am","8pm","2 hour","Mon-Sat","$2.50 HR","","",""
"Downtown","Little Italy","1600 HARBOR DR","HRB-1667","32.722234454","-117.172870114","57004","Downtown MK5 - 2 Hour Max $2.50 HR, 8am-8pm, Mon-Sat, Prepay, NFC","8am","8pm","2 hour","Mon-Sat","$2.50 HR","","",""
"Downtown","Little Italy","1600 HARBOR DR","HRB-1691","32.722823975","-117.172989808","57004","Downtown MK5 - 2 Hour Max $2.50 HR, 8am-8pm, Mon-Sat, Prepay, NFC","8am","8pm","2 hour","Mon-Sat","$2.50 HR","","",""
"Downtown","Little Italy","1600 HARBOR DR","HRB-1693","32.722780819","-117.172927111","57004","Downtown MK5 - 2 Hour Max $2.50 HR, 8am-8pm, Mon-Sat, Prepay, NFC","8am","8pm","2 hour","Mon-Sat","$2.50 HR","","",""
"Downtown","Little Italy","1600 HARBOR DR","HRB-1695","32.722889132","-117.172913700","57004","Downtown MK5 - 2 Hour Max $2.50 HR, 8am-8pm, Mon-Sat, Prepay, NFC","8am","8pm","2 hour","Mon-Sat","$2.50 HR","","",""
"Downtown","Little Italy","1600 HARBOR DR","HRB-1697","32.722913108","-117.172890901","57004","Downtown MK5 - 2 Hour Max $2.50 HR, 8am-8pm, Mon-Sat, Prepay, NFC","8am","8pm","2 hour","Mon-Sat","$2.50 HR","","",""
"Downtown","Little Italy","1600 HARBOR DR","HRB-1699","32.722957392","-117.172890901","57004","Downtown MK5 - 2 Hour Max $2.50 HR, 8am-8pm, Mon-Sat, Prepay, NFC","8am","8pm","2 hour","Mon-Sat","$2.50 HR","","",""
"Downtown","Little Italy","1600 HARBOR DR","HRB-1623","32.721513203","-117.172899618","57004","Downtown MK5 - 2 Hour Max $2.50 HR, 8am-8pm, Mon-Sat, Prepay, NFC","8am","8pm","2 hour","Mon-Sat","$2.50 HR","","",""
"Downtown","Little Italy","1600 HARBOR DR","HRB-1621","32.721447763","-117.172922417","57004","Downtown MK5 - 2 Hour Max $2.50 HR, 8am-8pm, Mon-Sat, Prepay, NFC","8am","8pm","2 hour","Mon-Sat","$2.50 HR","","",""
"Downtown","Little Italy","1600 HARBOR DR","HRB-1625","32.721521101","-117.172900959","57004","Downtown MK5 - 2 Hour Max $2.50 HR, 8am-8pm, Mon-Sat, Prepay, NFC","8am","8pm","2 hour","Mon-Sat","$2.50 HR","","",""
"Downtown","Little Italy","1600 HARBOR DR","HRB-1675","32.722541062","-117.172950915","57004","Downtown MK5 - 2 Hour Max $2.50 HR, 8am-8pm, Mon-Sat, Prepay, NFC","8am","8pm","2 hour","Mon-Sat","$2.50 HR","","",""
"Downtown","Little Italy","1600 HARBOR DR","HRB-1677","32.722589013","-117.172890566","57004","Downtown MK5 - 2 Hour Max $2.50 HR, 8am-8pm, Mon-Sat, Prepay, NFC","8am","8pm","2 hour","Mon-Sat","$2.50 HR","","",""
"Downtown","Little Italy","1600 HARBOR DR","HRB-1679","32.722589859","-117.172895930","57004","Downtown MK5 - 2 Hour Max $2.50 HR, 8am-8pm, Mon-Sat, Prepay, NFC","8am","8pm","2 hour","Mon-Sat","$2.50 HR","","",""
"Downtown","Little Italy","1600 HARBOR DR","HRB-1681","32.722607912","-117.172883860","57004","Downtown MK5 - 2 Hour Max $2.50 HR, 8am-8pm, Mon-Sat, Prepay, NFC","8am","8pm","2 hour","Mon-Sat","$2.50 HR","","",""
"Downtown","Little Italy","1600 HARBOR DR","HRB-1683","32.722639503","-117.172948233","57004","Downtown MK5 - 2 Hour Max $2.50 HR, 8am-8pm, Mon-Sat, Prepay, NFC","8am","8pm","2 hour","Mon-Sat","$2.50 HR","","",""
"Downtown","Little Italy","1600 HARBOR DR","HRB-1685","32.722675044","-117.172903306","57004","Downtown MK5 - 2 Hour Max $2.50 HR, 8am-8pm, Mon-Sat, Prepay, NFC","8am","8pm","2 hour","Mon-Sat","$2.50 HR","","",""
"Downtown","Little Italy","1600 HARBOR DR","HRB-1687","32.722728636","-117.172911688","57004","Downtown MK5 - 2 Hour Max $2.50 HR, 8am-8pm, Mon-Sat, Prepay, NFC","8am","8pm","2 hour","Mon-Sat","$2.50 HR","","",""
"Downtown","Little Italy","1600 HARBOR DR","HRB-1689","32.722744150","-117.172930128","57004","Downtown MK5 - 2 Hour Max $2.50 HR, 8am-8pm, Mon-Sat, Prepay, NFC","8am","8pm","2 hour","Mon-Sat","$2.50 HR","","",""
"Downtown","Little Italy","1700 HARBOR DR","HRB-1705","32.723135000","-117.172896000","57004","Downtown MK5 - 2 Hour Max $2.50 HR, 8am-8pm, Mon-Sat, Prepay, NFC","8am","8pm","2 hour","Mon-Sat","$2.50 HR","","",""
"Downtown","Little Italy","1700 HARBOR DR","HRB-1707","32.723180000","-117.172886000","57004","Downtown MK5 - 2 Hour Max $2.50 HR, 8am-8pm, Mon-Sat, Prepay, NFC","8am","8pm","2 hour","Mon-Sat","$2.50 HR","","",""
"Downtown","Little Italy","1700 HARBOR DR","HRB-1709","32.723180000","-117.172877000","57004","Downtown MK5 - 2 Hour Max $2.50 HR, 8am-8pm, Mon-Sat, Prepay, NFC","8am","8pm","2 hour","Mon-Sat","$2.50 HR","","",""
"Downtown","Little Italy","1700 HARBOR DR","HRB-1711","32.723215000","-117.172882000","57004","Downtown MK5 - 2 Hour Max $2.50 HR, 8am-8pm, Mon-Sat, Prepay, NFC","8am","8pm","2 hour","Mon-Sat","$2.50 HR","","",""
"Downtown","Little Italy","1700 HARBOR DR","HRB-1713","32.723254000","-117.172877000","57004","Downtown MK5 - 2 Hour Max $2.50 HR, 8am-8pm, Mon-Sat, Prepay, NFC","8am","8pm","2 hour","Mon-Sat","$2.50 HR","","",""
"Downtown","Little Italy","1700 HARBOR DR","HRB-1715","32.723276000","-117.172894000","57004","Downtown MK5 - 2 Hour Max $2.50 HR, 8am-8pm, Mon-Sat, Prepay, NFC","8am","8pm","2 hour","Mon-Sat","$2.50 HR","","",""
"Downtown","Little Italy","1700 HARBOR DR","HRB-1717","32.723346000","-117.172886000","57004","Downtown MK5 - 2 Hour Max $2.50 HR, 8am-8pm, Mon-Sat, Prepay, NFC","8am","8pm","2 hour","Mon-Sat","$2.50 HR","","",""
"Downtown","Little Italy","1700 HARBOR DR","HRB-1719","32.723340000","-117.172880000","57004","Downtown MK5 - 2 Hour Max $2.50 HR, 8am-8pm, Mon-Sat, Prepay, NFC","8am","8pm","2 hour","Mon-Sat","$2.50 HR","","",""
"Downtown","Little Italy","1700 HARBOR DR","HRB-1721","32.723410000","-117.172891000","57004","Downtown MK5 - 2 Hour Max $2.50 HR, 8am-8pm, Mon-Sat, Prepay, NFC","8am","8pm","2 hour","Mon-Sat","$2.50 HR","","",""
"Downtown","Little Italy","1700 HARBOR DR","HRB-1723","32.723449000","-117.172891000","57004","Downtown MK5 - 2 Hour Max $2.50 HR, 8am-8pm, Mon-Sat, Prepay, NFC","8am","8pm","2 hour","Mon-Sat","$2.50 HR","","",""
"Downtown","Little Italy","1700 HARBOR DR","HRB-1725","32.723471000","-117.172908000","57004","Downtown MK5 - 2 Hour Max $2.50 HR, 8am-8pm, Mon-Sat, Prepay, NFC","8am","8pm","2 hour","Mon-Sat","$2.50 HR","","",""
"Downtown","Little Italy","1700 HARBOR DR","HRB-1727","32.723530000","-117.172861000","57004","Downtown MK5 - 2 Hour Max $2.50 HR, 8am-8pm, Mon-Sat, Prepay, NFC","8am","8pm","2 hour","Mon-Sat","$2.50 HR","","",""
"Downtown","Little Italy","1700 HARBOR DR","HRB-1729","32.723537000","-117.172882000","57004","Downtown MK5 - 2 Hour Max $2.50 HR, 8am-8pm, Mon-Sat, Prepay, NFC","8am","8pm","2 hour","Mon-Sat","$2.50 HR","","",""
"Downtown","Little Italy","1700 HARBOR DR","HRB-1731","32.723574000","-117.172897000","57004","Downtown MK5 - 2 Hour Max $2.50 HR, 8am-8pm, Mon-Sat, Prepay, NFC","8am","8pm","2 hour","Mon-Sat","$2.50 HR","","",""
"Downtown","Little Italy","1700 HARBOR DR","HRB-1733","32.723598000","-117.172902000","57004","Downtown MK5 - 2 Hour Max $2.50 HR, 8am-8pm, Mon-Sat, Prepay, NFC","8am","8pm","2 hour","Mon-Sat","$2.50 HR","","",""
"Downtown","Little Italy","1700 HARBOR DR","HRB-1735","32.723607000","-117.172894000","57004","Downtown MK5 - 2 Hour Max $2.50 HR, 8am-8pm, Mon-Sat, Prepay, NFC","8am","8pm","2 hour","Mon-Sat","$2.50 HR","","",""
"Downtown","Little Italy","1700 HARBOR DR","HRB-1737","32.723631000","-117.172901000","57004","Downtown MK5 - 2 Hour Max $2.50 HR, 8am-8pm, Mon-Sat, Prepay, NFC","8am","8pm","2 hour","Mon-Sat","$2.50 HR","","",""
"Test Zone","Test Area","Test Sub Area","C-202","32.000000000","-117.000000000","9138","2 Hour Max $2.50 HR 8am-6pm Mon-Sat (NFC)","8am","6pm","2 hour","Mon-Sat","$2.50 HR","","",""
"Test Zone","Test Area","Test Sub Area","JC Test","32.717691000","-117.163558000","9271","9 Hour Max $2.50 HR 8am-6pm Mon-Sat (Mobile Pay) (NFC)","8am","6pm","9 hour","Mon-Sat","$2.50 HR","Y","",""
"Test Zone","Test Area","Test Sub Area","GR-20th B","32.100000000","-117.000000000","9280","2 Hour Max $2.50 HR 8am-6pm Mon-Sat (Mobile Pay) (NFC)","8am","6pm","2 hour","Mon-Sat","$2.50 HR","Y","",""
"Test Zone","Test Area","Test Sub Area","Plate Pole Test","0.000000100","0.000000010","63","San Diego Default","","","","","","","",""
"Test Zone","Test Area","Test Sub Area","Test Pole1","32.715329000","-117.157255000","12494","2 Hour Max $2.50 HR 8am-6pm Mon-Sat (Mobile Pay) (NFC)","8am","6pm","2 hour","Mon-Sat","$2.50 HR","Y","",""
"Test Zone","Test Area","Test Sub Area","Test Pole2","32.715329000","-117.157255000","12494","2 Hour Max $2.50 HR 8am-6pm Mon-Sat (Mobile Pay) (NFC)","8am","6pm","2 hour","Mon-Sat","$2.50 HR","Y","",""
"Test Zone","Test Area","Test Sub Area","MS-0003","32.718372293","-117.163590006","8999","1 Hour Max $2.50 HR 8am-6pm Mon-Sat (NFC)","8am","6pm","1 hour","Mon-Sat","$2.50 HR","","",""
"Test Zone","Test Area","Test Sub Area","MS-0002","32.718294439","-117.163547426","8999","1 Hour Max $2.50 HR 8am-6pm Mon-Sat (NFC)","8am","6pm","1 hour","Mon-Sat","$2.50 HR","","",""
"Test Zone","Test Area","Test Sub Area","MS-0004","32.718381320","-117.163496129","12620","Uptown MK5 - 1 Hour Max $2.50 HR, 8am-8pm, Mon-Sat, Prepay, NFC","8am","8pm","1 hour","Mon-Sat","$2.50 HR","","",""
"Test Zone","Test Area","Test Sub Area","MS-0001","32.718425889","-117.163651362","14764","9 Hour Max $2.50 HR 8am-6pm Mon-Sat    (Mobile Pay) (NFC)","8am","6pm","9 hour","Mon-Sat","$2.50 HR","Y","",""
"Test Zone","Test Area","Test Sub Area","MS1-TEST1","32.000000000","-117.000000000","50541","MSPM - PBP PREPAY 2 Hour Max $2.50 HR 8am-8pm Mon-Sat","8am","8pm","2 hour","Mon-Sat","$2.50 HR","","Y",""
"Test Zone","Test Area","Test Sub Area","MS0004","32.719187000","-117.144733000","50904","Bankers Hill - PBP","","","","","","","",""
"Test Zone","Test Area","Test Sub Area","SD-1234","32.715329000","-117.157255000","57004","Downtown MK5 - 2 Hour Max $2.50 HR, 8am-8pm, Mon-Sat, Prepay, NFC","8am","8pm","2 hour","Mon-Sat","$2.50 HR","","",""
"Uptown","Bankers Hill","2800 FIFTH AVE","5-2800W","32.734938464","-117.160371020","50541","MSPM - PBP PREPAY 2 Hour Max $2.50 HR 8am-8pm Mon-Sat","8am","8pm","2 hour","Mon-Sat","$2.50 HR","","Y",""
"Uptown","Bankers Hill","2100 FIRST AVE","1-2118","32.727500000","-117.164013000","9000","2 Hour Max $2.50 HR 8am-6pm Mon-Sat (NFC)","8am","6pm","2 hour","Mon-Sat","$2.50 HR","","",""
"Uptown","Bankers Hill","2200 FIRST AVE","1-2214","32.728391000","-117.164016000","9000","2 Hour Max $2.50 HR 8am-6pm Mon-Sat (NFC)","8am","6pm","2 hour","Mon-Sat","$2.50 HR","","",""
"Uptown","Bankers Hill","2200 FIRST AVE","1-2215","32.728483000","-117.163831000","9000","2 Hour Max $2.50 HR 8am-6pm Mon-Sat (NFC)","8am","6pm","2 hour","Mon-Sat","$2.50 HR","","",""
"Uptown","Bankers Hill","2200 FIRST AVE","1-2217","32.728578000","-117.163829000","9000","2 Hour Max $2.50 HR 8am-6pm Mon-Sat (NFC)","8am","6pm","2 hour","Mon-Sat","$2.50 HR","","",""
"Uptown","Bankers Hill","2300 FIRST AVE","1-2309","32.729446000","-117.163815000","9000","2 Hour Max $2.50 HR 8am-6pm Mon-Sat (NFC)","8am","6pm","2 hour","Mon-Sat","$2.50 HR","","",""
"Uptown","Bankers Hill","2300 FIRST AVE","1-2312","32.729579000","-117.163998000","9000","2 Hour Max $2.50 HR 8am-6pm Mon-Sat (NFC)","8am","6pm","2 hour","Mon-Sat","$2.50 HR","","",""
"Uptown","Bankers Hill","2300 FIRST AVE","1-2314","32.729695000","-117.163999000","9000","2 Hour Max $2.50 HR 8am-6pm Mon-Sat (NFC)","8am","6pm","2 hour","Mon-Sat","$2.50 HR","","",""
"Uptown","Bankers Hill","2300 FIRST AVE","1-2316","32.729810000","-117.164000000","9000","2 Hour Max $2.50 HR 8am-6pm Mon-Sat (NFC)","8am","6pm","2 hour","Mon-Sat","$2.50 HR","","",""
"Uptown","Bankers Hill","2300 FIRST AVE","1-2318","32.729925000","-117.164000000","9000","2 Hour Max $2.50 HR 8am-6pm Mon-Sat (NFC)","8am","6pm","2 hour","Mon-Sat","$2.50 HR","","",""
"Uptown","Bankers Hill","1700 SECOND AVE","2-1706","32.723173000","-117.163065000","57192","Uptown MK5 - 2 Hour Max $2.50 HR, 8am-8pm, Mon-Sat, Prepay, NFC","8am","8pm","2 hour","Mon-Sat","$2.50 HR","","",""
"Uptown","Bankers Hill","1700 SECOND AVE","2-1708","32.723357000","-117.163066000","57192","Uptown MK5 - 2 Hour Max $2.50 HR, 8am-8pm, Mon-Sat, Prepay, NFC","8am","8pm","2 hour","Mon-Sat","$2.50 HR","","",""
"Uptown","Bankers Hill","1700 SECOND AVE","2-1710","32.723521000","-117.163068000","57192","Uptown MK5 - 2 Hour Max $2.50 HR, 8am-8pm, Mon-Sat, Prepay, NFC","8am","8pm","2 hour","Mon-Sat","$2.50 HR","","",""
"Uptown","Bankers Hill","1700 SECOND AVE","2-1712","32.723684000","-117.163069000","57192","Uptown MK5 - 2 Hour Max $2.50 HR, 8am-8pm, Mon-Sat, Prepay, NFC","8am","8pm","2 hour","Mon-Sat","$2.50 HR","","",""
"Uptown","Bankers Hill","1700 SECOND AVE","2-1714","32.723868000","-117.163070000","57192","Uptown MK5 - 2 Hour Max $2.50 HR, 8am-8pm, Mon-Sat, Prepay, NFC","8am","8pm","2 hour","Mon-Sat","$2.50 HR","","",""
"Uptown","Bankers Hill","1800 SECOND AVE","2-1800","32.724307000","-117.163074000","57192","Uptown MK5 - 2 Hour Max $2.50 HR, 8am-8pm, Mon-Sat, Prepay, NFC","8am","8pm","2 hour","Mon-Sat","$2.50 HR","","",""
"Uptown","Bankers Hill","1800 SECOND AVE","2-1818","32.724498000","-117.163076000","57192","Uptown MK5 - 2 Hour Max $2.50 HR, 8am-8pm, Mon-Sat, Prepay, NFC","8am","8pm","2 hour","Mon-Sat","$2.50 HR","","",""
"Uptown","Bankers Hill","1800 SECOND AVE","2-1820","32.724689000","-117.163078000","57192","Uptown MK5 - 2 Hour Max $2.50 HR, 8am-8pm, Mon-Sat, Prepay, NFC","8am","8pm","2 hour","Mon-Sat","$2.50 HR","","",""
"Uptown","Bankers Hill","1800 SECOND AVE","2-1822","32.724881000","-117.163080000","57192","Uptown MK5 - 2 Hour Max $2.50 HR, 8am-8pm, Mon-Sat, Prepay, NFC","8am","8pm","2 hour","Mon-Sat","$2.50 HR","","",""
"Uptown","Bankers Hill","2100 THIRD AVE","3-2121","32.727851000","-117.162279000","57192","Uptown MK5 - 2 Hour Max $2.50 HR, 8am-8pm, Mon-Sat, Prepay, NFC","8am","8pm","2 hour","Mon-Sat","$2.50 HR","","",""
"Uptown","Bankers Hill","2100 THIRD AVE","3-2131","32.728110000","-117.162234000","57192","Uptown MK5 - 2 Hour Max $2.50 HR, 8am-8pm, Mon-Sat, Prepay, NFC","8am","8pm","2 hour","Mon-Sat","$2.50 HR","","",""
"Uptown","Bankers Hill","2200 THIRD AVE","3-2214","32.728456000","-117.162193000","57192","Uptown MK5 - 2 Hour Max $2.50 HR, 8am-8pm, Mon-Sat, Prepay, NFC","8am","8pm","2 hour","Mon-Sat","$2.50 HR","","",""
"Uptown","Bankers Hill","2200 THIRD AVE","3-2216","32.728628000","-117.162194000","57192","Uptown MK5 - 2 Hour Max $2.50 HR, 8am-8pm, Mon-Sat, Prepay, NFC","8am","8pm","2 hour","Mon-Sat","$2.50 HR","","",""
"Uptown","Bankers Hill","2200 THIRD AVE","3-2220","32.728781000","-117.162195000","57192","Uptown MK5 - 2 Hour Max $2.50 HR, 8am-8pm, Mon-Sat, Prepay, NFC","8am","8pm","2 hour","Mon-Sat","$2.50 HR","","",""
"Uptown","Bankers Hill","2200 THIRD AVE","3-2222","32.728934000","-117.162196000","57192","Uptown MK5 - 2 Hour Max $2.50 HR, 8am-8pm, Mon-Sat, Prepay, NFC","8am","8pm","2 hour","Mon-Sat","$2.50 HR","","",""
"Uptown","Bankers Hill","2200 THIRD AVE","3-2224","32.729106000","-117.162198000","57192","Uptown MK5 - 2 Hour Max $2.50 HR, 8am-8pm, Mon-Sat, Prepay, NFC","8am","8pm","2 hour","Mon-Sat","$2.50 HR","","",""
"Uptown","Bankers Hill","2400 THIRD AVE","3-2405","32.730493000","-117.162029000","57192","Uptown MK5 - 2 Hour Max $2.50 HR, 8am-8pm, Mon-Sat, Prepay, NFC","8am","8pm","2 hour","Mon-Sat","$2.50 HR","","",""
"Uptown","Bankers Hill","2400 THIRD AVE","3-2407","32.730589000","-117.162030000","57192","Uptown MK5 - 2 Hour Max $2.50 HR, 8am-8pm, Mon-Sat, Prepay, NFC","8am","8pm","2 hour","Mon-Sat","$2.50 HR","","",""
"Uptown","Bankers Hill","2400 THIRD AVE","3-2411","32.730684000","-117.162031000","57192","Uptown MK5 - 2 Hour Max $2.50 HR, 8am-8pm, Mon-Sat, Prepay, NFC","8am","8pm","2 hour","Mon-Sat","$2.50 HR","","",""
"Uptown","Bankers Hill","2400 THIRD AVE","3-2413","32.730779000","-117.162032000","57192","Uptown MK5 - 2 Hour Max $2.50 HR, 8am-8pm, Mon-Sat, Prepay, NFC","8am","8pm","2 hour","Mon-Sat","$2.50 HR","","",""
"Uptown","Bankers Hill","2400 THIRD AVE","3-2417","32.730875000","-117.162033000","57192","Uptown MK5 - 2 Hour Max $2.50 HR, 8am-8pm, Mon-Sat, Prepay, NFC","8am","8pm","2 hour","Mon-Sat","$2.50 HR","","",""
"Uptown","Bankers Hill","2400 THIRD AVE","3-2421","32.730970000","-117.162034000","57192","Uptown MK5 - 2 Hour Max $2.50 HR, 8am-8pm, Mon-Sat, Prepay, NFC","8am","8pm","2 hour","Mon-Sat","$2.50 HR","","",""
"Uptown","Bankers Hill","2400 THIRD AVE","3-2423","32.731066000","-117.162035000","57192","Uptown MK5 - 2 Hour Max $2.50 HR, 8am-8pm, Mon-Sat, Prepay, NFC","8am","8pm","2 hour","Mon-Sat","$2.50 HR","","",""
"Uptown","Bankers Hill","2400 THIRD AVE","3-2442","32.731160000","-117.162218000","57192","Uptown MK5 - 2 Hour Max $2.50 HR, 8am-8pm, Mon-Sat, Prepay, NFC","8am","8pm","2 hour","Mon-Sat","$2.50 HR","","",""
"Uptown","Bankers Hill","400 THORN ST","TH-412","32.739789000","-117.160577000","9115","15 Min Max 8am-6pm Mon-Sat (Sensor Courtesy)","8am","6pm","15 min","Mon-Sat","","","",""
"Uptown","Bankers Hill","400 THORN ST","TH-414","32.739793000","-117.160579000","9115","15 Min Max 8am-6pm Mon-Sat (Sensor Courtesy)","8am","6pm","15 min","Mon-Sat","","","",""
"Uptown","Bankers Hill","400 THORN ST","TH-408","32.739834000","-117.160982000","57192","Uptown MK5 - 2 Hour Max $2.50 HR, 8am-8pm, Mon-Sat, Prepay, NFC","8am","8pm","2 hour","Mon-Sat","$2.50 HR","","",""
"Uptown","Bankers Hill","400 THORN ST","TH-411","32.739536000","-117.160885000","60312","Uptown MK5 - 4 Hour Max $2.50 HR, 8am-8pm Mon-Sat (Mobile Pay) (NFC)","8am","8pm","4 hour","Mon-Sat","$2.50 HR","Y","",""
"Uptown","Bankers Hill","400 THORN ST","TH-403","32.739660000","-117.160990000","60312","Uptown MK5 - 4 Hour Max $2.50 HR, 8am-8pm Mon-Sat (Mobile Pay) (NFC)","8am","8pm","4 hour","Mon-Sat","$2.50 HR","Y","",""
"Uptown","Bankers Hill","400 THORN ST","TH-405","32.739705000","-117.160850000","60312","Uptown MK5 - 4 Hour Max $2.50 HR, 8am-8pm Mon-Sat (Mobile Pay) (NFC)","8am","8pm","4 hour","Mon-Sat","$2.50 HR","Y","",""
"Uptown","Bankers Hill","400 THORN ST","TH-407","32.739711000","-117.160948000","60312","Uptown MK5 - 4 Hour Max $2.50 HR, 8am-8pm Mon-Sat (Mobile Pay) (NFC)","8am","8pm","4 hour","Mon-Sat","$2.50 HR","Y","",""
"Uptown","Bankers Hill","400 THORN ST","TH-409","32.739682000","-117.160899000","60312","Uptown MK5 - 4 Hour Max $2.50 HR, 8am-8pm Mon-Sat (Mobile Pay) (NFC)","8am","8pm","4 hour","Mon-Sat","$2.50 HR","Y","",""
"Uptown","Bankers Hill","400 THORN ST","TH-415","32.739705000","-117.160764000","60312","Uptown MK5 - 4 Hour Max $2.50 HR, 8am-8pm Mon-Sat (Mobile Pay) (NFC)","8am","8pm","4 hour","Mon-Sat","$2.50 HR","Y","",""
"Uptown","Bankers Hill","400 THORN ST","TH-417","32.739561000","-117.160744000","60312","Uptown MK5 - 4 Hour Max $2.50 HR, 8am-8pm Mon-Sat (Mobile Pay) (NFC)","8am","8pm","4 hour","Mon-Sat","$2.50 HR","Y","",""
"Uptown","Bankers Hill","400 THORN ST","TH-419","32.739701000","-117.160682000","60312","Uptown MK5 - 4 Hour Max $2.50 HR, 8am-8pm Mon-Sat (Mobile Pay) (NFC)","8am","8pm","4 hour","Mon-Sat","$2.50 HR","Y","",""
"Uptown","Bankers Hill","400 THORN ST","TH-421","32.739602000","-117.160636000","60312","Uptown MK5 - 4 Hour Max $2.50 HR, 8am-8pm Mon-Sat (Mobile Pay) (NFC)","8am","8pm","4 hour","Mon-Sat","$2.50 HR","Y","",""
"Uptown","Bankers Hill","400 THORN ST","TH-423","32.739693000","-117.160575000","60312","Uptown MK5 - 4 Hour Max $2.50 HR, 8am-8pm Mon-Sat (Mobile Pay) (NFC)","8am","8pm","4 hour","Mon-Sat","$2.50 HR","Y","",""
"Uptown","Bankers Hill","1700 SIXTH AVE","6-1710","32.723211000","-117.159452000","57192","Uptown MK5 - 2 Hour Max $2.50 HR, 8am-8pm, Mon-Sat, Prepay, NFC","8am","8pm","2 hour","Mon-Sat","$2.50 HR","","",""
"Uptown","Bankers Hill","1700 SIXTH AVE","6-1718","32.723396000","-117.159469000","57192","Uptown MK5 - 2 Hour Max $2.50 HR, 8am-8pm, Mon-Sat, Prepay, NFC","8am","8pm","2 hour","Mon-Sat","$2.50 HR","","",""
"Uptown","Bankers Hill","1700 SIXTH AVE","6-1720","32.723547000","-117.159484000","57192","Uptown MK5 - 2 Hour Max $2.50 HR, 8am-8pm, Mon-Sat, Prepay, NFC","8am","8pm","2 hour","Mon-Sat","$2.50 HR","","",""
"Uptown","Bankers Hill","1700 SIXTH AVE","6-1722","32.723692000","-117.159500000","57192","Uptown MK5 - 2 Hour Max $2.50 HR, 8am-8pm, Mon-Sat, Prepay, NFC","8am","8pm","2 hour","Mon-Sat","$2.50 HR","","",""
"Uptown","Bankers Hill","1700 SIXTH AVE","6-1724","32.723894000","-117.159528000","57192","Uptown MK5 - 2 Hour Max $2.50 HR, 8am-8pm, Mon-Sat, Prepay, NFC","8am","8pm","2 hour","Mon-Sat","$2.50 HR","","",""
"Uptown","Bankers Hill","1700 FIFTH AVE","5-1709","32.723611000","-117.160150000","57192","Uptown MK5 - 2 Hour Max $2.50 HR, 8am-8pm, Mon-Sat, Prepay, NFC","8am","8pm","2 hour","Mon-Sat","$2.50 HR","","",""
"Uptown","Bankers Hill","1700 FIFTH AVE","5-1711","32.723685000","-117.160151000","57192","Uptown MK5 - 2 Hour Max $2.50 HR, 8am-8pm, Mon-Sat, Prepay, NFC","8am","8pm","2 hour","Mon-Sat","$2.50 HR","","",""
"Uptown","Bankers Hill","1700 FIFTH AVE","5-1707","32.723519000","-117.160149000","57192","Uptown MK5 - 2 Hour Max $2.50 HR, 8am-8pm, Mon-Sat, Prepay, NFC","8am","8pm","2 hour","Mon-Sat","$2.50 HR","","",""
"Uptown","Bankers Hill","1700 FIFTH AVE","5-1701","32.723281000","-117.160147000","57192","Uptown MK5 - 2 Hour Max $2.50 HR, 8am-8pm, Mon-Sat, Prepay, NFC","8am","8pm","2 hour","Mon-Sat","$2.50 HR","","",""
"Uptown","Bankers Hill","1700 FIFTH AVE","5-1705","32.723446000","-117.160149000","57192","Uptown MK5 - 2 Hour Max $2.50 HR, 8am-8pm, Mon-Sat, Prepay, NFC","8am","8pm","2 hour","Mon-Sat","$2.50 HR","","",""
"Uptown","Bankers Hill","1700 FIFTH AVE","5-1700W","32.723528010","-117.160311341","50541","MSPM - PBP PREPAY 2 Hour Max $2.50 HR 8am-8pm Mon-Sat","8am","8pm","2 hour","Mon-Sat","$2.50 HR","","Y",""
"Uptown","Bankers Hill","100 ELM ST","EM-105","32.723986000","-117.163745000","57192","Uptown MK5 - 2 Hour Max $2.50 HR, 8am-8pm, Mon-Sat, Prepay, NFC","8am","8pm","2 hour","Mon-Sat","$2.50 HR","","",""
"Uptown","Bankers Hill","100 ELM ST","EM-107","32.723986000","-117.163645000","57192","Uptown MK5 - 2 Hour Max $2.50 HR, 8am-8pm, Mon-Sat, Prepay, NFC","8am","8pm","2 hour","Mon-Sat","$2.50 HR","","",""
"Uptown","Bankers Hill","100 ELM ST","EM-109","32.723986000","-117.163544000","57192","Uptown MK5 - 2 Hour Max $2.50 HR, 8am-8pm, Mon-Sat, Prepay, NFC","8am","8pm","2 hour","Mon-Sat","$2.50 HR","","",""
"Uptown","Bankers Hill","100 ELM ST","EM-110","32.724140000","-117.163428000","57192","Uptown MK5 - 2 Hour Max $2.50 HR, 8am-8pm, Mon-Sat, Prepay, NFC","8am","8pm","2 hour","Mon-Sat","$2.50 HR","","",""
"Uptown","Bankers Hill","100 ELM ST","EM-112","32.724141000","-117.163327000","57192","Uptown MK5 - 2 Hour Max $2.50 HR, 8am-8pm, Mon-Sat, Prepay, NFC","8am","8pm","2 hour","Mon-Sat","$2.50 HR","","",""
"Uptown","Bankers Hill","100 ELM ST","EM-114","32.724141000","-117.163210000","57192","Uptown MK5 - 2 Hour Max $2.50 HR, 8am-8pm, Mon-Sat, Prepay, NFC","8am","8pm","2 hour","Mon-Sat","$2.50 HR","","",""
"Uptown","Bankers Hill","100 ELM ST","EM-115","32.723987000","-117.163126000","57192","Uptown MK5 - 2 Hour Max $2.50 HR, 8am-8pm, Mon-Sat, Prepay, NFC","8am","8pm","2 hour","Mon-Sat","$2.50 HR","","",""
"Uptown","Bankers Hill","100 FIR ST","FI-101","32.725025000","-117.163755000","57192","Uptown MK5 - 2 Hour Max $2.50 HR, 8am-8pm, Mon-Sat, Prepay, NFC","8am","8pm","2 hour","Mon-Sat","$2.50 HR","","",""
"Uptown","Bankers Hill","100 FIR ST","FI-103","32.725026000","-117.163655000","57192","Uptown MK5 - 2 Hour Max $2.50 HR, 8am-8pm, Mon-Sat, Prepay, NFC","8am","8pm","2 hour","Mon-Sat","$2.50 HR","","",""
"Uptown","Bankers Hill","100 FIR ST","FI-105","32.725026000","-117.163555000","57192","Uptown MK5 - 2 Hour Max $2.50 HR, 8am-8pm, Mon-Sat, Prepay, NFC","8am","8pm","2 hour","Mon-Sat","$2.50 HR","","",""
"Uptown","Bankers Hill","100 FIR ST","FI-107","32.725027000","-117.163438000","57192","Uptown MK5 - 2 Hour Max $2.50 HR, 8am-8pm, Mon-Sat, Prepay, NFC","8am","8pm","2 hour","Mon-Sat","$2.50 HR","","",""
"Uptown","Bankers Hill","100 FIR ST","FI-111","32.725027000","-117.163337000","57192","Uptown MK5 - 2 Hour Max $2.50 HR, 8am-8pm, Mon-Sat, Prepay, NFC","8am","8pm","2 hour","Mon-Sat","$2.50 HR","","",""
"Uptown","Bankers Hill","100 FIR ST","FI-113","32.725028000","-117.163237000","57192","Uptown MK5 - 2 Hour Max $2.50 HR, 8am-8pm, Mon-Sat, Prepay, NFC","8am","8pm","2 hour","Mon-Sat","$2.50 HR","","",""
"Uptown","Bankers Hill","100 JUNIPER ST","JN-102","32.729360000","-117.163458000","60312","Uptown MK5 - 4 Hour Max $2.50 HR, 8am-8pm Mon-Sat (Mobile Pay) (NFC)","8am","8pm","4 hour","Mon-Sat","$2.50 HR","Y","",""
"Uptown","Bankers Hill","100 JUNIPER ST","JN-104","32.729363000","-117.163248000","60312","Uptown MK5 - 4 Hour Max $2.50 HR, 8am-8pm Mon-Sat (Mobile Pay) (NFC)","8am","8pm","4 hour","Mon-Sat","$2.50 HR","Y","",""
"Uptown","Bankers Hill","100 NUTMEG ST","NU-102","32.733545000","-117.163589000","57192","Uptown MK5 - 2 Hour Max $2.50 HR, 8am-8pm, Mon-Sat, Prepay, NFC","8am","8pm","2 hour","Mon-Sat","$2.50 HR","","",""
"Uptown","Bankers Hill","100 NUTMEG ST","NU-114","32.733546000","-117.163424000","57192","Uptown MK5 - 2 Hour Max $2.50 HR, 8am-8pm, Mon-Sat, Prepay, NFC","8am","8pm","2 hour","Mon-Sat","$2.50 HR","","",""
"Uptown","Bankers Hill","100 NUTMEG ST","NU-116","32.733547000","-117.163259000","57192","Uptown MK5 - 2 Hour Max $2.50 HR, 8am-8pm, Mon-Sat, Prepay, NFC","8am","8pm","2 hour","Mon-Sat","$2.50 HR","","",""
"Uptown","Bankers Hill","100 WEST JUNIPER ST","WJN-101","32.729203000","-117.163730000","57192","Uptown MK5 - 2 Hour Max $2.50 HR, 8am-8pm, Mon-Sat, Prepay, NFC","8am","8pm","2 hour","Mon-Sat","$2.50 HR","","",""
"Uptown","Bankers Hill","100 WEST JUNIPER ST","WJN-102","32.729358000","-117.163652000","57192","Uptown MK5 - 2 Hour Max $2.50 HR, 8am-8pm, Mon-Sat, Prepay, NFC","8am","8pm","2 hour","Mon-Sat","$2.50 HR","","",""
"Uptown","Bankers Hill","100 WEST JUNIPER ST","WJN-103","32.729205000","-117.163601000","57192","Uptown MK5 - 2 Hour Max $2.50 HR, 8am-8pm, Mon-Sat, Prepay, NFC","8am","8pm","2 hour","Mon-Sat","$2.50 HR","","",""
"Uptown","Bankers Hill","100 WEST JUNIPER ST","WJN-105","32.729206000","-117.163455000","57192","Uptown MK5 - 2 Hour Max $2.50 HR, 8am-8pm, Mon-Sat, Prepay, NFC","8am","8pm","2 hour","Mon-Sat","$2.50 HR","","",""
"Uptown","Bankers Hill","100 WEST JUNIPER ST","WJN-108","32.729361000","-117.163393000","57192","Uptown MK5 - 2 Hour Max $2.50 HR, 8am-8pm, Mon-Sat, Prepay, NFC","8am","8pm","2 hour","Mon-Sat","$2.50 HR","","",""
"Uptown","Bankers Hill","100 WEST JUNIPER ST","WJN-114","32.729362000","-117.163329000","57192","Uptown MK5 - 2 Hour Max $2.50 HR, 8am-8pm, Mon-Sat, Prepay, NFC","8am","8pm","2 hour","Mon-Sat","$2.50 HR","","",""
"Uptown","Bankers Hill","1800 FIFTH AVE","5-1805","32.724253000","-117.160156000","57192","Uptown MK5 - 2 Hour Max $2.50 HR, 8am-8pm, Mon-Sat, Prepay, NFC","8am","8pm","2 hour","Mon-Sat","$2.50 HR","","",""
"Uptown","Bankers Hill","1800 FIFTH AVE","5-1807","32.724330000","-117.160157000","57192","Uptown MK5 - 2 Hour Max $2.50 HR, 8am-8pm, Mon-Sat, Prepay, NFC","8am","8pm","2 hour","Mon-Sat","$2.50 HR","","",""
"Uptown","Bankers Hill","1800 FIFTH AVE","5-1809","32.724407000","-117.160157000","57192","Uptown MK5 - 2 Hour Max $2.50 HR, 8am-8pm, Mon-Sat, Prepay, NFC","8am","8pm","2 hour","Mon-Sat","$2.50 HR","","",""
"Uptown","Bankers Hill","1800 FIFTH AVE","5-1811","32.724484000","-117.160158000","57192","Uptown MK5 - 2 Hour Max $2.50 HR, 8am-8pm, Mon-Sat, Prepay, NFC","8am","8pm","2 hour","Mon-Sat","$2.50 HR","","",""
"Uptown","Bankers Hill","1800 FIFTH AVE","5-1813","32.724561000","-117.160159000","57192","Uptown MK5 - 2 Hour Max $2.50 HR, 8am-8pm, Mon-Sat, Prepay, NFC","8am","8pm","2 hour","Mon-Sat","$2.50 HR","","",""
"Uptown","Bankers Hill","1800 FIFTH AVE","5-1815","32.724619000","-117.160159000","57192","Uptown MK5 - 2 Hour Max $2.50 HR, 8am-8pm, Mon-Sat, Prepay, NFC","8am","8pm","2 hour","Mon-Sat","$2.50 HR","","",""
"Uptown","Bankers Hill","1800 FIFTH AVE","5-1817","32.724696000","-117.160160000","57192","Uptown MK5 - 2 Hour Max $2.50 HR, 8am-8pm, Mon-Sat, Prepay, NFC","8am","8pm","2 hour","Mon-Sat","$2.50 HR","","",""
"Uptown","Bankers Hill","1800 FIFTH AVE","5-1819","32.724774000","-117.160160000","57192","Uptown MK5 - 2 Hour Max $2.50 HR, 8am-8pm, Mon-Sat, Prepay, NFC","8am","8pm","2 hour","Mon-Sat","$2.50 HR","","",""
"Uptown","Bankers Hill","1800 FIFTH AVE","5-1800W","32.724512690","-117.160314023","50541","MSPM - PBP PREPAY 2 Hour Max $2.50 HR 8am-8pm Mon-Sat","8am","8pm","2 hour","Mon-Sat","$2.50 HR","","Y",""
"Uptown","Bankers Hill","1800 FIFTH AVE","5-1803","32.724176000","-117.160156000","9115","15 Min Max 8am-6pm Mon-Sat (Sensor Courtesy)","8am","6pm","15 min","Mon-Sat","","","",""
"Uptown","Bankers Hill","1800 FOURTH AVE","4-1800E","32.719187000","-117.144733000","50904","Bankers Hill - PBP","","","","","","","",""
"Uptown","Bankers Hill","1800 FOURTH AVE","4-1824","32.724848000","-117.161256000","57192","Uptown MK5 - 2 Hour Max $2.50 HR, 8am-8pm, Mon-Sat, Prepay, NFC","8am","8pm","2 hour","Mon-Sat","$2.50 HR","","",""
"Uptown","Bankers Hill","1800 FOURTH AVE","4-1826","32.724964000","-117.161257000","57192","Uptown MK5 - 2 Hour Max $2.50 HR, 8am-8pm, Mon-Sat, Prepay, NFC","8am","8pm","2 hour","Mon-Sat","$2.50 HR","","",""
"Uptown","Bankers Hill","1900 FIFTH AVE","5-1900W","32.725511463","-117.160307653","50541","MSPM - PBP PREPAY 2 Hour Max $2.50 HR 8am-8pm Mon-Sat","8am","8pm","2 hour","Mon-Sat","$2.50 HR","","Y",""
"Uptown","Bankers Hill","1900 FOURTH AVE","4-1900E","32.725751211","-117.161101251","56949","Uptown MS3 - 2 Hour Max $2.50 HR, 8am-8pm, Mon-Sat, Prepay, NFC","8am","8pm","2 hour","Mon-Sat","$2.50 HR","","",""
"Uptown","Bankers Hill","2000 FIFTH AVE","5-2000W","32.726644481","-117.160351910","50541","MSPM - PBP PREPAY 2 Hour Max $2.50 HR 8am-8pm Mon-Sat","8am","8pm","2 hour","Mon-Sat","$2.50 HR","","Y",""
"Uptown","Bankers Hill","2000 FIFTH AVE","5-2001","32.727125000","-117.160177000","57192","Uptown MK5 - 2 Hour Max $2.50 HR, 8am-8pm, Mon-Sat, Prepay, NFC","8am","8pm","2 hour","Mon-Sat","$2.50 HR","","",""
"Uptown","Bankers Hill","2000 FIFTH AVE","5-2003","32.727125000","-117.160177000","57192","Uptown MK5 - 2 Hour Max $2.50 HR, 8am-8pm, Mon-Sat, Prepay, NFC","8am","8pm","2 hour","Mon-Sat","$2.50 HR","","",""
"Uptown","Bankers Hill","2000 FIFTH AVE","5-2005","32.727125000","-117.160177000","57192","Uptown MK5 - 2 Hour Max $2.50 HR, 8am-8pm, Mon-Sat, Prepay, NFC","8am","8pm","2 hour","Mon-Sat","$2.50 HR","","",""
"Uptown","Bankers Hill","2000 FIFTH AVE","5-2007","32.726457000","-117.160172000","57192","Uptown MK5 - 2 Hour Max $2.50 HR, 8am-8pm, Mon-Sat, Prepay, NFC","8am","8pm","2 hour","Mon-Sat","$2.50 HR","","",""
"Uptown","Bankers Hill","2000 FIFTH AVE","5-2009","32.726552000","-117.160173000","57192","Uptown MK5 - 2 Hour Max $2.50 HR, 8am-8pm, Mon-Sat, Prepay, NFC","8am","8pm","2 hour","Mon-Sat","$2.50 HR","","",""
"Uptown","Bankers Hill","2000 FIFTH AVE","5-2011","32.726648000","-117.160174000","57192","Uptown MK5 - 2 Hour Max $2.50 HR, 8am-8pm, Mon-Sat, Prepay, NFC","8am","8pm","2 hour","Mon-Sat","$2.50 HR","","",""
"Uptown","Bankers Hill","2000 FIFTH AVE","5-2013","32.726743000","-117.160174000","57192","Uptown MK5 - 2 Hour Max $2.50 HR, 8am-8pm, Mon-Sat, Prepay, NFC","8am","8pm","2 hour","Mon-Sat","$2.50 HR","","",""
"Uptown","Bankers Hill","2000 FIFTH AVE","5-2015","32.726839000","-117.160175000","57192","Uptown MK5 - 2 Hour Max $2.50 HR, 8am-8pm, Mon-Sat, Prepay, NFC","8am","8pm","2 hour","Mon-Sat","$2.50 HR","","",""
"Uptown","Bankers Hill","2000 FIFTH AVE","5-2017","32.726934000","-117.160176000","57192","Uptown MK5 - 2 Hour Max $2.50 HR, 8am-8pm, Mon-Sat, Prepay, NFC","8am","8pm","2 hour","Mon-Sat","$2.50 HR","","",""
"Uptown","Bankers Hill","2000 FIFTH AVE","5-2019","32.727029000","-117.160176000","57192","Uptown MK5 - 2 Hour Max $2.50 HR, 8am-8pm, Mon-Sat, Prepay, NFC","8am","8pm","2 hour","Mon-Sat","$2.50 HR","","",""
"Uptown","Bankers Hill","2000 FIFTH AVE","5-2021","32.727125000","-117.160177000","57192","Uptown MK5 - 2 Hour Max $2.50 HR, 8am-8pm, Mon-Sat, Prepay, NFC","8am","8pm","2 hour","Mon-Sat","$2.50 HR","","",""
"Uptown","Bankers Hill","2000 FIRST AVE","1-2320","32.730043000","-117.164148000","57192","Uptown MK5 - 2 Hour Max $2.50 HR, 8am-8pm, Mon-Sat, Prepay, NFC","8am","8pm","2 hour","Mon-Sat","$2.50 HR","","",""
"Uptown","Bankers Hill","2000 FIRST AVE","1-2001","32.726293000","-117.163823000","57192","Uptown MK5 - 2 Hour Max $2.50 HR, 8am-8pm, Mon-Sat, Prepay, NFC","8am","8pm","2 hour","Mon-Sat","$2.50 HR","","",""
"Uptown","Bankers Hill","2000 FIRST AVE","1-2005","32.726410000","-117.163823000","57192","Uptown MK5 - 2 Hour Max $2.50 HR, 8am-8pm, Mon-Sat, Prepay, NFC","8am","8pm","2 hour","Mon-Sat","$2.50 HR","","",""
"Uptown","Bankers Hill","2000 FIRST AVE","1-2007","32.726507000","-117.163824000","57192","Uptown MK5 - 2 Hour Max $2.50 HR, 8am-8pm, Mon-Sat, Prepay, NFC","8am","8pm","2 hour","Mon-Sat","$2.50 HR","","",""
"Uptown","Bankers Hill","2000 FIRST AVE","1-2009","32.726623000","-117.163825000","57192","Uptown MK5 - 2 Hour Max $2.50 HR, 8am-8pm, Mon-Sat, Prepay, NFC","8am","8pm","2 hour","Mon-Sat","$2.50 HR","","",""
"Uptown","Bankers Hill","2000 FIRST AVE","1-2011","32.726720000","-117.163826000","57192","Uptown MK5 - 2 Hour Max $2.50 HR, 8am-8pm, Mon-Sat, Prepay, NFC","8am","8pm","2 hour","Mon-Sat","$2.50 HR","","",""
"Uptown","Bankers Hill","2000 FIRST AVE","1-2013","32.726836000","-117.163827000","57192","Uptown MK5 - 2 Hour Max $2.50 HR, 8am-8pm, Mon-Sat, Prepay, NFC","8am","8pm","2 hour","Mon-Sat","$2.50 HR","","",""
"Uptown","Bankers Hill","2000 FIRST AVE","1-2021","32.727049000","-117.163828000","57192","Uptown MK5 - 2 Hour Max $2.50 HR, 8am-8pm, Mon-Sat, Prepay, NFC","8am","8pm","2 hour","Mon-Sat","$2.50 HR","","",""
"Uptown","Bankers Hill","2000 FOURTH AVE","4-2000E","32.726713020","-117.161090858","56949","Uptown MS3 - 2 Hour Max $2.50 HR, 8am-8pm, Mon-Sat, Prepay, NFC","8am","8pm","2 hour","Mon-Sat","$2.50 HR","","",""
"Uptown","Bankers Hill","2100 FIFTH AVE","5-2100W","32.727707820","-117.160336822","50541","MSPM - PBP PREPAY 2 Hour Max $2.50 HR 8am-8pm Mon-Sat","8am","8pm","2 hour","Mon-Sat","$2.50 HR","","Y",""
"Uptown","Bankers Hill","2100 FIFTH AVE","5-2121","32.727862000","-117.160180000","57192","Uptown MK5 - 2 Hour Max $2.50 HR, 8am-8pm, Mon-Sat, Prepay, NFC","8am","8pm","2 hour","Mon-Sat","$2.50 HR","","",""
"Uptown","Bankers Hill","2100 FIFTH AVE","5-2123","32.727977000","-117.160181000","57192","Uptown MK5 - 2 Hour Max $2.50 HR, 8am-8pm, Mon-Sat, Prepay, NFC","8am","8pm","2 hour","Mon-Sat","$2.50 HR","","",""
"Uptown","Bankers Hill","2100 FIFTH AVE","5-2125","32.728092000","-117.160181000","57192","Uptown MK5 - 2 Hour Max $2.50 HR, 8am-8pm, Mon-Sat, Prepay, NFC","8am","8pm","2 hour","Mon-Sat","$2.50 HR","","",""
"Uptown","Bankers Hill","2100 FIFTH AVE","5-2119","32.727747000","-117.160180000","57192","Uptown MK5 - 2 Hour Max $2.50 HR, 8am-8pm, Mon-Sat, Prepay, NFC","8am","8pm","2 hour","Mon-Sat","$2.50 HR","","",""
"Uptown","Bankers Hill","2100 FOURTH AVE","4-2112","32.728049000","-117.161282000","57192","Uptown MK5 - 2 Hour Max $2.50 HR, 8am-8pm, Mon-Sat, Prepay, NFC","8am","8pm","2 hour","Mon-Sat","$2.50 HR","","",""
"Uptown","Bankers Hill","2100 FOURTH AVE","4-2114","32.727876000","-117.161280000","57192","Uptown MK5 - 2 Hour Max $2.50 HR, 8am-8pm, Mon-Sat, Prepay, NFC","8am","8pm","2 hour","Mon-Sat","$2.50 HR","","",""
"Uptown","Bankers Hill","2100 FOURTH AVE","4-2116","32.727953000","-117.161281000","57192","Uptown MK5 - 2 Hour Max $2.50 HR, 8am-8pm, Mon-Sat, Prepay, NFC","8am","8pm","2 hour","Mon-Sat","$2.50 HR","","",""
"Uptown","Bankers Hill","2100 FOURTH AVE","4-2120","32.728049000","-117.161282000","57192","Uptown MK5 - 2 Hour Max $2.50 HR, 8am-8pm, Mon-Sat, Prepay, NFC","8am","8pm","2 hour","Mon-Sat","$2.50 HR","","",""
"Uptown","Bankers Hill","2200 FIFTH AVE","5-2200W","32.728899194","-117.160341181","50541","MSPM - PBP PREPAY 2 Hour Max $2.50 HR 8am-8pm Mon-Sat","8am","8pm","2 hour","Mon-Sat","$2.50 HR","","Y",""
"Uptown","Bankers Hill","2200 FOURTH AVE","4-2202","32.728422000","-117.161286000","57192","Uptown MK5 - 2 Hour Max $2.50 HR, 8am-8pm, Mon-Sat, Prepay, NFC","8am","8pm","2 hour","Mon-Sat","$2.50 HR","","",""
"Uptown","Bankers Hill","2200 FOURTH AVE","4-2204","32.728556000","-117.161286000","57192","Uptown MK5 - 2 Hour Max $2.50 HR, 8am-8pm, Mon-Sat, Prepay, NFC","8am","8pm","2 hour","Mon-Sat","$2.50 HR","","",""
"Uptown","Bankers Hill","2200 FOURTH AVE","4-2208","32.728671000","-117.161287000","57192","Uptown MK5 - 2 Hour Max $2.50 HR, 8am-8pm, Mon-Sat, Prepay, NFC","8am","8pm","2 hour","Mon-Sat","$2.50 HR","","",""
"Uptown","Bankers Hill","2200 FOURTH AVE","4-2210","32.728786000","-117.161288000","57192","Uptown MK5 - 2 Hour Max $2.50 HR, 8am-8pm, Mon-Sat, Prepay, NFC","8am","8pm","2 hour","Mon-Sat","$2.50 HR","","",""
"Uptown","Bankers Hill","2200 FOURTH AVE","4-2212","32.728901000","-117.161289000","57192","Uptown MK5 - 2 Hour Max $2.50 HR, 8am-8pm, Mon-Sat, Prepay, NFC","8am","8pm","2 hour","Mon-Sat","$2.50 HR","","",""
"Uptown","Bankers Hill","2200 FOURTH AVE","4-2214","32.729036000","-117.161290000","57192","Uptown MK5 - 2 Hour Max $2.50 HR, 8am-8pm, Mon-Sat, Prepay, NFC","8am","8pm","2 hour","Mon-Sat","$2.50 HR","","",""
"Uptown","Bankers Hill","2200 FOURTH AVE","4-2216","32.729151000","-117.161291000","57192","Uptown MK5 - 2 Hour Max $2.50 HR, 8am-8pm, Mon-Sat, Prepay, NFC","8am","8pm","2 hour","Mon-Sat","$2.50 HR","","",""
"Uptown","Bankers Hill","2200 FOURTH AVE","4-2218","32.729151000","-117.161291000","57192","Uptown MK5 - 2 Hour Max $2.50 HR, 8am-8pm, Mon-Sat, Prepay, NFC","8am","8pm","2 hour","Mon-Sat","$2.50 HR","","",""
"Uptown","Bankers Hill","2200 FOURTH AVE","4-2220","32.729151000","-117.161291000","57192","Uptown MK5 - 2 Hour Max $2.50 HR, 8am-8pm, Mon-Sat, Prepay, NFC","8am","8pm","2 hour","Mon-Sat","$2.50 HR","","",""
"Uptown","Bankers Hill","2300 FIFTH AVE","5-2311","32.729975000","-117.160197000","57192","Uptown MK5 - 2 Hour Max $2.50 HR, 8am-8pm, Mon-Sat, Prepay, NFC","8am","8pm","2 hour","Mon-Sat","$2.50 HR","","",""
"Uptown","Bankers Hill","2300 FIFTH AVE","5-2313","32.730033000","-117.160197000","57192","Uptown MK5 - 2 Hour Max $2.50 HR, 8am-8pm, Mon-Sat, Prepay, NFC","8am","8pm","2 hour","Mon-Sat","$2.50 HR","","",""
"Uptown","Bankers Hill","2300 FIFTH AVE","5-2300W","32.729763100","-117.160349898","50541","MSPM - PBP PREPAY 2 Hour Max $2.50 HR 8am-8pm Mon-Sat","8am","8pm","2 hour","Mon-Sat","$2.50 HR","","Y",""
"Uptown","Bankers Hill","2400 FIFTH AVE","5-2400W","32.730735020","-117.160355598","50541","MSPM - PBP PREPAY 2 Hour Max $2.50 HR 8am-8pm Mon-Sat","8am","8pm","2 hour","Mon-Sat","$2.50 HR","","Y",""
"Uptown","Bankers Hill","2400 FOURTH AVE","4-2400E","32.730807222","-117.161137126","56949","Uptown MS3 - 2 Hour Max $2.50 HR, 8am-8pm, Mon-Sat, Prepay, NFC","8am","8pm","2 hour","Mon-Sat","$2.50 HR","","",""
"Uptown","Bankers Hill","2400 FOURTH AVE","4-2402","32.730512771","-117.161285988","57192","Uptown MK5 - 2 Hour Max $2.50 HR, 8am-8pm, Mon-Sat, Prepay, NFC","8am","8pm","2 hour","Mon-Sat","$2.50 HR","","",""
"Uptown","Bankers Hill","2400 FOURTH AVE","4-2414","32.730898000","-117.161302000","57192","Uptown MK5 - 2 Hour Max $2.50 HR, 8am-8pm, Mon-Sat, Prepay, NFC","8am","8pm","2 hour","Mon-Sat","$2.50 HR","","",""
"Uptown","Bankers Hill","2400 FOURTH AVE","4-2420","32.731012000","-117.161302000","57192","Uptown MK5 - 2 Hour Max $2.50 HR, 8am-8pm, Mon-Sat, Prepay, NFC","8am","8pm","2 hour","Mon-Sat","$2.50 HR","","",""
"Uptown","Bankers Hill","2400 FOURTH AVE","4-2422","32.731127000","-117.161303000","57192","Uptown MK5 - 2 Hour Max $2.50 HR, 8am-8pm, Mon-Sat, Prepay, NFC","8am","8pm","2 hour","Mon-Sat","$2.50 HR","","",""
"Uptown","Bankers Hill","2400 FOURTH AVE","4-2424","32.731241000","-117.161303000","57192","Uptown MK5 - 2 Hour Max $2.50 HR, 8am-8pm, Mon-Sat, Prepay, NFC","8am","8pm","2 hour","Mon-Sat","$2.50 HR","","",""
"Uptown","Bankers Hill","2400 FOURTH AVE","4-2408","32.730771967","-117.161297723","57192","Uptown MK5 - 2 Hour Max $2.50 HR, 8am-8pm, Mon-Sat, Prepay, NFC","8am","8pm","2 hour","Mon-Sat","$2.50 HR","","",""
"Uptown","Bankers Hill","2400 FOURTH AVE","4-2410","32.730769710","-117.161286324","57192","Uptown MK5 - 2 Hour Max $2.50 HR, 8am-8pm, Mon-Sat, Prepay, NFC","8am","8pm","2 hour","Mon-Sat","$2.50 HR","","",""
"Uptown","Bankers Hill","2500 FIFTH AVE","5-2500W","32.732035785","-117.160350569","50541","MSPM - PBP PREPAY 2 Hour Max $2.50 HR 8am-8pm Mon-Sat","8am","8pm","2 hour","Mon-Sat","$2.50 HR","","Y",""
"Uptown","Bankers Hill","2500 FOURTH AVE","4-2500E","32.731955404","-117.161172665","56949","Uptown MS3 - 2 Hour Max $2.50 HR, 8am-8pm, Mon-Sat, Prepay, NFC","8am","8pm","2 hour","Mon-Sat","$2.50 HR","","",""
"Uptown","Bankers Hill","2500 FOURTH AVE","4-2514","32.731650000","-117.161306000","57192","Uptown MK5 - 2 Hour Max $2.50 HR, 8am-8pm, Mon-Sat, Prepay, NFC","8am","8pm","2 hour","Mon-Sat","$2.50 HR","","",""
"Uptown","Bankers Hill","2500 FOURTH AVE","4-2520","32.732071000","-117.161309000","57192","Uptown MK5 - 2 Hour Max $2.50 HR, 8am-8pm, Mon-Sat, Prepay, NFC","8am","8pm","2 hour","Mon-Sat","$2.50 HR","","",""
"Uptown","Bankers Hill","2500 FOURTH AVE","4-2522","32.732281000","-117.161310000","57192","Uptown MK5 - 2 Hour Max $2.50 HR, 8am-8pm, Mon-Sat, Prepay, NFC","8am","8pm","2 hour","Mon-Sat","$2.50 HR","","",""
"Uptown","Bankers Hill","2600 FIFTH AVE","5-2619","32.732831000","-117.160224000","57192","Uptown MK5 - 2 Hour Max $2.50 HR, 8am-8pm, Mon-Sat, Prepay, NFC","8am","8pm","2 hour","Mon-Sat","$2.50 HR","","",""
"Uptown","Bankers Hill","2600 FIFTH AVE","5-2621","32.733174000","-117.160190000","57192","Uptown MK5 - 2 Hour Max $2.50 HR, 8am-8pm, Mon-Sat, Prepay, NFC","8am","8pm","2 hour","Mon-Sat","$2.50 HR","","",""
"Uptown","Bankers Hill","2600 FIFTH AVE","5-2623","32.733176000","-117.160235000","57192","Uptown MK5 - 2 Hour Max $2.50 HR, 8am-8pm, Mon-Sat, Prepay, NFC","8am","8pm","2 hour","Mon-Sat","$2.50 HR","","",""
"Uptown","Bankers Hill","2600 FIFTH AVE","5-2625","32.733284000","-117.160203000","57192","Uptown MK5 - 2 Hour Max $2.50 HR, 8am-8pm, Mon-Sat, Prepay, NFC","8am","8pm","2 hour","Mon-Sat","$2.50 HR","","",""
"Uptown","Bankers Hill","2600 FIFTH AVE","5-2613","32.732980000","-117.160155000","57192","Uptown MK5 - 2 Hour Max $2.50 HR, 8am-8pm, Mon-Sat, Prepay, NFC","8am","8pm","2 hour","Mon-Sat","$2.50 HR","","",""
"Uptown","Bankers Hill","2600 FIFTH AVE","5-2600W","32.733039549","-117.160378396","50541","MSPM - PBP PREPAY 2 Hour Max $2.50 HR 8am-8pm Mon-Sat","8am","8pm","2 hour","Mon-Sat","$2.50 HR","","Y",""
"Uptown","Bankers Hill","2600 FOURTH AVE","4-2600E","32.732858483","-117.161146514","56949","Uptown MS3 - 2 Hour Max $2.50 HR, 8am-8pm, Mon-Sat, Prepay, NFC","8am","8pm","2 hour","Mon-Sat","$2.50 HR","","",""
"Uptown","Bankers Hill","2600 FOURTH AVE","4-2612","32.732864406","-117.161310464","57192","Uptown MK5 - 2 Hour Max $2.50 HR, 8am-8pm, Mon-Sat, Prepay, NFC","8am","8pm","2 hour","Mon-Sat","$2.50 HR","","",""
"Uptown","Bankers Hill","2600 FOURTH AVE","4-2602","32.732617000","-117.161313000","57192","Uptown MK5 - 2 Hour Max $2.50 HR, 8am-8pm, Mon-Sat, Prepay, NFC","8am","8pm","2 hour","Mon-Sat","$2.50 HR","","",""
"Uptown","Bankers Hill","2600 FOURTH AVE","4-2604","32.732732000","-117.161313000","57192","Uptown MK5 - 2 Hour Max $2.50 HR, 8am-8pm, Mon-Sat, Prepay, NFC","8am","8pm","2 hour","Mon-Sat","$2.50 HR","","",""
"Uptown","Bankers Hill","2600 FOURTH AVE","4-2606","32.732867000","-117.161314000","57192","Uptown MK5 - 2 Hour Max $2.50 HR, 8am-8pm, Mon-Sat, Prepay, NFC","8am","8pm","2 hour","Mon-Sat","$2.50 HR","","",""
"Uptown","Bankers Hill","2600 FOURTH AVE","4-2608","32.733002000","-117.161315000","57192","Uptown MK5 - 2 Hour Max $2.50 HR, 8am-8pm, Mon-Sat, Prepay, NFC","8am","8pm","2 hour","Mon-Sat","$2.50 HR","","",""
"Uptown","Bankers Hill","2600 FOURTH AVE","4-2610","32.733060000","-117.161316000","57192","Uptown MK5 - 2 Hour Max $2.50 HR, 8am-8pm, Mon-Sat, Prepay, NFC","8am","8pm","2 hour","Mon-Sat","$2.50 HR","","",""
"Uptown","Bankers Hill","2600 FOURTH AVE","4-2616","32.733195000","-117.161317000","57192","Uptown MK5 - 2 Hour Max $2.50 HR, 8am-8pm, Mon-Sat, Prepay, NFC","8am","8pm","2 hour","Mon-Sat","$2.50 HR","","",""
"Uptown","Bankers Hill","2700 FIFTH AVE","5-2700W","32.734039636","-117.160382085","50541","MSPM - PBP PREPAY 2 Hour Max $2.50 HR 8am-8pm Mon-Sat","8am","8pm","2 hour","Mon-Sat","$2.50 HR","","Y",""
"Uptown","Bankers Hill","2700 FOURTH AVE","4-2700E","32.733946001","-117.161128409","56949","Uptown MS3 - 2 Hour Max $2.50 HR, 8am-8pm, Mon-Sat, Prepay, NFC","8am","8pm","2 hour","Mon-Sat","$2.50 HR","","",""
"Uptown","Bankers Hill","2700 FOURTH AVE","4-2702","32.733687000","-117.161320000","57192","Uptown MK5 - 2 Hour Max $2.50 HR, 8am-8pm, Mon-Sat, Prepay, NFC","8am","8pm","2 hour","Mon-Sat","$2.50 HR","","",""
"Uptown","Bankers Hill","2700 FOURTH AVE","4-2704","32.733861000","-117.161322000","57192","Uptown MK5 - 2 Hour Max $2.50 HR, 8am-8pm, Mon-Sat, Prepay, NFC","8am","8pm","2 hour","Mon-Sat","$2.50 HR","","",""
"Uptown","Bankers Hill","2700 FOURTH AVE","4-2706","32.734016000","-117.161323000","57192","Uptown MK5 - 2 Hour Max $2.50 HR, 8am-8pm, Mon-Sat, Prepay, NFC","8am","8pm","2 hour","Mon-Sat","$2.50 HR","","",""
"Uptown","Bankers Hill","2700 FOURTH AVE","4-2708","32.734172000","-117.161324000","57192","Uptown MK5 - 2 Hour Max $2.50 HR, 8am-8pm, Mon-Sat, Prepay, NFC","8am","8pm","2 hour","Mon-Sat","$2.50 HR","","",""
"Uptown","Bankers Hill","2800 FOURTH AVE","4-2800","32.734644000","-117.161328000","57192","Uptown MK5 - 2 Hour Max $2.50 HR, 8am-8pm, Mon-Sat, Prepay, NFC","8am","8pm","2 hour","Mon-Sat","$2.50 HR","","",""
"Uptown","Bankers Hill","2800 FOURTH AVE","4-2802","32.734779000","-117.161329000","57192","Uptown MK5 - 2 Hour Max $2.50 HR, 8am-8pm, Mon-Sat, Prepay, NFC","8am","8pm","2 hour","Mon-Sat","$2.50 HR","","",""
"Uptown","Bankers Hill","2800 FOURTH AVE","4-2804","32.734837000","-117.161330000","57192","Uptown MK5 - 2 Hour Max $2.50 HR, 8am-8pm, Mon-Sat, Prepay, NFC","8am","8pm","2 hour","Mon-Sat","$2.50 HR","","",""
"Uptown","Bankers Hill","2800 FOURTH AVE","4-2800E","32.735019969","-117.161154896","50541","MSPM - PBP PREPAY 2 Hour Max $2.50 HR 8am-8pm Mon-Sat","8am","8pm","2 hour","Mon-Sat","$2.50 HR","","Y",""
"Uptown","Bankers Hill","2900 FIFTH AVE","5-2900W","32.736117051","-117.160399854","50541","MSPM - PBP PREPAY 2 Hour Max $2.50 HR 8am-8pm Mon-Sat","8am","8pm","2 hour","Mon-Sat","$2.50 HR","","Y",""
"Uptown","Bankers Hill","2900 FOURTH AVE","4-2900E","32.719187000","-117.144733000","50904","Bankers Hill - PBP","","","","","","","",""
"Uptown","Bankers Hill","300 FIR ST","FI-301","32.725034000","-117.161826000","9116","30 Min Max 8am-6pm Mon-Sat (Sensor Courtesy)","8am","6pm","30 min","Mon-Sat","","","",""
"Uptown","Bankers Hill","300 FIR ST","FI-303","32.725035000","-117.161610000","9116","30 Min Max 8am-6pm Mon-Sat (Sensor Courtesy)","8am","6pm","30 min","Mon-Sat","","","",""
"Uptown","Bankers Hill","300 FIR ST","FI-325","32.725036000","-117.161411000","60312","Uptown MK5 - 4 Hour Max $2.50 HR, 8am-8pm Mon-Sat (Mobile Pay) (NFC)","8am","8pm","4 hour","Mon-Sat","$2.50 HR","Y","",""
"Uptown","Bankers Hill","300 HAWTHORN ST","HA-300N","32.719187000","-117.144733000","50541","MSPM - PBP PREPAY 2 Hour Max $2.50 HR 8am-8pm Mon-Sat","8am","8pm","2 hour","Mon-Sat","$2.50 HR","","Y",""
"Uptown","Bankers Hill","300 IVY ST","IV-302","32.728329000","-117.161772000","60312","Uptown MK5 - 4 Hour Max $2.50 HR, 8am-8pm Mon-Sat (Mobile Pay) (NFC)","8am","8pm","4 hour","Mon-Sat","$2.50 HR","Y","",""
"Uptown","Bankers Hill","300 IVY ST","IV-322","32.728406000","-117.161556000","60312","Uptown MK5 - 4 Hour Max $2.50 HR, 8am-8pm Mon-Sat (Mobile Pay) (NFC)","8am","8pm","4 hour","Mon-Sat","$2.50 HR","Y","",""
"Uptown","Bankers Hill","300 IVY ST","IV-324","32.728312000","-117.161474000","60312","Uptown MK5 - 4 Hour Max $2.50 HR, 8am-8pm Mon-Sat (Mobile Pay) (NFC)","8am","8pm","4 hour","Mon-Sat","$2.50 HR","Y","",""
"Uptown","Bankers Hill","300 KALMIA ST","KL-302","32.730424000","-117.161907000","60312","Uptown MK5 - 4 Hour Max $2.50 HR, 8am-8pm Mon-Sat (Mobile Pay) (NFC)","8am","8pm","4 hour","Mon-Sat","$2.50 HR","Y","",""
"Uptown","Bankers Hill","300 KALMIA ST","KL-304","32.730424000","-117.161823000","60312","Uptown MK5 - 4 Hour Max $2.50 HR, 8am-8pm Mon-Sat (Mobile Pay) (NFC)","8am","8pm","4 hour","Mon-Sat","$2.50 HR","Y","",""
"Uptown","Bankers Hill","300 KALMIA ST","KL-316","32.730425000","-117.161740000","60312","Uptown MK5 - 4 Hour Max $2.50 HR, 8am-8pm Mon-Sat (Mobile Pay) (NFC)","8am","8pm","4 hour","Mon-Sat","$2.50 HR","Y","",""
"Uptown","Bankers Hill","300 KALMIA ST","KL-318","32.730426000","-117.161656000","60312","Uptown MK5 - 4 Hour Max $2.50 HR, 8am-8pm Mon-Sat (Mobile Pay) (NFC)","8am","8pm","4 hour","Mon-Sat","$2.50 HR","Y","",""
"Uptown","Bankers Hill","300 KALMIA ST","KL-320","32.730426000","-117.161572000","60312","Uptown MK5 - 4 Hour Max $2.50 HR, 8am-8pm Mon-Sat (Mobile Pay) (NFC)","8am","8pm","4 hour","Mon-Sat","$2.50 HR","Y","",""
"Uptown","Bankers Hill","300 KALMIA ST","KL-322","32.730427000","-117.161489000","60312","Uptown MK5 - 4 Hour Max $2.50 HR, 8am-8pm Mon-Sat (Mobile Pay) (NFC)","8am","8pm","4 hour","Mon-Sat","$2.50 HR","Y","",""
"Uptown","Bankers Hill","300 KALMIA ST","KL-324","32.730427000","-117.161405000","60312","Uptown MK5 - 4 Hour Max $2.50 HR, 8am-8pm Mon-Sat (Mobile Pay) (NFC)","8am","8pm","4 hour","Mon-Sat","$2.50 HR","Y","",""
"Uptown","Bankers Hill","300 KALMIA ST","KL-326","32.730428000","-117.161322000","60312","Uptown MK5 - 4 Hour Max $2.50 HR, 8am-8pm Mon-Sat (Mobile Pay) (NFC)","8am","8pm","4 hour","Mon-Sat","$2.50 HR","Y","",""
"Uptown","Bankers Hill","300 LAUREL ST","LA-302","32.731462000","-117.161865000","60312","Uptown MK5 - 4 Hour Max $2.50 HR, 8am-8pm Mon-Sat (Mobile Pay) (NFC)","8am","8pm","4 hour","Mon-Sat","$2.50 HR","Y","",""
"Uptown","Bankers Hill","300 LAUREL ST","LA-306","32.731463000","-117.161663000","60312","Uptown MK5 - 4 Hour Max $2.50 HR, 8am-8pm Mon-Sat (Mobile Pay) (NFC)","8am","8pm","4 hour","Mon-Sat","$2.50 HR","Y","",""
"Uptown","Bankers Hill","300 LAUREL ST","LA-308","32.731464000","-117.161528000","60312","Uptown MK5 - 4 Hour Max $2.50 HR, 8am-8pm Mon-Sat (Mobile Pay) (NFC)","8am","8pm","4 hour","Mon-Sat","$2.50 HR","Y","",""
"Uptown","Bankers Hill","300 LAUREL ST","LA-310","32.731464000","-117.161444000","60312","Uptown MK5 - 4 Hour Max $2.50 HR, 8am-8pm Mon-Sat (Mobile Pay) (NFC)","8am","8pm","4 hour","Mon-Sat","$2.50 HR","Y","",""
"Uptown","Bankers Hill","300 LAUREL ST","LA-312","32.731464000","-117.161377000","60312","Uptown MK5 - 4 Hour Max $2.50 HR, 8am-8pm Mon-Sat (Mobile Pay) (NFC)","8am","8pm","4 hour","Mon-Sat","$2.50 HR","Y","",""
"Uptown","Bankers Hill","300 LAUREL ST","LA-304","32.731462000","-117.161798000","60331","Uptown MS1 PBP - 4 Hour Max $2.50 HR 8am-8pm Mon-Sat (Mobile Pay) (NFC)","8am","8pm","4 hour","Mon-Sat","$2.50 HR","Y","",""
"Uptown","Bankers Hill","300 MAPLE ST","MP-302","32.732405000","-117.162264000","60312","Uptown MK5 - 4 Hour Max $2.50 HR, 8am-8pm Mon-Sat (Mobile Pay) (NFC)","8am","8pm","4 hour","Mon-Sat","$2.50 HR","Y","",""
"Uptown","Bankers Hill","300 MAPLE ST","MP-304","32.732451000","-117.161965000","60312","Uptown MK5 - 4 Hour Max $2.50 HR, 8am-8pm Mon-Sat (Mobile Pay) (NFC)","8am","8pm","4 hour","Mon-Sat","$2.50 HR","Y","",""
"Uptown","Bankers Hill","300 MAPLE ST","MP-306","32.732482000","-117.161918000","60312","Uptown MK5 - 4 Hour Max $2.50 HR, 8am-8pm Mon-Sat (Mobile Pay) (NFC)","8am","8pm","4 hour","Mon-Sat","$2.50 HR","Y","",""
"Uptown","Bankers Hill","300 MAPLE ST","MP-308","32.732521000","-117.161891000","60312","Uptown MK5 - 4 Hour Max $2.50 HR, 8am-8pm Mon-Sat (Mobile Pay) (NFC)","8am","8pm","4 hour","Mon-Sat","$2.50 HR","Y","",""
"Uptown","Bankers Hill","300 MAPLE ST","MP-310","32.732481000","-117.161921000","60312","Uptown MK5 - 4 Hour Max $2.50 HR, 8am-8pm Mon-Sat (Mobile Pay) (NFC)","8am","8pm","4 hour","Mon-Sat","$2.50 HR","Y","",""
"Uptown","Bankers Hill","300 MAPLE ST","MP-314","32.732572000","-117.162411000","60312","Uptown MK5 - 4 Hour Max $2.50 HR, 8am-8pm Mon-Sat (Mobile Pay) (NFC)","8am","8pm","4 hour","Mon-Sat","$2.50 HR","Y","",""
"Uptown","Bankers Hill","300 MAPLE ST","MP-316","32.732514000","-117.161687000","60312","Uptown MK5 - 4 Hour Max $2.50 HR, 8am-8pm Mon-Sat (Mobile Pay) (NFC)","8am","8pm","4 hour","Mon-Sat","$2.50 HR","Y","",""
"Uptown","Bankers Hill","300 MAPLE ST","MP-318","32.732534000","-117.161716000","60312","Uptown MK5 - 4 Hour Max $2.50 HR, 8am-8pm Mon-Sat (Mobile Pay) (NFC)","8am","8pm","4 hour","Mon-Sat","$2.50 HR","Y","",""
"Uptown","Bankers Hill","300 MAPLE ST","MP-312","32.732486000","-117.161837000","60312","Uptown MK5 - 4 Hour Max $2.50 HR, 8am-8pm Mon-Sat (Mobile Pay) (NFC)","8am","8pm","4 hour","Mon-Sat","$2.50 HR","Y","",""
"Uptown","Bankers Hill","300 MAPLE ST","MP-320","32.732503000","-117.161788000","60312","Uptown MK5 - 4 Hour Max $2.50 HR, 8am-8pm Mon-Sat (Mobile Pay) (NFC)","8am","8pm","4 hour","Mon-Sat","$2.50 HR","Y","",""
"Uptown","Bankers Hill","300 MAPLE ST","MP-322","32.732506000","-117.161334000","60312","Uptown MK5 - 4 Hour Max $2.50 HR, 8am-8pm Mon-Sat (Mobile Pay) (NFC)","8am","8pm","4 hour","Mon-Sat","$2.50 HR","Y","",""
"Uptown","Bankers Hill","300 MAPLE ST","MP-324","32.732474000","-117.161634000","60312","Uptown MK5 - 4 Hour Max $2.50 HR, 8am-8pm Mon-Sat (Mobile Pay) (NFC)","8am","8pm","4 hour","Mon-Sat","$2.50 HR","Y","",""
"Uptown","Bankers Hill","300 NUTMEG ST","NU-309","32.733361000","-117.161849000","60312","Uptown MK5 - 4 Hour Max $2.50 HR, 8am-8pm Mon-Sat (Mobile Pay) (NFC)","8am","8pm","4 hour","Mon-Sat","$2.50 HR","Y","",""
"Uptown","Bankers Hill","300 NUTMEG ST","NU-311","32.733492000","-117.161545000","60312","Uptown MK5 - 4 Hour Max $2.50 HR, 8am-8pm Mon-Sat (Mobile Pay) (NFC)","8am","8pm","4 hour","Mon-Sat","$2.50 HR","Y","",""
"Uptown","Bankers Hill","300 NUTMEG ST","NU-313","32.733421000","-117.161670000","60312","Uptown MK5 - 4 Hour Max $2.50 HR, 8am-8pm Mon-Sat (Mobile Pay) (NFC)","8am","8pm","4 hour","Mon-Sat","$2.50 HR","Y","",""
"Uptown","Bankers Hill","300 NUTMEG ST","NU-321","32.733442000","-117.161414000","60312","Uptown MK5 - 4 Hour Max $2.50 HR, 8am-8pm Mon-Sat (Mobile Pay) (NFC)","8am","8pm","4 hour","Mon-Sat","$2.50 HR","Y","",""
"Uptown","Bankers Hill","300 NUTMEG ST","NU-319","32.733512000","-117.161457000","60312","Uptown MK5 - 4 Hour Max $2.50 HR, 8am-8pm Mon-Sat (Mobile Pay) (NFC)","8am","8pm","4 hour","Mon-Sat","$2.50 HR","Y","",""
"Uptown","Bankers Hill","300 NUTMEG ST","NU-301","32.733399000","-117.162009000","60312","Uptown MK5 - 4 Hour Max $2.50 HR, 8am-8pm Mon-Sat (Mobile Pay) (NFC)","8am","8pm","4 hour","Mon-Sat","$2.50 HR","Y","",""
"Uptown","Bankers Hill","300 NUTMEG ST","NU-302","32.733553000","-117.161959000","60312","Uptown MK5 - 4 Hour Max $2.50 HR, 8am-8pm Mon-Sat (Mobile Pay) (NFC)","8am","8pm","4 hour","Mon-Sat","$2.50 HR","Y","",""
"Uptown","Bankers Hill","300 NUTMEG ST","NU-303","32.733425000","-117.161838000","60312","Uptown MK5 - 4 Hour Max $2.50 HR, 8am-8pm Mon-Sat (Mobile Pay) (NFC)","8am","8pm","4 hour","Mon-Sat","$2.50 HR","Y","",""
"Uptown","Bankers Hill","300 NUTMEG ST","NU-304","32.733554000","-117.161859000","60312","Uptown MK5 - 4 Hour Max $2.50 HR, 8am-8pm Mon-Sat (Mobile Pay) (NFC)","8am","8pm","4 hour","Mon-Sat","$2.50 HR","Y","",""
"Uptown","Bankers Hill","300 NUTMEG ST","NU-305","32.733425000","-117.161864000","60312","Uptown MK5 - 4 Hour Max $2.50 HR, 8am-8pm Mon-Sat (Mobile Pay) (NFC)","8am","8pm","4 hour","Mon-Sat","$2.50 HR","Y","",""
"Uptown","Bankers Hill","300 NUTMEG ST","NU-306","32.733554000","-117.161775000","60312","Uptown MK5 - 4 Hour Max $2.50 HR, 8am-8pm Mon-Sat (Mobile Pay) (NFC)","8am","8pm","4 hour","Mon-Sat","$2.50 HR","Y","",""
"Uptown","Bankers Hill","300 NUTMEG ST","NU-307","32.733551000","-117.161711000","60312","Uptown MK5 - 4 Hour Max $2.50 HR, 8am-8pm Mon-Sat (Mobile Pay) (NFC)","8am","8pm","4 hour","Mon-Sat","$2.50 HR","Y","",""
"Uptown","Bankers Hill","300 NUTMEG ST","NU-312","32.733555000","-117.161675000","60312","Uptown MK5 - 4 Hour Max $2.50 HR, 8am-8pm Mon-Sat (Mobile Pay) (NFC)","8am","8pm","4 hour","Mon-Sat","$2.50 HR","Y","",""
"Uptown","Bankers Hill","300 NUTMEG ST","NU-315","32.733531000","-117.161608000","60312","Uptown MK5 - 4 Hour Max $2.50 HR, 8am-8pm Mon-Sat (Mobile Pay) (NFC)","8am","8pm","4 hour","Mon-Sat","$2.50 HR","Y","",""
"Uptown","Bankers Hill","300 NUTMEG ST","NU-316","32.733555000","-117.161575000","60312","Uptown MK5 - 4 Hour Max $2.50 HR, 8am-8pm Mon-Sat (Mobile Pay) (NFC)","8am","8pm","4 hour","Mon-Sat","$2.50 HR","Y","",""
"Uptown","Bankers Hill","300 NUTMEG ST","NU-317","32.733533000","-117.161619000","60312","Uptown MK5 - 4 Hour Max $2.50 HR, 8am-8pm Mon-Sat (Mobile Pay) (NFC)","8am","8pm","4 hour","Mon-Sat","$2.50 HR","Y","",""
"Uptown","Bankers Hill","300 NUTMEG ST","NU-323","32.733402000","-117.161407000","60312","Uptown MK5 - 4 Hour Max $2.50 HR, 8am-8pm Mon-Sat (Mobile Pay) (NFC)","8am","8pm","4 hour","Mon-Sat","$2.50 HR","Y","",""
"Uptown","Bankers Hill","300 NUTMEG ST","NU-325","32.733402000","-117.161356000","60312","Uptown MK5 - 4 Hour Max $2.50 HR, 8am-8pm Mon-Sat (Mobile Pay) (NFC)","8am","8pm","4 hour","Mon-Sat","$2.50 HR","Y","",""
"Uptown","Bankers Hill","300 NUTMEG ST","NU-327","32.733402000","-117.161306000","60312","Uptown MK5 - 4 Hour Max $2.50 HR, 8am-8pm Mon-Sat (Mobile Pay) (NFC)","8am","8pm","4 hour","Mon-Sat","$2.50 HR","Y","",""
"Uptown","Bankers Hill","300 OLIVE ST","OL-310","32.734611000","-117.161879000","60312","Uptown MK5 - 4 Hour Max $2.50 HR, 8am-8pm Mon-Sat (Mobile Pay) (NFC)","8am","8pm","4 hour","Mon-Sat","$2.50 HR","Y","",""
"Uptown","Bankers Hill","300 OLIVE ST","OL-312","32.734611000","-117.161679000","60312","Uptown MK5 - 4 Hour Max $2.50 HR, 8am-8pm Mon-Sat (Mobile Pay) (NFC)","8am","8pm","4 hour","Mon-Sat","$2.50 HR","Y","",""
"Uptown","Bankers Hill","300 OLIVE ST","OL-314","32.734612000","-117.161463000","60312","Uptown MK5 - 4 Hour Max $2.50 HR, 8am-8pm Mon-Sat (Mobile Pay) (NFC)","8am","8pm","4 hour","Mon-Sat","$2.50 HR","Y","",""
"Uptown","Bankers Hill","3000 FIFTH AVE","5-3000W","32.737228220","-117.160427012","50541","MSPM - PBP PREPAY 2 Hour Max $2.50 HR 8am-8pm Mon-Sat","8am","8pm","2 hour","Mon-Sat","$2.50 HR","","Y",""
"Uptown","Bankers Hill","3100 FIFTH AVE","5-3100W","32.738157755","-117.160421982","50541","MSPM - PBP PREPAY 2 Hour Max $2.50 HR 8am-8pm Mon-Sat","8am","8pm","2 hour","Mon-Sat","$2.50 HR","","Y",""
"Uptown","Bankers Hill","3100 FOURTH AVE","4-3100E","32.738310890","-117.161196470","56949","Uptown MS3 - 2 Hour Max $2.50 HR, 8am-8pm, Mon-Sat, Prepay, NFC","8am","8pm","2 hour","Mon-Sat","$2.50 HR","","",""
"Uptown","Bankers Hill","3200 FIFTH AVE","5-3200W","32.739410187","-117.160419300","50541","MSPM - PBP PREPAY 2 Hour Max $2.50 HR 8am-8pm Mon-Sat","8am","8pm","2 hour","Mon-Sat","$2.50 HR","","Y",""
"Uptown","Bankers Hill","3200 FIFTH AVE","5-3207","32.739112000","-117.160271000","57192","Uptown MK5 - 2 Hour Max $2.50 HR, 8am-8pm, Mon-Sat, Prepay, NFC","8am","8pm","2 hour","Mon-Sat","$2.50 HR","","",""
"Uptown","Bankers Hill","3200 FIFTH AVE","5-3215","32.739189000","-117.160273000","57192","Uptown MK5 - 2 Hour Max $2.50 HR, 8am-8pm, Mon-Sat, Prepay, NFC","8am","8pm","2 hour","Mon-Sat","$2.50 HR","","",""
"Uptown","Bankers Hill","3200 FIFTH AVE","5-3217","32.739542000","-117.160380000","57192","Uptown MK5 - 2 Hour Max $2.50 HR, 8am-8pm, Mon-Sat, Prepay, NFC","8am","8pm","2 hour","Mon-Sat","$2.50 HR","","",""
"Uptown","Bankers Hill","3200 FIFTH AVE","5-3219","32.739458000","-117.160277000","57192","Uptown MK5 - 2 Hour Max $2.50 HR, 8am-8pm, Mon-Sat, Prepay, NFC","8am","8pm","2 hour","Mon-Sat","$2.50 HR","","",""
"Uptown","Bankers Hill","3200 FIFTH AVE","5-3221","32.739534000","-117.160278000","57192","Uptown MK5 - 2 Hour Max $2.50 HR, 8am-8pm, Mon-Sat, Prepay, NFC","8am","8pm","2 hour","Mon-Sat","$2.50 HR","","",""
"Uptown","Bankers Hill","3200 FOURTH AVE","4-3210","32.738941000","-117.161359000","57192","Uptown MK5 - 2 Hour Max $2.50 HR, 8am-8pm, Mon-Sat, Prepay, NFC","8am","8pm","2 hour","Mon-Sat","$2.50 HR","","",""
"Uptown","Bankers Hill","3200 FOURTH AVE","4-3212","32.739113000","-117.161361000","57192","Uptown MK5 - 2 Hour Max $2.50 HR, 8am-8pm, Mon-Sat, Prepay, NFC","8am","8pm","2 hour","Mon-Sat","$2.50 HR","","",""
"Uptown","Bankers Hill","3200 FOURTH AVE","4-3214","32.739284000","-117.161363000","57192","Uptown MK5 - 2 Hour Max $2.50 HR, 8am-8pm, Mon-Sat, Prepay, NFC","8am","8pm","2 hour","Mon-Sat","$2.50 HR","","",""
"Uptown","Bankers Hill","3200 FOURTH AVE","4-3200E","32.739204034","-117.161216251","50541","MSPM - PBP PREPAY 2 Hour Max $2.50 HR 8am-8pm Mon-Sat","8am","8pm","2 hour","Mon-Sat","$2.50 HR","","Y",""
"Uptown","Bankers Hill","3300 FIFTH AVE","5-3300W","32.740065021","-117.160451487","50541","MSPM - PBP PREPAY 2 Hour Max $2.50 HR 8am-8pm Mon-Sat","8am","8pm","2 hour","Mon-Sat","$2.50 HR","","Y",""
"Uptown","Bankers Hill","3300 FOURTH AVE","4-3300E","32.740202078","-117.161222286","50541","MSPM - PBP PREPAY 2 Hour Max $2.50 HR 8am-8pm Mon-Sat","8am","8pm","2 hour","Mon-Sat","$2.50 HR","","Y",""
"Uptown","Bankers Hill","3300 FOURTH AVE","4-3302","32.740019000","-117.161370000","57192","Uptown MK5 - 2 Hour Max $2.50 HR, 8am-8pm, Mon-Sat, Prepay, NFC","8am","8pm","2 hour","Mon-Sat","$2.50 HR","","",""
"Uptown","Bankers Hill","3300 FOURTH AVE","4-3306","32.740153000","-117.161372000","57192","Uptown MK5 - 2 Hour Max $2.50 HR, 8am-8pm, Mon-Sat, Prepay, NFC","8am","8pm","2 hour","Mon-Sat","$2.50 HR","","",""
"Uptown","Bankers Hill","3300 FOURTH AVE","4-3308","32.740210000","-117.161372000","57192","Uptown MK5 - 2 Hour Max $2.50 HR, 8am-8pm, Mon-Sat, Prepay, NFC","8am","8pm","2 hour","Mon-Sat","$2.50 HR","","",""
"Uptown","Bankers Hill","3300 FOURTH AVE","4-3310","32.740287000","-117.161373000","57192","Uptown MK5 - 2 Hour Max $2.50 HR, 8am-8pm, Mon-Sat, Prepay, NFC","8am","8pm","2 hour","Mon-Sat","$2.50 HR","","",""
"Uptown","Bankers Hill","3300 FOURTH AVE","4-3314","32.740363000","-117.161374000","57192","Uptown MK5 - 2 Hour Max $2.50 HR, 8am-8pm, Mon-Sat, Prepay, NFC","8am","8pm","2 hour","Mon-Sat","$2.50 HR","","",""
"Uptown","Bankers Hill","400 ELM ST","EM-401","32.723987000","-117.161013000","60312","Uptown MK5 - 4 Hour Max $2.50 HR, 8am-8pm Mon-Sat (Mobile Pay) (NFC)","8am","8pm","4 hour","Mon-Sat","$2.50 HR","Y","",""
"Uptown","Bankers Hill","400 ELM ST","EM-403","32.723987000","-117.160912000","60312","Uptown MK5 - 4 Hour Max $2.50 HR, 8am-8pm Mon-Sat (Mobile Pay) (NFC)","8am","8pm","4 hour","Mon-Sat","$2.50 HR","Y","",""
"Uptown","Bankers Hill","400 ELM ST","EM-407","32.723987000","-117.160812000","60312","Uptown MK5 - 4 Hour Max $2.50 HR, 8am-8pm Mon-Sat (Mobile Pay) (NFC)","8am","8pm","4 hour","Mon-Sat","$2.50 HR","Y","",""
"Uptown","Bankers Hill","400 ELM ST","EM-413","32.723987000","-117.160694000","60312","Uptown MK5 - 4 Hour Max $2.50 HR, 8am-8pm Mon-Sat (Mobile Pay) (NFC)","8am","8pm","4 hour","Mon-Sat","$2.50 HR","Y","",""
"Uptown","Bankers Hill","400 ELM ST","EM-415","32.723987000","-117.160594000","60312","Uptown MK5 - 4 Hour Max $2.50 HR, 8am-8pm Mon-Sat (Mobile Pay) (NFC)","8am","8pm","4 hour","Mon-Sat","$2.50 HR","Y","",""
"Uptown","Bankers Hill","400 FIR ST","FI-404","32.725038000","-117.160400000","60312","Uptown MK5 - 4 Hour Max $2.50 HR, 8am-8pm Mon-Sat (Mobile Pay) (NFC)","8am","8pm","4 hour","Mon-Sat","$2.50 HR","Y","",""
"Uptown","Bankers Hill","400 FIR ST","FI-406","32.725186249","-117.160861864","60312","Uptown MK5 - 4 Hour Max $2.50 HR, 8am-8pm Mon-Sat (Mobile Pay) (NFC)","8am","8pm","4 hour","Mon-Sat","$2.50 HR","Y","",""
"Uptown","Bankers Hill","400 FIR ST","FI-408","32.725195839","-117.160890027","60312","Uptown MK5 - 4 Hour Max $2.50 HR, 8am-8pm Mon-Sat (Mobile Pay) (NFC)","8am","8pm","4 hour","Mon-Sat","$2.50 HR","Y","",""
"Uptown","Bankers Hill","400 FIR ST","FI-411","32.725038000","-117.160400000","60312","Uptown MK5 - 4 Hour Max $2.50 HR, 8am-8pm Mon-Sat (Mobile Pay) (NFC)","8am","8pm","4 hour","Mon-Sat","$2.50 HR","Y","",""
"Uptown","Bankers Hill","400 FIR ST","FI-400","32.725191000","-117.161021000","60312","Uptown MK5 - 4 Hour Max $2.50 HR, 8am-8pm Mon-Sat (Mobile Pay) (NFC)","8am","8pm","4 hour","Mon-Sat","$2.50 HR","Y","",""
"Uptown","Bankers Hill","400 FIR ST","FI-402","32.725191000","-117.160904000","60312","Uptown MK5 - 4 Hour Max $2.50 HR, 8am-8pm Mon-Sat (Mobile Pay) (NFC)","8am","8pm","4 hour","Mon-Sat","$2.50 HR","Y","",""
"Uptown","Bankers Hill","400 FIR ST","FI-413","32.725037000","-117.160819000","60312","Uptown MK5 - 4 Hour Max $2.50 HR, 8am-8pm Mon-Sat (Mobile Pay) (NFC)","8am","8pm","4 hour","Mon-Sat","$2.50 HR","Y","",""
"Uptown","Bankers Hill","400 FIR ST","FI-415","32.725037000","-117.160702000","60312","Uptown MK5 - 4 Hour Max $2.50 HR, 8am-8pm Mon-Sat (Mobile Pay) (NFC)","8am","8pm","4 hour","Mon-Sat","$2.50 HR","Y","",""
"Uptown","Bankers Hill","400 FIR ST","FI-417","32.725037000","-117.160601000","60312","Uptown MK5 - 4 Hour Max $2.50 HR, 8am-8pm Mon-Sat (Mobile Pay) (NFC)","8am","8pm","4 hour","Mon-Sat","$2.50 HR","Y","",""
"Uptown","Bankers Hill","400 FIR ST","FI-419","32.725037000","-117.160501000","60312","Uptown MK5 - 4 Hour Max $2.50 HR, 8am-8pm Mon-Sat (Mobile Pay) (NFC)","8am","8pm","4 hour","Mon-Sat","$2.50 HR","Y","",""
"Uptown","Bankers Hill","400 FIR ST","FI-421","32.725038000","-117.160400000","60312","Uptown MK5 - 4 Hour Max $2.50 HR, 8am-8pm Mon-Sat (Mobile Pay) (NFC)","8am","8pm","4 hour","Mon-Sat","$2.50 HR","Y","",""
"Uptown","Bankers Hill","400 GRAPE ST","GP-400N","32.726206450","-117.160709314","60331","Uptown MS1 PBP - 4 Hour Max $2.50 HR 8am-8pm Mon-Sat (Mobile Pay) (NFC)","8am","8pm","4 hour","Mon-Sat","$2.50 HR","Y","",""
"Uptown","Bankers Hill","400 HAWTHORN ST","HA-414","32.727135000","-117.160968000","60312","Uptown MK5 - 4 Hour Max $2.50 HR, 8am-8pm Mon-Sat (Mobile Pay) (NFC)","8am","8pm","4 hour","Mon-Sat","$2.50 HR","Y","",""
"Uptown","Bankers Hill","400 HAWTHORN ST","HA-416","32.727135000","-117.160801000","60312","Uptown MK5 - 4 Hour Max $2.50 HR, 8am-8pm Mon-Sat (Mobile Pay) (NFC)","8am","8pm","4 hour","Mon-Sat","$2.50 HR","Y","",""
"Uptown","Bankers Hill","400 HAWTHORN ST","HA-418","32.727136000","-117.160633000","60312","Uptown MK5 - 4 Hour Max $2.50 HR, 8am-8pm Mon-Sat (Mobile Pay) (NFC)","8am","8pm","4 hour","Mon-Sat","$2.50 HR","Y","",""
"Uptown","Bankers Hill","400 HAWTHORN ST","HA-420","32.727137000","-117.160465000","60312","Uptown MK5 - 4 Hour Max $2.50 HR, 8am-8pm Mon-Sat (Mobile Pay) (NFC)","8am","8pm","4 hour","Mon-Sat","$2.50 HR","Y","",""
"Uptown","Bankers Hill","400 IVY ST","IV-420","32.728333000","-117.160911000","57192","Uptown MK5 - 2 Hour Max $2.50 HR, 8am-8pm, Mon-Sat, Prepay, NFC","8am","8pm","2 hour","Mon-Sat","$2.50 HR","","",""
"Uptown","Bankers Hill","400 IVY ST","IV-422","32.728334000","-117.160793000","57192","Uptown MK5 - 2 Hour Max $2.50 HR, 8am-8pm, Mon-Sat, Prepay, NFC","8am","8pm","2 hour","Mon-Sat","$2.50 HR","","",""
"Uptown","Bankers Hill","400 IVY ST","IV-424","32.728334000","-117.160658000","57192","Uptown MK5 - 2 Hour Max $2.50 HR, 8am-8pm, Mon-Sat, Prepay, NFC","8am","8pm","2 hour","Mon-Sat","$2.50 HR","","",""
"Uptown","Bankers Hill","400 IVY ST","IV-426","32.728335000","-117.160539000","57192","Uptown MK5 - 2 Hour Max $2.50 HR, 8am-8pm, Mon-Sat, Prepay, NFC","8am","8pm","2 hour","Mon-Sat","$2.50 HR","","",""
"Uptown","Bankers Hill","400 KALMIA ST","KL-400","32.730429000","-117.161079000","60312","Uptown MK5 - 4 Hour Max $2.50 HR, 8am-8pm Mon-Sat (Mobile Pay) (NFC)","8am","8pm","4 hour","Mon-Sat","$2.50 HR","Y","",""
"Uptown","Bankers Hill","400 KALMIA ST","KL-402","32.730430000","-117.161011000","60312","Uptown MK5 - 4 Hour Max $2.50 HR, 8am-8pm Mon-Sat (Mobile Pay) (NFC)","8am","8pm","4 hour","Mon-Sat","$2.50 HR","Y","",""
"Uptown","Bankers Hill","400 KALMIA ST","KL-404","32.730430000","-117.160927000","60312","Uptown MK5 - 4 Hour Max $2.50 HR, 8am-8pm Mon-Sat (Mobile Pay) (NFC)","8am","8pm","4 hour","Mon-Sat","$2.50 HR","Y","",""
"Uptown","Bankers Hill","400 KALMIA ST","KL-406","32.730430000","-117.160860000","60312","Uptown MK5 - 4 Hour Max $2.50 HR, 8am-8pm Mon-Sat (Mobile Pay) (NFC)","8am","8pm","4 hour","Mon-Sat","$2.50 HR","Y","",""
"Uptown","Bankers Hill","400 KALMIA ST","KL-408","32.730431000","-117.160776000","60312","Uptown MK5 - 4 Hour Max $2.50 HR, 8am-8pm Mon-Sat (Mobile Pay) (NFC)","8am","8pm","4 hour","Mon-Sat","$2.50 HR","Y","",""
"Uptown","Bankers Hill","400 KALMIA ST","KL-418","32.730431000","-117.160708000","60312","Uptown MK5 - 4 Hour Max $2.50 HR, 8am-8pm Mon-Sat (Mobile Pay) (NFC)","8am","8pm","4 hour","Mon-Sat","$2.50 HR","Y","",""
"Uptown","Bankers Hill","400 KALMIA ST","KL-420","32.730431000","-117.160624000","60312","Uptown MK5 - 4 Hour Max $2.50 HR, 8am-8pm Mon-Sat (Mobile Pay) (NFC)","8am","8pm","4 hour","Mon-Sat","$2.50 HR","Y","",""
"Uptown","Bankers Hill","400 KALMIA ST","KL-422","32.730432000","-117.160557000","60312","Uptown MK5 - 4 Hour Max $2.50 HR, 8am-8pm Mon-Sat (Mobile Pay) (NFC)","8am","8pm","4 hour","Mon-Sat","$2.50 HR","Y","",""
"Uptown","Bankers Hill","400 KALMIA ST","KL-424","32.730432000","-117.160473000","60312","Uptown MK5 - 4 Hour Max $2.50 HR, 8am-8pm Mon-Sat (Mobile Pay) (NFC)","8am","8pm","4 hour","Mon-Sat","$2.50 HR","Y","",""
"Uptown","Bankers Hill","400 KALMIA ST","KL-426","32.730432000","-117.160405000","60312","Uptown MK5 - 4 Hour Max $2.50 HR, 8am-8pm Mon-Sat (Mobile Pay) (NFC)","8am","8pm","4 hour","Mon-Sat","$2.50 HR","Y","",""
"Uptown","Bankers Hill","400 KALMIA ST","KL-428","32.730391000","-117.160549000","60312","Uptown MK5 - 4 Hour Max $2.50 HR, 8am-8pm Mon-Sat (Mobile Pay) (NFC)","8am","8pm","4 hour","Mon-Sat","$2.50 HR","Y","",""
"Uptown","Bankers Hill","400 LAUREL ST","LA-405","32.731312000","-117.160899000","60312","Uptown MK5 - 4 Hour Max $2.50 HR, 8am-8pm Mon-Sat (Mobile Pay) (NFC)","8am","8pm","4 hour","Mon-Sat","$2.50 HR","Y","",""
"Uptown","Bankers Hill","400 LAUREL ST","LA-406","32.731467000","-117.160816000","60312","Uptown MK5 - 4 Hour Max $2.50 HR, 8am-8pm Mon-Sat (Mobile Pay) (NFC)","8am","8pm","4 hour","Mon-Sat","$2.50 HR","Y","",""
"Uptown","Bankers Hill","400 LAUREL ST","LA-407","32.731313000","-117.160749000","60312","Uptown MK5 - 4 Hour Max $2.50 HR, 8am-8pm Mon-Sat (Mobile Pay) (NFC)","8am","8pm","4 hour","Mon-Sat","$2.50 HR","Y","",""
"Uptown","Bankers Hill","400 LAUREL ST","LA-408","32.731467000","-117.160683000","60312","Uptown MK5 - 4 Hour Max $2.50 HR, 8am-8pm Mon-Sat (Mobile Pay) (NFC)","8am","8pm","4 hour","Mon-Sat","$2.50 HR","Y","",""
"Uptown","Bankers Hill","400 LAUREL ST","LA-410","32.731468000","-117.160532000","60312","Uptown MK5 - 4 Hour Max $2.50 HR, 8am-8pm Mon-Sat (Mobile Pay) (NFC)","8am","8pm","4 hour","Mon-Sat","$2.50 HR","Y","",""
"Uptown","Bankers Hill","400 LAUREL ST","LA-412","32.731469000","-117.160398000","60312","Uptown MK5 - 4 Hour Max $2.50 HR, 8am-8pm Mon-Sat (Mobile Pay) (NFC)","8am","8pm","4 hour","Mon-Sat","$2.50 HR","Y","",""
"Uptown","Bankers Hill","400 MAPLE ST","MP-411","32.732354000","-117.160824000","60312","Uptown MK5 - 4 Hour Max $2.50 HR, 8am-8pm Mon-Sat (Mobile Pay) (NFC)","8am","8pm","4 hour","Mon-Sat","$2.50 HR","Y","",""
"Uptown","Bankers Hill","400 MAPLE ST","MP-413","32.732355000","-117.160708000","60312","Uptown MK5 - 4 Hour Max $2.50 HR, 8am-8pm Mon-Sat (Mobile Pay) (NFC)","8am","8pm","4 hour","Mon-Sat","$2.50 HR","Y","",""
"Uptown","Bankers Hill","400 MAPLE ST","MP-410","32.732355000","-117.160708000","57192","Uptown MK5 - 2 Hour Max $2.50 HR, 8am-8pm, Mon-Sat, Prepay, NFC","8am","8pm","2 hour","Mon-Sat","$2.50 HR","","",""
"Uptown","Bankers Hill","400 MAPLE ST","MP-400N","32.732489299","-117.160858847","60331","Uptown MS1 PBP - 4 Hour Max $2.50 HR 8am-8pm Mon-Sat (Mobile Pay) (NFC)","8am","8pm","4 hour","Mon-Sat","$2.50 HR","Y","",""
"Uptown","Bankers Hill","400 NUTMEG ST","NU-417","32.733416063","-117.160699255","60312","Uptown MK5 - 4 Hour Max $2.50 HR, 8am-8pm Mon-Sat (Mobile Pay) (NFC)","8am","8pm","4 hour","Mon-Sat","$2.50 HR","Y","",""
"Uptown","Bankers Hill","400 NUTMEG ST","NU-400","32.733556000","-117.161132000","60312","Uptown MK5 - 4 Hour Max $2.50 HR, 8am-8pm Mon-Sat (Mobile Pay) (NFC)","8am","8pm","4 hour","Mon-Sat","$2.50 HR","Y","",""
"Uptown","Bankers Hill","400 NUTMEG ST","NU-401","32.733417756","-117.161011062","60312","Uptown MK5 - 4 Hour Max $2.50 HR, 8am-8pm Mon-Sat (Mobile Pay) (NFC)","8am","8pm","4 hour","Mon-Sat","$2.50 HR","Y","",""
"Uptown","Bankers Hill","400 NUTMEG ST","NU-402","32.733556000","-117.161048000","60312","Uptown MK5 - 4 Hour Max $2.50 HR, 8am-8pm Mon-Sat (Mobile Pay) (NFC)","8am","8pm","4 hour","Mon-Sat","$2.50 HR","Y","",""
"Uptown","Bankers Hill","400 NUTMEG ST","NU-403","32.733425653","-117.160986922","60312","Uptown MK5 - 4 Hour Max $2.50 HR, 8am-8pm Mon-Sat (Mobile Pay) (NFC)","8am","8pm","4 hour","Mon-Sat","$2.50 HR","Y","",""
"Uptown","Bankers Hill","400 NUTMEG ST","NU-404","32.733556000","-117.160948000","60312","Uptown MK5 - 4 Hour Max $2.50 HR, 8am-8pm Mon-Sat (Mobile Pay) (NFC)","8am","8pm","4 hour","Mon-Sat","$2.50 HR","Y","",""
"Uptown","Bankers Hill","400 NUTMEG ST","NU-405","32.733417192","-117.160925231","60312","Uptown MK5 - 4 Hour Max $2.50 HR, 8am-8pm Mon-Sat (Mobile Pay) (NFC)","8am","8pm","4 hour","Mon-Sat","$2.50 HR","Y","",""
"Uptown","Bankers Hill","400 NUTMEG ST","NU-407","32.733437780","-117.160897739","60312","Uptown MK5 - 4 Hour Max $2.50 HR, 8am-8pm Mon-Sat (Mobile Pay) (NFC)","8am","8pm","4 hour","Mon-Sat","$2.50 HR","Y","",""
"Uptown","Bankers Hill","400 NUTMEG ST","NU-408","32.733556000","-117.160814000","60312","Uptown MK5 - 4 Hour Max $2.50 HR, 8am-8pm Mon-Sat (Mobile Pay) (NFC)","8am","8pm","4 hour","Mon-Sat","$2.50 HR","Y","",""
"Uptown","Bankers Hill","400 NUTMEG ST","NU-409","32.733439754","-117.160869240","60312","Uptown MK5 - 4 Hour Max $2.50 HR, 8am-8pm Mon-Sat (Mobile Pay) (NFC)","8am","8pm","4 hour","Mon-Sat","$2.50 HR","Y","",""
"Uptown","Bankers Hill","400 NUTMEG ST","NU-410","32.733556000","-117.160714000","60312","Uptown MK5 - 4 Hour Max $2.50 HR, 8am-8pm Mon-Sat (Mobile Pay) (NFC)","8am","8pm","4 hour","Mon-Sat","$2.50 HR","Y","",""
"Uptown","Bankers Hill","400 NUTMEG ST","NU-414","32.733556000","-117.160664000","60312","Uptown MK5 - 4 Hour Max $2.50 HR, 8am-8pm Mon-Sat (Mobile Pay) (NFC)","8am","8pm","4 hour","Mon-Sat","$2.50 HR","Y","",""
"Uptown","Bankers Hill","400 NUTMEG ST","NU-419","32.733416627","-117.160690538","60312","Uptown MK5 - 4 Hour Max $2.50 HR, 8am-8pm Mon-Sat (Mobile Pay) (NFC)","8am","8pm","4 hour","Mon-Sat","$2.50 HR","Y","",""
"Uptown","Bankers Hill","400 NUTMEG ST","NU-421","32.733403654","-117.160663716","60312","Uptown MK5 - 4 Hour Max $2.50 HR, 8am-8pm Mon-Sat (Mobile Pay) (NFC)","8am","8pm","4 hour","Mon-Sat","$2.50 HR","Y","",""
"Uptown","Bankers Hill","400 NUTMEG ST","NU-423","32.733409013","-117.160643599","60312","Uptown MK5 - 4 Hour Max $2.50 HR, 8am-8pm Mon-Sat (Mobile Pay) (NFC)","8am","8pm","4 hour","Mon-Sat","$2.50 HR","Y","",""
"Uptown","Bankers Hill","400 NUTMEG ST","NU-425","32.733416627","-117.160546705","60312","Uptown MK5 - 4 Hour Max $2.50 HR, 8am-8pm Mon-Sat (Mobile Pay) (NFC)","8am","8pm","4 hour","Mon-Sat","$2.50 HR","Y","",""
"Uptown","Bankers Hill","400 NUTMEG ST","NU-427","32.733405628","-117.160517200","60312","Uptown MK5 - 4 Hour Max $2.50 HR, 8am-8pm Mon-Sat (Mobile Pay) (NFC)","8am","8pm","4 hour","Mon-Sat","$2.50 HR","Y","",""
"Uptown","Bankers Hill","400 OLIVE ST","OL-424","32.734614000","-117.160641000","60312","Uptown MK5 - 4 Hour Max $2.50 HR, 8am-8pm Mon-Sat (Mobile Pay) (NFC)","8am","8pm","4 hour","Mon-Sat","$2.50 HR","Y","",""
"Uptown","Bankers Hill","400 OLIVE ST","OL-426","32.734615000","-117.160491000","60312","Uptown MK5 - 4 Hour Max $2.50 HR, 8am-8pm Mon-Sat (Mobile Pay) (NFC)","8am","8pm","4 hour","Mon-Sat","$2.50 HR","Y","",""
"Uptown","Bankers Hill","400 OLIVE ST","OL-418","32.734613000","-117.161057000","60312","Uptown MK5 - 4 Hour Max $2.50 HR, 8am-8pm Mon-Sat (Mobile Pay) (NFC)","8am","8pm","4 hour","Mon-Sat","$2.50 HR","Y","",""
"Uptown","Bankers Hill","400 OLIVE ST","OL-420","32.734613000","-117.160907000","60312","Uptown MK5 - 4 Hour Max $2.50 HR, 8am-8pm Mon-Sat (Mobile Pay) (NFC)","8am","8pm","4 hour","Mon-Sat","$2.50 HR","Y","",""
"Uptown","Bankers Hill","400 OLIVE ST","OL-422","32.734614000","-117.160774000","60312","Uptown MK5 - 4 Hour Max $2.50 HR, 8am-8pm Mon-Sat (Mobile Pay) (NFC)","8am","8pm","4 hour","Mon-Sat","$2.50 HR","Y","",""
"Uptown","Bankers Hill","400 PALM ST","PM-415","32.735512000","-117.160731000","57192","Uptown MK5 - 2 Hour Max $2.50 HR, 8am-8pm, Mon-Sat, Prepay, NFC","8am","8pm","2 hour","Mon-Sat","$2.50 HR","","",""
"Uptown","Bankers Hill","400 PALM ST","PM-417","32.735513000","-117.160681000","57192","Uptown MK5 - 2 Hour Max $2.50 HR, 8am-8pm, Mon-Sat, Prepay, NFC","8am","8pm","2 hour","Mon-Sat","$2.50 HR","","",""
"Uptown","Bankers Hill","400 PALM ST","PM-419","32.735513000","-117.160631000","57192","Uptown MK5 - 2 Hour Max $2.50 HR, 8am-8pm, Mon-Sat, Prepay, NFC","8am","8pm","2 hour","Mon-Sat","$2.50 HR","","",""
"Uptown","Bankers Hill","400 PALM ST","PM-421","32.735514000","-117.160597000","57192","Uptown MK5 - 2 Hour Max $2.50 HR, 8am-8pm, Mon-Sat, Prepay, NFC","8am","8pm","2 hour","Mon-Sat","$2.50 HR","","",""
"Uptown","Bankers Hill","400 PALM ST","PM-423","32.735514000","-117.160547000","57192","Uptown MK5 - 2 Hour Max $2.50 HR, 8am-8pm, Mon-Sat, Prepay, NFC","8am","8pm","2 hour","Mon-Sat","$2.50 HR","","",""
"Uptown","Bankers Hill","400 PALM ST","PM-424","32.735669000","-117.160500000","57192","Uptown MK5 - 2 Hour Max $2.50 HR, 8am-8pm, Mon-Sat, Prepay, NFC","8am","8pm","2 hour","Mon-Sat","$2.50 HR","","",""
"Uptown","Bankers Hill","400 PALM ST","PM-425","32.735516000","-117.160464000","57192","Uptown MK5 - 2 Hour Max $2.50 HR, 8am-8pm, Mon-Sat, Prepay, NFC","8am","8pm","2 hour","Mon-Sat","$2.50 HR","","",""
"Uptown","Bankers Hill","400 PALM ST","PM-426","32.735670000","-117.160416000","57192","Uptown MK5 - 2 Hour Max $2.50 HR, 8am-8pm, Mon-Sat, Prepay, NFC","8am","8pm","2 hour","Mon-Sat","$2.50 HR","","",""
"Uptown","Bankers Hill","400 QUINCE ST","QN-400","32.736690000","-117.161139000","60312","Uptown MK5 - 4 Hour Max $2.50 HR, 8am-8pm Mon-Sat (Mobile Pay) (NFC)","8am","8pm","4 hour","Mon-Sat","$2.50 HR","Y","",""
"Uptown","Bankers Hill","400 QUINCE ST","QN-402","32.736691000","-117.161072000","60312","Uptown MK5 - 4 Hour Max $2.50 HR, 8am-8pm Mon-Sat (Mobile Pay) (NFC)","8am","8pm","4 hour","Mon-Sat","$2.50 HR","Y","",""
"Uptown","Bankers Hill","400 QUINCE ST","QN-404","32.736692000","-117.160988000","60312","Uptown MK5 - 4 Hour Max $2.50 HR, 8am-8pm Mon-Sat (Mobile Pay) (NFC)","8am","8pm","4 hour","Mon-Sat","$2.50 HR","Y","",""
"Uptown","Bankers Hill","400 QUINCE ST","QN-406","32.736692000","-117.160921000","60312","Uptown MK5 - 4 Hour Max $2.50 HR, 8am-8pm Mon-Sat (Mobile Pay) (NFC)","8am","8pm","4 hour","Mon-Sat","$2.50 HR","Y","",""
"Uptown","Bankers Hill","400 QUINCE ST","QN-408","32.736693000","-117.160854000","60312","Uptown MK5 - 4 Hour Max $2.50 HR, 8am-8pm Mon-Sat (Mobile Pay) (NFC)","8am","8pm","4 hour","Mon-Sat","$2.50 HR","Y","",""
"Uptown","Bankers Hill","400 QUINCE ST","QN-410","32.736704000","-117.160880000","60312","Uptown MK5 - 4 Hour Max $2.50 HR, 8am-8pm Mon-Sat (Mobile Pay) (NFC)","8am","8pm","4 hour","Mon-Sat","$2.50 HR","Y","",""
"Uptown","Bankers Hill","400 QUINCE ST","QN-412","32.736639000","-117.160828000","60312","Uptown MK5 - 4 Hour Max $2.50 HR, 8am-8pm Mon-Sat (Mobile Pay) (NFC)","8am","8pm","4 hour","Mon-Sat","$2.50 HR","Y","",""
"Uptown","Bankers Hill","400 QUINCE ST","QN-414","32.736694000","-117.160653000","60312","Uptown MK5 - 4 Hour Max $2.50 HR, 8am-8pm Mon-Sat (Mobile Pay) (NFC)","8am","8pm","4 hour","Mon-Sat","$2.50 HR","Y","",""
"Uptown","Bankers Hill","400 QUINCE ST","QN-420","32.736695000","-117.160569000","60312","Uptown MK5 - 4 Hour Max $2.50 HR, 8am-8pm Mon-Sat (Mobile Pay) (NFC)","8am","8pm","4 hour","Mon-Sat","$2.50 HR","Y","",""
"Uptown","Bankers Hill","400 QUINCE ST","QN-422","32.736695000","-117.160502000","60312","Uptown MK5 - 4 Hour Max $2.50 HR, 8am-8pm Mon-Sat (Mobile Pay) (NFC)","8am","8pm","4 hour","Mon-Sat","$2.50 HR","Y","",""
"Uptown","Bankers Hill","400 QUINCE ST","QN-424","32.736691000","-117.160588000","60312","Uptown MK5 - 4 Hour Max $2.50 HR, 8am-8pm Mon-Sat (Mobile Pay) (NFC)","8am","8pm","4 hour","Mon-Sat","$2.50 HR","Y","",""
"Uptown","Bankers Hill","400 QUINCE ST","QN-428","32.736696000","-117.160435000","60312","Uptown MK5 - 4 Hour Max $2.50 HR, 8am-8pm Mon-Sat (Mobile Pay) (NFC)","8am","8pm","4 hour","Mon-Sat","$2.50 HR","Y","",""
"Uptown","Bankers Hill","400 QUINCE ST","QN-426","32.736682000","-117.160463000","60312","Uptown MK5 - 4 Hour Max $2.50 HR, 8am-8pm Mon-Sat (Mobile Pay) (NFC)","8am","8pm","4 hour","Mon-Sat","$2.50 HR","Y","",""
"Uptown","Bankers Hill","400 QUINCE ST","QN-430","32.736696000","-117.160435000","60312","Uptown MK5 - 4 Hour Max $2.50 HR, 8am-8pm Mon-Sat (Mobile Pay) (NFC)","8am","8pm","4 hour","Mon-Sat","$2.50 HR","Y","",""
"Uptown","Bankers Hill","500 ELM ST","EM-501","32.723988000","-117.160033000","60312","Uptown MK5 - 4 Hour Max $2.50 HR, 8am-8pm Mon-Sat (Mobile Pay) (NFC)","8am","8pm","4 hour","Mon-Sat","$2.50 HR","Y","",""
"Uptown","Bankers Hill","500 ELM ST","EM-502","32.724142000","-117.159932000","60312","Uptown MK5 - 4 Hour Max $2.50 HR, 8am-8pm Mon-Sat (Mobile Pay) (NFC)","8am","8pm","4 hour","Mon-Sat","$2.50 HR","Y","",""
"Uptown","Bankers Hill","500 ELM ST","EM-503","32.723988000","-117.159845000","60312","Uptown MK5 - 4 Hour Max $2.50 HR, 8am-8pm Mon-Sat (Mobile Pay) (NFC)","8am","8pm","4 hour","Mon-Sat","$2.50 HR","Y","",""
"Uptown","Bankers Hill","500 ELM ST","EM-504","32.724142000","-117.159759000","60312","Uptown MK5 - 4 Hour Max $2.50 HR, 8am-8pm Mon-Sat (Mobile Pay) (NFC)","8am","8pm","4 hour","Mon-Sat","$2.50 HR","Y","",""
"Uptown","Bankers Hill","500 ELM ST","EM-505","32.723988000","-117.159672000","60312","Uptown MK5 - 4 Hour Max $2.50 HR, 8am-8pm Mon-Sat (Mobile Pay) (NFC)","8am","8pm","4 hour","Mon-Sat","$2.50 HR","Y","",""
"Uptown","Bankers Hill","500 ELM ST","EM-507","32.723988000","-117.159585000","60312","Uptown MK5 - 4 Hour Max $2.50 HR, 8am-8pm Mon-Sat (Mobile Pay) (NFC)","8am","8pm","4 hour","Mon-Sat","$2.50 HR","Y","",""
"Uptown","Bankers Hill","500 ELM ST","EM-500","32.724142000","-117.160120000","9115","15 Min Max 8am-6pm Mon-Sat (Sensor Courtesy)","8am","6pm","15 min","Mon-Sat","","","",""
"Uptown","Bankers Hill","500 FIR ST","FI-502","32.725192000","-117.160108000","57192","Uptown MK5 - 2 Hour Max $2.50 HR, 8am-8pm, Mon-Sat, Prepay, NFC","8am","8pm","2 hour","Mon-Sat","$2.50 HR","","",""
"Uptown","Bankers Hill","500 FIR ST","FI-504","32.725193000","-117.159898000","57192","Uptown MK5 - 2 Hour Max $2.50 HR, 8am-8pm, Mon-Sat, Prepay, NFC","8am","8pm","2 hour","Mon-Sat","$2.50 HR","","",""
"Uptown","Bankers Hill","500 FIR ST","FI-505","32.725040000","-117.159793000","57192","Uptown MK5 - 2 Hour Max $2.50 HR, 8am-8pm, Mon-Sat, Prepay, NFC","8am","8pm","2 hour","Mon-Sat","$2.50 HR","","",""
"Uptown","Bankers Hill","500 FIR ST","FI-513","32.725041000","-117.159583000","57192","Uptown MK5 - 2 Hour Max $2.50 HR, 8am-8pm, Mon-Sat, Prepay, NFC","8am","8pm","2 hour","Mon-Sat","$2.50 HR","","",""
"Uptown","Bankers Hill","500 FIR ST","FI-506","32.725041000","-117.159583000","57192","Uptown MK5 - 2 Hour Max $2.50 HR, 8am-8pm, Mon-Sat, Prepay, NFC","8am","8pm","2 hour","Mon-Sat","$2.50 HR","","",""
"Uptown","Bankers Hill","500 FIR ST","FI-508","32.725041000","-117.159583000","57192","Uptown MK5 - 2 Hour Max $2.50 HR, 8am-8pm, Mon-Sat, Prepay, NFC","8am","8pm","2 hour","Mon-Sat","$2.50 HR","","",""
"Uptown","Bankers Hill","500 FIR ST","FI-500","32.725165376","-117.160070277","57192","Uptown MK5 - 2 Hour Max $2.50 HR, 8am-8pm, Mon-Sat, Prepay, NFC","8am","8pm","2 hour","Mon-Sat","$2.50 HR","","",""
"Uptown","Bankers Hill","500 GRAPE ST","GP-505","32.726101000","-117.160050000","57192","Uptown MK5 - 2 Hour Max $2.50 HR, 8am-8pm, Mon-Sat, Prepay, NFC","8am","8pm","2 hour","Mon-Sat","$2.50 HR","","",""
"Uptown","Bankers Hill","500 GRAPE ST","GP-507","32.726102000","-117.159974000","57192","Uptown MK5 - 2 Hour Max $2.50 HR, 8am-8pm, Mon-Sat, Prepay, NFC","8am","8pm","2 hour","Mon-Sat","$2.50 HR","","",""
"Uptown","Bankers Hill","500 GRAPE ST","GP-509","32.726134000","-117.159900000","57192","Uptown MK5 - 2 Hour Max $2.50 HR, 8am-8pm, Mon-Sat, Prepay, NFC","8am","8pm","2 hour","Mon-Sat","$2.50 HR","","",""
"Uptown","Bankers Hill","500 GRAPE ST","GP-511","32.726459000","-117.159972000","57192","Uptown MK5 - 2 Hour Max $2.50 HR, 8am-8pm, Mon-Sat, Prepay, NFC","8am","8pm","2 hour","Mon-Sat","$2.50 HR","","",""
"Uptown","Bankers Hill","500 GRAPE ST","GP-513","32.726141000","-117.159873000","57192","Uptown MK5 - 2 Hour Max $2.50 HR, 8am-8pm, Mon-Sat, Prepay, NFC","8am","8pm","2 hour","Mon-Sat","$2.50 HR","","",""
"Uptown","Bankers Hill","500 GRAPE ST","GP-515","32.726077000","-117.159715000","57192","Uptown MK5 - 2 Hour Max $2.50 HR, 8am-8pm, Mon-Sat, Prepay, NFC","8am","8pm","2 hour","Mon-Sat","$2.50 HR","","",""
"Uptown","Bankers Hill","500 GRAPE ST","GP-517","32.726103000","-117.159882000","57192","Uptown MK5 - 2 Hour Max $2.50 HR, 8am-8pm, Mon-Sat, Prepay, NFC","8am","8pm","2 hour","Mon-Sat","$2.50 HR","","",""
"Uptown","Bankers Hill","500 GRAPE ST","GP-519","32.726104000","-117.159806000","57192","Uptown MK5 - 2 Hour Max $2.50 HR, 8am-8pm, Mon-Sat, Prepay, NFC","8am","8pm","2 hour","Mon-Sat","$2.50 HR","","",""
"Uptown","Bankers Hill","500 GRAPE ST","GP-521","32.726105000","-117.159714000","57192","Uptown MK5 - 2 Hour Max $2.50 HR, 8am-8pm, Mon-Sat, Prepay, NFC","8am","8pm","2 hour","Mon-Sat","$2.50 HR","","",""
"Uptown","Bankers Hill","500 GRAPE ST","GP-523","32.726105000","-117.159638000","57192","Uptown MK5 - 2 Hour Max $2.50 HR, 8am-8pm, Mon-Sat, Prepay, NFC","8am","8pm","2 hour","Mon-Sat","$2.50 HR","","",""
"Uptown","Bankers Hill","500 HAWTHORN ST","HA-514","32.727141000","-117.159524000","60312","Uptown MK5 - 4 Hour Max $2.50 HR, 8am-8pm Mon-Sat (Mobile Pay) (NFC)","8am","8pm","4 hour","Mon-Sat","$2.50 HR","Y","",""
"Uptown","Bankers Hill","500 HAWTHORN ST","HA-501","32.727161000","-117.160096000","60312","Uptown MK5 - 4 Hour Max $2.50 HR, 8am-8pm Mon-Sat (Mobile Pay) (NFC)","8am","8pm","4 hour","Mon-Sat","$2.50 HR","Y","",""
"Uptown","Bankers Hill","500 HAWTHORN ST","HA-502","32.727139000","-117.160008000","60312","Uptown MK5 - 4 Hour Max $2.50 HR, 8am-8pm Mon-Sat (Mobile Pay) (NFC)","8am","8pm","4 hour","Mon-Sat","$2.50 HR","Y","",""
"Uptown","Bankers Hill","500 HAWTHORN ST","HA-503","32.727161000","-117.160096000","60312","Uptown MK5 - 4 Hour Max $2.50 HR, 8am-8pm Mon-Sat (Mobile Pay) (NFC)","8am","8pm","4 hour","Mon-Sat","$2.50 HR","Y","",""
"Uptown","Bankers Hill","500 HAWTHORN ST","HA-504","32.727139000","-117.159867000","60312","Uptown MK5 - 4 Hour Max $2.50 HR, 8am-8pm Mon-Sat (Mobile Pay) (NFC)","8am","8pm","4 hour","Mon-Sat","$2.50 HR","Y","",""
"Uptown","Bankers Hill","500 HAWTHORN ST","HA-505","32.727174000","-117.159949000","60312","Uptown MK5 - 4 Hour Max $2.50 HR, 8am-8pm Mon-Sat (Mobile Pay) (NFC)","8am","8pm","4 hour","Mon-Sat","$2.50 HR","Y","",""
"Uptown","Bankers Hill","500 HAWTHORN ST","HA-506","32.727140000","-117.159727000","60312","Uptown MK5 - 4 Hour Max $2.50 HR, 8am-8pm Mon-Sat (Mobile Pay) (NFC)","8am","8pm","4 hour","Mon-Sat","$2.50 HR","Y","",""
"Uptown","Bankers Hill","500 HAWTHORN ST","HA-508","32.727140000","-117.159665000","60312","Uptown MK5 - 4 Hour Max $2.50 HR, 8am-8pm Mon-Sat (Mobile Pay) (NFC)","8am","8pm","4 hour","Mon-Sat","$2.50 HR","Y","",""
"Uptown","Bankers Hill","500 HAWTHORN ST","HA-510","32.727140000","-117.159587000","60312","Uptown MK5 - 4 Hour Max $2.50 HR, 8am-8pm Mon-Sat (Mobile Pay) (NFC)","8am","8pm","4 hour","Mon-Sat","$2.50 HR","Y","",""
"Uptown","Bankers Hill","500 HAWTHORN ST","HA-507","32.727174000","-117.159949000","60312","Uptown MK5 - 4 Hour Max $2.50 HR, 8am-8pm Mon-Sat (Mobile Pay) (NFC)","8am","8pm","4 hour","Mon-Sat","$2.50 HR","Y","",""
"Uptown","Bankers Hill","500 HAWTHORN ST","HA-511","32.727137792","-117.159796692","60312","Uptown MK5 - 4 Hour Max $2.50 HR, 8am-8pm Mon-Sat (Mobile Pay) (NFC)","8am","8pm","4 hour","Mon-Sat","$2.50 HR","Y","",""
"Uptown","Bankers Hill","500 HAWTHORN ST","HA-513","32.727136382","-117.159800715","60312","Uptown MK5 - 4 Hour Max $2.50 HR, 8am-8pm Mon-Sat (Mobile Pay) (NFC)","8am","8pm","4 hour","Mon-Sat","$2.50 HR","Y","",""
"Uptown","Bankers Hill","500 IVY ST","IV-505","32.728288000","-117.159952000","60312","Uptown MK5 - 4 Hour Max $2.50 HR, 8am-8pm Mon-Sat (Mobile Pay) (NFC)","8am","8pm","4 hour","Mon-Sat","$2.50 HR","Y","",""
"Uptown","Bankers Hill","500 IVY ST","IV-507","32.728179000","-117.160025000","60312","Uptown MK5 - 4 Hour Max $2.50 HR, 8am-8pm Mon-Sat (Mobile Pay) (NFC)","8am","8pm","4 hour","Mon-Sat","$2.50 HR","Y","",""
"Uptown","Bankers Hill","500 IVY ST","IV-501","32.728174000","-117.159977000","60312","Uptown MK5 - 4 Hour Max $2.50 HR, 8am-8pm Mon-Sat (Mobile Pay) (NFC)","8am","8pm","4 hour","Mon-Sat","$2.50 HR","Y","",""
"Uptown","Bankers Hill","500 IVY ST","IV-503","32.728171000","-117.159987000","60312","Uptown MK5 - 4 Hour Max $2.50 HR, 8am-8pm Mon-Sat (Mobile Pay) (NFC)","8am","8pm","4 hour","Mon-Sat","$2.50 HR","Y","",""
"Uptown","Bankers Hill","500 IVY ST","IV-511","32.728181099","-117.159806080","60312","Uptown MK5 - 4 Hour Max $2.50 HR, 8am-8pm Mon-Sat (Mobile Pay) (NFC)","8am","8pm","4 hour","Mon-Sat","$2.50 HR","Y","",""
"Uptown","Bankers Hill","500 JUNIPER ST","JN-524","32.729382000","-117.159836000","60312","Uptown MK5 - 4 Hour Max $2.50 HR, 8am-8pm Mon-Sat (Mobile Pay) (NFC)","8am","8pm","4 hour","Mon-Sat","$2.50 HR","Y","",""
"Uptown","Bankers Hill","500 KALMIA ST","KL-507","32.730281000","-117.159842000","60312","Uptown MK5 - 4 Hour Max $2.50 HR, 8am-8pm Mon-Sat (Mobile Pay) (NFC)","8am","8pm","4 hour","Mon-Sat","$2.50 HR","Y","",""
"Uptown","Bankers Hill","500 MAPLE ST","MP-503","32.732369459","-117.160169129","60312","Uptown MK5 - 4 Hour Max $2.50 HR, 8am-8pm Mon-Sat (Mobile Pay) (NFC)","8am","8pm","4 hour","Mon-Sat","$2.50 HR","Y","",""
"Uptown","Bankers Hill","500 MAPLE ST","MP-507","32.732357000","-117.160004000","60312","Uptown MK5 - 4 Hour Max $2.50 HR, 8am-8pm Mon-Sat (Mobile Pay) (NFC)","8am","8pm","4 hour","Mon-Sat","$2.50 HR","Y","",""
"Uptown","Bankers Hill","500 NUTMEG ST","NU-509","32.733476000","-117.159932000","60312","Uptown MK5 - 4 Hour Max $2.50 HR, 8am-8pm Mon-Sat (Mobile Pay) (NFC)","8am","8pm","4 hour","Mon-Sat","$2.50 HR","Y","",""
"Uptown","Bankers Hill","500 NUTMEG ST","NU-511","32.733476000","-117.159932000","60312","Uptown MK5 - 4 Hour Max $2.50 HR, 8am-8pm Mon-Sat (Mobile Pay) (NFC)","8am","8pm","4 hour","Mon-Sat","$2.50 HR","Y","",""
"Uptown","Bankers Hill","500 NUTMEG ST","NU-503","32.733408000","-117.159981000","60312","Uptown MK5 - 4 Hour Max $2.50 HR, 8am-8pm Mon-Sat (Mobile Pay) (NFC)","8am","8pm","4 hour","Mon-Sat","$2.50 HR","Y","",""
"Uptown","Bankers Hill","500 NUTMEG ST","NU-505","32.733407000","-117.159781000","60312","Uptown MK5 - 4 Hour Max $2.50 HR, 8am-8pm Mon-Sat (Mobile Pay) (NFC)","8am","8pm","4 hour","Mon-Sat","$2.50 HR","Y","",""
"Uptown","Bankers Hill","300 THORN ST","TH-314","32.739835000","-117.161857000","60312","Uptown MK5 - 4 Hour Max $2.50 HR, 8am-8pm Mon-Sat (Mobile Pay) (NFC)","8am","8pm","4 hour","Mon-Sat","$2.50 HR","Y","",""
"Uptown","Bankers Hill","300 THORN ST","TH-316","32.739834000","-117.161589000","60312","Uptown MK5 - 4 Hour Max $2.50 HR, 8am-8pm Mon-Sat (Mobile Pay) (NFC)","8am","8pm","4 hour","Mon-Sat","$2.50 HR","Y","",""
"Uptown","Bankers Hill","1700 FOURTH AVE","4-1708","32.723216000","-117.161247000","57192","Uptown MK5 - 2 Hour Max $2.50 HR, 8am-8pm, Mon-Sat, Prepay, NFC","8am","8pm","2 hour","Mon-Sat","$2.50 HR","","",""
"Uptown","Bankers Hill","1700 FOURTH AVE","4-1710","32.723272000","-117.161248000","57192","Uptown MK5 - 2 Hour Max $2.50 HR, 8am-8pm, Mon-Sat, Prepay, NFC","8am","8pm","2 hour","Mon-Sat","$2.50 HR","","",""
"Uptown","Bankers Hill","1700 FOURTH AVE","4-1712","32.723346000","-117.161248000","57192","Uptown MK5 - 2 Hour Max $2.50 HR, 8am-8pm, Mon-Sat, Prepay, NFC","8am","8pm","2 hour","Mon-Sat","$2.50 HR","","",""
"Uptown","Bankers Hill","1700 FOURTH AVE","4-1714","32.723457000","-117.161248000","57192","Uptown MK5 - 2 Hour Max $2.50 HR, 8am-8pm, Mon-Sat, Prepay, NFC","8am","8pm","2 hour","Mon-Sat","$2.50 HR","","",""
"Uptown","Bankers Hill","1700 FOURTH AVE","4-1716","32.723568000","-117.161249000","57192","Uptown MK5 - 2 Hour Max $2.50 HR, 8am-8pm, Mon-Sat, Prepay, NFC","8am","8pm","2 hour","Mon-Sat","$2.50 HR","","",""
"Uptown","Bankers Hill","1700 FOURTH AVE","4-1718","32.723679000","-117.161249000","57192","Uptown MK5 - 2 Hour Max $2.50 HR, 8am-8pm, Mon-Sat, Prepay, NFC","8am","8pm","2 hour","Mon-Sat","$2.50 HR","","",""
"Uptown","Bankers Hill","1700 FOURTH AVE","4-1720","32.723809000","-117.161250000","57192","Uptown MK5 - 2 Hour Max $2.50 HR, 8am-8pm, Mon-Sat, Prepay, NFC","8am","8pm","2 hour","Mon-Sat","$2.50 HR","","",""
"Uptown","Bankers Hill","1700 FOURTH AVE","4-1722","32.723865000","-117.161250000","57192","Uptown MK5 - 2 Hour Max $2.50 HR, 8am-8pm, Mon-Sat, Prepay, NFC","8am","8pm","2 hour","Mon-Sat","$2.50 HR","","",""
"Uptown","Bankers Hill","300 DATE ST","DA-303","32.722970000","-117.161933000","57192","Uptown MK5 - 2 Hour Max $2.50 HR, 8am-8pm, Mon-Sat, Prepay, NFC","8am","8pm","2 hour","Mon-Sat","$2.50 HR","","",""
"Uptown","Bankers Hill","300 DATE ST","DA-305","32.722971000","-117.161833000","57192","Uptown MK5 - 2 Hour Max $2.50 HR, 8am-8pm, Mon-Sat, Prepay, NFC","8am","8pm","2 hour","Mon-Sat","$2.50 HR","","",""
"Uptown","Bankers Hill","300 DATE ST","DA-307","32.722973000","-117.161669000","57192","Uptown MK5 - 2 Hour Max $2.50 HR, 8am-8pm, Mon-Sat, Prepay, NFC","8am","8pm","2 hour","Mon-Sat","$2.50 HR","","",""
"Uptown","Bankers Hill","300 DATE ST","DA-309","32.722972000","-117.161750000","57192","Uptown MK5 - 2 Hour Max $2.50 HR, 8am-8pm, Mon-Sat, Prepay, NFC","8am","8pm","2 hour","Mon-Sat","$2.50 HR","","",""
"Uptown","Bankers Hill","300 DATE ST","DA-311","32.722973000","-117.161650000","57192","Uptown MK5 - 2 Hour Max $2.50 HR, 8am-8pm, Mon-Sat, Prepay, NFC","8am","8pm","2 hour","Mon-Sat","$2.50 HR","","",""
"Uptown","Bankers Hill","300 DATE ST","DA-313","32.722974000","-117.161567000","57192","Uptown MK5 - 2 Hour Max $2.50 HR, 8am-8pm, Mon-Sat, Prepay, NFC","8am","8pm","2 hour","Mon-Sat","$2.50 HR","","",""
"Uptown","Five Points","1700 SAN DIEGO AVE","SD-1703","32.742519617","-117.181241959","56992","Uptown MK5 - 2 Hour Max $2.50 HR, 8am-8pm, Mon-Sun, Prepay, NFC","8am","8pm","2 hour","Mon-Sun","$2.50 HR","","",""
"Uptown","Five Points","1700 SAN DIEGO AVE","SD-1715","32.742648493","-117.181504145","56992","Uptown MK5 - 2 Hour Max $2.50 HR, 8am-8pm, Mon-Sun, Prepay, NFC","8am","8pm","2 hour","Mon-Sun","$2.50 HR","","",""
"Uptown","Five Points","1700 SAN DIEGO AVE","SD-1717","32.742647929","-117.181533984","56992","Uptown MK5 - 2 Hour Max $2.50 HR, 8am-8pm, Mon-Sun, Prepay, NFC","8am","8pm","2 hour","Mon-Sun","$2.50 HR","","",""
"Uptown","Five Points","1700 SAN DIEGO AVE","SD-1719","32.742677539","-117.181569188","56992","Uptown MK5 - 2 Hour Max $2.50 HR, 8am-8pm, Mon-Sun, Prepay, NFC","8am","8pm","2 hour","Mon-Sun","$2.50 HR","","",""
"Uptown","Five Points","1700 WINDER ST","WR-1700N","32.719187000","-117.144733000","56949","Uptown MS3 - 2 Hour Max $2.50 HR, 8am-8pm, Mon-Sat, Prepay, NFC","8am","8pm","2 hour","Mon-Sat","$2.50 HR","","",""
"Uptown","Five Points","1700 WINDER ST","WR-1720","32.742698971","-117.180024236","57192","Uptown MK5 - 2 Hour Max $2.50 HR, 8am-8pm, Mon-Sat, Prepay, NFC","8am","8pm","2 hour","Mon-Sat","$2.50 HR","","",""
"Uptown","Five Points","1700 WINDER ST","WR-1722","32.742718429","-117.179969251","57192","Uptown MK5 - 2 Hour Max $2.50 HR, 8am-8pm, Mon-Sat, Prepay, NFC","8am","8pm","2 hour","Mon-Sat","$2.50 HR","","",""
"Uptown","Five Points","1700 WINDER ST","WR-1724","32.742745502","-117.179942093","57192","Uptown MK5 - 2 Hour Max $2.50 HR, 8am-8pm, Mon-Sat, Prepay, NFC","8am","8pm","2 hour","Mon-Sat","$2.50 HR","","",""
"Uptown","Five Points","1700 WINDER ST","WR-1726","32.742762422","-117.179909572","57192","Uptown MK5 - 2 Hour Max $2.50 HR, 8am-8pm, Mon-Sat, Prepay, NFC","8am","8pm","2 hour","Mon-Sat","$2.50 HR","","",""
"Uptown","Five Points","1700 WINDER ST","WR-1701","32.742405405","-117.180265635","57192","Uptown MK5 - 2 Hour Max $2.50 HR, 8am-8pm, Mon-Sat, Prepay, NFC","8am","8pm","2 hour","Mon-Sat","$2.50 HR","","",""
"Uptown","Five Points","1700 WINDER ST","WR-1702","32.742436708","-117.180374599","57192","Uptown MK5 - 2 Hour Max $2.50 HR, 8am-8pm, Mon-Sat, Prepay, NFC","8am","8pm","2 hour","Mon-Sat","$2.50 HR","","",""
"Uptown","Five Points","1700 WINDER ST","WR-1703","32.742429658","-117.180168740","57192","Uptown MK5 - 2 Hour Max $2.50 HR, 8am-8pm, Mon-Sat, Prepay, NFC","8am","8pm","2 hour","Mon-Sat","$2.50 HR","","",""
"Uptown","Five Points","1700 WINDER ST","WR-1704","32.742561071","-117.180260270","57192","Uptown MK5 - 2 Hour Max $2.50 HR, 8am-8pm, Mon-Sat, Prepay, NFC","8am","8pm","2 hour","Mon-Sat","$2.50 HR","","",""
"Uptown","Five Points","1700 WINDER ST","WR-1706","32.742492827","-117.180315926","57192","Uptown MK5 - 2 Hour Max $2.50 HR, 8am-8pm, Mon-Sat, Prepay, NFC","8am","8pm","2 hour","Mon-Sat","$2.50 HR","","",""
"Uptown","Five Points","1700 WINDER ST","WR-1708","32.742508901","-117.180297151","57192","Uptown MK5 - 2 Hour Max $2.50 HR, 8am-8pm, Mon-Sat, Prepay, NFC","8am","8pm","2 hour","Mon-Sat","$2.50 HR","","",""
"Uptown","Five Points","1700 WINDER ST","WR-1710","32.742521873","-117.180281393","57192","Uptown MK5 - 2 Hour Max $2.50 HR, 8am-8pm, Mon-Sat, Prepay, NFC","8am","8pm","2 hour","Mon-Sat","$2.50 HR","","",""
"Uptown","Five Points","1700 WINDER ST","WR-1712","32.742554021","-117.180262282","57192","Uptown MK5 - 2 Hour Max $2.50 HR, 8am-8pm, Mon-Sat, Prepay, NFC","8am","8pm","2 hour","Mon-Sat","$2.50 HR","","",""
"Uptown","Five Points","1700 WINDER ST","WR-1714","32.742578838","-117.180212996","57192","Uptown MK5 - 2 Hour Max $2.50 HR, 8am-8pm, Mon-Sat, Prepay, NFC","8am","8pm","2 hour","Mon-Sat","$2.50 HR","","",""
"Uptown","Five Points","1700 WINDER ST","WR-1716","32.742579684","-117.180218026","57192","Uptown MK5 - 2 Hour Max $2.50 HR, 8am-8pm, Mon-Sat, Prepay, NFC","8am","8pm","2 hour","Mon-Sat","$2.50 HR","","",""
"Uptown","Five Points","1700 WINDER ST","WR-1728","32.742779906","-117.179896831","57192","Uptown MK5 - 2 Hour Max $2.50 HR, 8am-8pm, Mon-Sat, Prepay, NFC","8am","8pm","2 hour","Mon-Sat","$2.50 HR","","",""
"Uptown","Five Points","3500 INDIA ST","N-3535","32.739439000","-117.177776000","56992","Uptown MK5 - 2 Hour Max $2.50 HR, 8am-8pm, Mon-Sun, Prepay, NFC","8am","8pm","2 hour","Mon-Sun","$2.50 HR","","",""
"Uptown","Five Points","3500 INDIA ST","N-3537","32.739912000","-117.178193000","56992","Uptown MK5 - 2 Hour Max $2.50 HR, 8am-8pm, Mon-Sun, Prepay, NFC","8am","8pm","2 hour","Mon-Sun","$2.50 HR","","",""
"Uptown","Five Points","3500 INDIA ST","N-3541","32.740442000","-117.178651000","56992","Uptown MK5 - 2 Hour Max $2.50 HR, 8am-8pm, Mon-Sun, Prepay, NFC","8am","8pm","2 hour","Mon-Sun","$2.50 HR","","",""
"Uptown","Five Points","3600 INDIA ST","N-3639","32.741680651","-117.179735563","56992","Uptown MK5 - 2 Hour Max $2.50 HR, 8am-8pm, Mon-Sun, Prepay, NFC","8am","8pm","2 hour","Mon-Sun","$2.50 HR","","",""
"Uptown","Five Points","3600 INDIA ST","N-3641","32.741673037","-117.179744951","56992","Uptown MK5 - 2 Hour Max $2.50 HR, 8am-8pm, Mon-Sun, Prepay, NFC","8am","8pm","2 hour","Mon-Sun","$2.50 HR","","",""
"Uptown","Five Points","3600 INDIA ST","N-3643","32.741814604","-117.179826758","56992","Uptown MK5 - 2 Hour Max $2.50 HR, 8am-8pm, Mon-Sun, Prepay, NFC","8am","8pm","2 hour","Mon-Sun","$2.50 HR","","",""
"Uptown","Five Points","3600 INDIA ST","N-3661","32.742265249","-117.180241830","56992","Uptown MK5 - 2 Hour Max $2.50 HR, 8am-8pm, Mon-Sun, Prepay, NFC","8am","8pm","2 hour","Mon-Sun","$2.50 HR","","",""
"Uptown","Five Points","3700 INDIA ST","N-3705","32.742608166","-117.180597223","56992","Uptown MK5 - 2 Hour Max $2.50 HR, 8am-8pm, Mon-Sun, Prepay, NFC","8am","8pm","2 hour","Mon-Sun","$2.50 HR","","",""
"Uptown","Five Points","3700 INDIA ST","N-3707","32.742652441","-117.180642485","56992","Uptown MK5 - 2 Hour Max $2.50 HR, 8am-8pm, Mon-Sun, Prepay, NFC","8am","8pm","2 hour","Mon-Sun","$2.50 HR","","",""
"Uptown","Five Points","3700 INDIA ST","N-3709","32.742702073","-117.180674336","56992","Uptown MK5 - 2 Hour Max $2.50 HR, 8am-8pm, Mon-Sun, Prepay, NFC","8am","8pm","2 hour","Mon-Sun","$2.50 HR","","",""
"Uptown","Five Points","3700 INDIA ST","N-3711","32.742734504","-117.180714905","56992","Uptown MK5 - 2 Hour Max $2.50 HR, 8am-8pm, Mon-Sun, Prepay, NFC","8am","8pm","2 hour","Mon-Sun","$2.50 HR","","",""
"Uptown","Five Points","3700 INDIA ST","N-3712","32.742665413","-117.180801071","56992","Uptown MK5 - 2 Hour Max $2.50 HR, 8am-8pm, Mon-Sun, Prepay, NFC","8am","8pm","2 hour","Mon-Sun","$2.50 HR","","",""
"Uptown","Five Points","3700 INDIA ST","N-3713","32.742713071","-117.180687412","56992","Uptown MK5 - 2 Hour Max $2.50 HR, 8am-8pm, Mon-Sun, Prepay, NFC","8am","8pm","2 hour","Mon-Sun","$2.50 HR","","",""
"Uptown","Five Points","3700 INDIA ST","N-3714","32.742704329","-117.180838622","56992","Uptown MK5 - 2 Hour Max $2.50 HR, 8am-8pm, Mon-Sun, Prepay, NFC","8am","8pm","2 hour","Mon-Sun","$2.50 HR","","",""
"Uptown","Five Points","3700 INDIA ST","N-3715","32.742742964","-117.180698812","56992","Uptown MK5 - 2 Hour Max $2.50 HR, 8am-8pm, Mon-Sun, Prepay, NFC","8am","8pm","2 hour","Mon-Sun","$2.50 HR","","",""
"Uptown","Five Points","3700 INDIA ST","N-3708","32.742593784","-117.180740050","56992","Uptown MK5 - 2 Hour Max $2.50 HR, 8am-8pm, Mon-Sun, Prepay, NFC","8am","8pm","2 hour","Mon-Sun","$2.50 HR","","",""
"Uptown","Five Points","3700 INDIA ST","N-3710","32.742592938","-117.180734686","56992","Uptown MK5 - 2 Hour Max $2.50 HR, 8am-8pm, Mon-Sun, Prepay, NFC","8am","8pm","2 hour","Mon-Sun","$2.50 HR","","",""
"Uptown","Five Points","3700 INDIA ST","N-3716","32.742717301","-117.180854380","56992","Uptown MK5 - 2 Hour Max $2.50 HR, 8am-8pm, Mon-Sun, Prepay, NFC","8am","8pm","2 hour","Mon-Sun","$2.50 HR","","",""
"Uptown","Five Points","3700 INDIA ST","N-3717","32.742779060","-117.180760167","56992","Uptown MK5 - 2 Hour Max $2.50 HR, 8am-8pm, Mon-Sun, Prepay, NFC","8am","8pm","2 hour","Mon-Sun","$2.50 HR","","",""
"Uptown","Five Points","3700 INDIA ST","N-3718","32.742806696","-117.180924117","56992","Uptown MK5 - 2 Hour Max $2.50 HR, 8am-8pm, Mon-Sun, Prepay, NFC","8am","8pm","2 hour","Mon-Sun","$2.50 HR","","",""
"Uptown","Five Points","3700 INDIA ST","N-3719","32.742821925","-117.180786654","56992","Uptown MK5 - 2 Hour Max $2.50 HR, 8am-8pm, Mon-Sun, Prepay, NFC","8am","8pm","2 hour","Mon-Sun","$2.50 HR","","",""
"Uptown","Five Points","3700 INDIA ST","N-3720","32.742821361","-117.180952951","56992","Uptown MK5 - 2 Hour Max $2.50 HR, 8am-8pm, Mon-Sun, Prepay, NFC","8am","8pm","2 hour","Mon-Sun","$2.50 HR","","",""
"Uptown","Five Points","3700 INDIA ST","N-3721","32.742823899","-117.180789001","56992","Uptown MK5 - 2 Hour Max $2.50 HR, 8am-8pm, Mon-Sun, Prepay, NFC","8am","8pm","2 hour","Mon-Sun","$2.50 HR","","",""
"Uptown","Five Points","3700 INDIA ST","N-3723","32.742853509","-117.180815823","56992","Uptown MK5 - 2 Hour Max $2.50 HR, 8am-8pm, Mon-Sun, Prepay, NFC","8am","8pm","2 hour","Mon-Sun","$2.50 HR","","",""
"Uptown","Five Points","3700 INDIA ST","N-3725","32.742884811","-117.180839292","56992","Uptown MK5 - 2 Hour Max $2.50 HR, 8am-8pm, Mon-Sun, Prepay, NFC","8am","8pm","2 hour","Mon-Sun","$2.50 HR","","",""
"Uptown","Five Points","3700 INDIA ST","N-3726","32.743045553","-117.181124612","56992","Uptown MK5 - 2 Hour Max $2.50 HR, 8am-8pm, Mon-Sun, Prepay, NFC","8am","8pm","2 hour","Mon-Sun","$2.50 HR","","",""
"Uptown","Five Points","3700 INDIA ST","N-3727","32.742886785","-117.180843651","56992","Uptown MK5 - 2 Hour Max $2.50 HR, 8am-8pm, Mon-Sun, Prepay, NFC","8am","8pm","2 hour","Mon-Sun","$2.50 HR","","",""
"Uptown","Five Points","3700 INDIA ST","N-3728","32.743059371","-117.181167528","56992","Uptown MK5 - 2 Hour Max $2.50 HR, 8am-8pm, Mon-Sun, Prepay, NFC","8am","8pm","2 hour","Mon-Sun","$2.50 HR","","",""
"Uptown","Five Points","3700 INDIA ST","N-3729","32.742936136","-117.180878184","56992","Uptown MK5 - 2 Hour Max $2.50 HR, 8am-8pm, Mon-Sun, Prepay, NFC","8am","8pm","2 hour","Mon-Sun","$2.50 HR","","",""
"Uptown","Five Points","3700 INDIA ST","N-3731","32.742974770","-117.180908024","56992","Uptown MK5 - 2 Hour Max $2.50 HR, 8am-8pm, Mon-Sun, Prepay, NFC","8am","8pm","2 hour","Mon-Sun","$2.50 HR","","",""
"Uptown","Five Points","3700 INDIA ST","N-3733","32.743008328","-117.180926464","56992","Uptown MK5 - 2 Hour Max $2.50 HR, 8am-8pm, Mon-Sun, Prepay, NFC","8am","8pm","2 hour","Mon-Sun","$2.50 HR","","",""
"Uptown","Five Points","3700 INDIA ST","N-3735","32.743030607","-117.180964015","56992","Uptown MK5 - 2 Hour Max $2.50 HR, 8am-8pm, Mon-Sun, Prepay, NFC","8am","8pm","2 hour","Mon-Sun","$2.50 HR","","",""
"Uptown","Five Points","3700 INDIA ST","N-3700E","32.743030607","-117.180964015","56992","Uptown MK5 - 2 Hour Max $2.50 HR, 8am-8pm, Mon-Sun, Prepay, NFC","8am","8pm","2 hour","Mon-Sun","$2.50 HR","","",""
"Uptown","Five Points","3700 INDIA ST","N-3700W","32.742779906","-117.179896831","60733","Uptown MS3 - 2 Hour Max $2.50 HR, 8am-8pm, Mon-Sun, Prepay, NFC","8am","8pm","2 hour","Mon-Sun","$2.50 HR","","",""
"Uptown","Five Points","1600 SAN DIEGO AVE","SD-1600E","32.742387639","-117.180943228","56992","Uptown MK5 - 2 Hour Max $2.50 HR, 8am-8pm, Mon-Sun, Prepay, NFC","8am","8pm","2 hour","Mon-Sun","$2.50 HR","","",""
"Uptown","Five Points","1600 SAN DIEGO AVE","SD-1683","32.742355772","-117.180867120","56992","Uptown MK5 - 2 Hour Max $2.50 HR, 8am-8pm, Mon-Sun, Prepay, NFC","8am","8pm","2 hour","Mon-Sun","$2.50 HR","","",""
"Uptown","Five Points","1600 SAN DIEGO AVE","SD-1685","32.742379179","-117.180935516","56992","Uptown MK5 - 2 Hour Max $2.50 HR, 8am-8pm, Mon-Sun, Prepay, NFC","8am","8pm","2 hour","Mon-Sun","$2.50 HR","","",""
"Uptown","Five Points","1600 SAN DIEGO AVE","SD-1687","32.742387639","-117.180943228","56992","Uptown MK5 - 2 Hour Max $2.50 HR, 8am-8pm, Mon-Sun, Prepay, NFC","8am","8pm","2 hour","Mon-Sun","$2.50 HR","","",""
"Uptown","Five Points","1600 SAN DIEGO AVE","SD-1651","32.742095764","-117.180316597","56992","Uptown MK5 - 2 Hour Max $2.50 HR, 8am-8pm, Mon-Sun, Prepay, NFC","8am","8pm","2 hour","Mon-Sun","$2.50 HR","","",""
"Uptown","Five Points","1600 SAN DIEGO AVE","SD-1653","32.742089842","-117.180321291","56992","Uptown MK5 - 2 Hour Max $2.50 HR, 8am-8pm, Mon-Sun, Prepay, NFC","8am","8pm","2 hour","Mon-Sun","$2.50 HR","","",""
"Uptown","Five Points","1600 SAN DIEGO AVE","SD-1655","32.742129041","-117.180390357","56992","Uptown MK5 - 2 Hour Max $2.50 HR, 8am-8pm, Mon-Sun, Prepay, NFC","8am","8pm","2 hour","Mon-Sun","$2.50 HR","","",""
"Uptown","Five Points","1600 SAN DIEGO AVE","SD-1657","32.742158087","-117.180435284","56992","Uptown MK5 - 2 Hour Max $2.50 HR, 8am-8pm, Mon-Sun, Prepay, NFC","8am","8pm","2 hour","Mon-Sun","$2.50 HR","","",""
"Uptown","Five Points","1600 SAN DIEGO AVE","SD-1659","32.742145961","-117.180454730","56992","Uptown MK5 - 2 Hour Max $2.50 HR, 8am-8pm, Mon-Sun, Prepay, NFC","8am","8pm","2 hour","Mon-Sun","$2.50 HR","","",""
"Uptown","Five Points","1600 SAN DIEGO AVE","SD-1661","32.742153011","-117.180474847","56992","Uptown MK5 - 2 Hour Max $2.50 HR, 8am-8pm, Mon-Sun, Prepay, NFC","8am","8pm","2 hour","Mon-Sun","$2.50 HR","","",""
"Uptown","Five Points","1600 SAN DIEGO AVE","SD-1663","32.742164009","-117.180469483","56992","Uptown MK5 - 2 Hour Max $2.50 HR, 8am-8pm, Mon-Sun, Prepay, NFC","8am","8pm","2 hour","Mon-Sun","$2.50 HR","","",""
"Uptown","Five Points","1600 SAN DIEGO AVE","SD-1665","32.742175289","-117.180496975","56992","Uptown MK5 - 2 Hour Max $2.50 HR, 8am-8pm, Mon-Sun, Prepay, NFC","8am","8pm","2 hour","Mon-Sun","$2.50 HR","","",""
"Uptown","Five Points","1600 SAN DIEGO AVE","SD-1667","32.742188826","-117.180521786","56992","Uptown MK5 - 2 Hour Max $2.50 HR, 8am-8pm, Mon-Sun, Prepay, NFC","8am","8pm","2 hour","Mon-Sun","$2.50 HR","","",""
"Uptown","Five Points","1600 SAN DIEGO AVE","SD-1669","32.742239304","-117.180625721","56992","Uptown MK5 - 2 Hour Max $2.50 HR, 8am-8pm, Mon-Sun, Prepay, NFC","8am","8pm","2 hour","Mon-Sun","$2.50 HR","","",""
"Uptown","Five Points","1600 SAN DIEGO AVE","SD-1671","32.742247201","-117.180628404","56992","Uptown MK5 - 2 Hour Max $2.50 HR, 8am-8pm, Mon-Sun, Prepay, NFC","8am","8pm","2 hour","Mon-Sun","$2.50 HR","","",""
"Uptown","Five Points","1600 SAN DIEGO AVE","SD-1673","32.742287809","-117.180697470","56992","Uptown MK5 - 2 Hour Max $2.50 HR, 8am-8pm, Mon-Sun, Prepay, NFC","8am","8pm","2 hour","Mon-Sun","$2.50 HR","","",""
"Uptown","Five Points","1600 SAN DIEGO AVE","SD-1675","32.742273991","-117.180697806","56992","Uptown MK5 - 2 Hour Max $2.50 HR, 8am-8pm, Mon-Sun, Prepay, NFC","8am","8pm","2 hour","Mon-Sun","$2.50 HR","","",""
"Uptown","Five Points","1600 SAN DIEGO AVE","SD-1677","32.742303320","-117.180774249","56992","Uptown MK5 - 2 Hour Max $2.50 HR, 8am-8pm, Mon-Sun, Prepay, NFC","8am","8pm","2 hour","Mon-Sun","$2.50 HR","","",""
"Uptown","Five Points","1600 SAN DIEGO AVE","SD-1679","32.742298243","-117.180772908","56992","Uptown MK5 - 2 Hour Max $2.50 HR, 8am-8pm, Mon-Sun, Prepay, NFC","8am","8pm","2 hour","Mon-Sun","$2.50 HR","","",""
"Uptown","Five Points","1600 SAN DIEGO AVE","SD-1681","32.742338570","-117.180864438","56992","Uptown MK5 - 2 Hour Max $2.50 HR, 8am-8pm, Mon-Sun, Prepay, NFC","8am","8pm","2 hour","Mon-Sun","$2.50 HR","","",""
"Uptown","Hillcrest","3800 TENTH AVE","10-3816","32.748035000","-117.155422000","13442","2 Hour Max $2.50 HR 10am-8pm Mon-Sat (Mobile Pay) (NFC)","10am","8pm","2 hour","Mon-Sat","$2.50 HR","Y","",""
"Uptown","Hillcrest","3800 TENTH AVE","10-3814","32.748067000","-117.155421000","13442","2 Hour Max $2.50 HR 10am-8pm Mon-Sat (Mobile Pay) (NFC)","10am","8pm","2 hour","Mon-Sat","$2.50 HR","Y","",""
"Uptown","Hillcrest","3800 TENTH AVE","10-3812","32.748098000","-117.155321000","13442","2 Hour Max $2.50 HR 10am-8pm Mon-Sat (Mobile Pay) (NFC)","10am","8pm","2 hour","Mon-Sat","$2.50 HR","Y","",""
"Uptown","Hillcrest","3800 TENTH AVE","10-3811","32.748102000","-117.155249000","13442","2 Hour Max $2.50 HR 10am-8pm Mon-Sat (Mobile Pay) (NFC)","10am","8pm","2 hour","Mon-Sat","$2.50 HR","Y","",""
"Uptown","Hillcrest","3800 TENTH AVE","10-3809","32.748031000","-117.155215000","13442","2 Hour Max $2.50 HR 10am-8pm Mon-Sat (Mobile Pay) (NFC)","10am","8pm","2 hour","Mon-Sat","$2.50 HR","Y","",""
"Uptown","Hillcrest","3800 TENTH AVE","10-3807","32.748223000","-117.155182000","13442","2 Hour Max $2.50 HR 10am-8pm Mon-Sat (Mobile Pay) (NFC)","10am","8pm","2 hour","Mon-Sat","$2.50 HR","Y","",""
"Uptown","Hillcrest","3800 TENTH AVE","10-3815","32.748155000","-117.155193000","13443","30 Min Max 10am-8pm Mon-Sat (Sensor Courtesy)","10am","8pm","30 min","Mon-Sat","","","",""
"Uptown","Hillcrest","3800 TENTH AVE","10-3820","32.748301000","-117.155282000","13443","30 Min Max 10am-8pm Mon-Sat (Sensor Courtesy)","10am","8pm","30 min","Mon-Sat","","","",""
"Uptown","Hillcrest","3800 TENTH AVE","10-3818","32.748158000","-117.155413000","13443","30 Min Max 10am-8pm Mon-Sat (Sensor Courtesy)","10am","8pm","30 min","Mon-Sat","","","",""
"Uptown","Hillcrest","3800 TENTH AVE","10-3813","32.748115000","-117.155166000","13442","2 Hour Max $2.50 HR 10am-8pm Mon-Sat (Mobile Pay) (NFC)","10am","8pm","2 hour","Mon-Sat","$2.50 HR","Y","",""
"Uptown","Hillcrest","3700 SEVENTH AVE","7-3700W","32.746538929","-117.158460281","56949","Uptown MS3 - 2 Hour Max $2.50 HR, 8am-8pm, Mon-Sat, Prepay, NFC","8am","8pm","2 hour","Mon-Sat","$2.50 HR","","",""
"Uptown","Hillcrest","4000 FOURTH AVE","4-4059","32.752298000","-117.161292000","57192","Uptown MK5 - 2 Hour Max $2.50 HR, 8am-8pm, Mon-Sat, Prepay, NFC","8am","8pm","2 hour","Mon-Sat","$2.50 HR","","",""
"Uptown","Hillcrest","4000 FOURTH AVE","4-4061","32.752661000","-117.161290000","57192","Uptown MK5 - 2 Hour Max $2.50 HR, 8am-8pm, Mon-Sat, Prepay, NFC","8am","8pm","2 hour","Mon-Sat","$2.50 HR","","",""
"Uptown","Hillcrest","4000 FOURTH AVE","4-4063","32.753083000","-117.161290000","57192","Uptown MK5 - 2 Hour Max $2.50 HR, 8am-8pm, Mon-Sat, Prepay, NFC","8am","8pm","2 hour","Mon-Sat","$2.50 HR","","",""
"Uptown","Hillcrest","4000 FOURTH AVE","4-4065","32.753444000","-117.161294000","57192","Uptown MK5 - 2 Hour Max $2.50 HR, 8am-8pm, Mon-Sat, Prepay, NFC","8am","8pm","2 hour","Mon-Sat","$2.50 HR","","",""
"Uptown","Hillcrest","3500 FIFTH AVE","5-3503","32.741598000","-117.160296000","13443","30 Min Max 10am-8pm Mon-Sat (Sensor Courtesy)","10am","8pm","30 min","Mon-Sat","","","",""
"Uptown","Hillcrest","3500 FIFTH AVE","5-3505","32.741721000","-117.160297000","13443","30 Min Max 10am-8pm Mon-Sat (Sensor Courtesy)","10am","8pm","30 min","Mon-Sat","","","",""
"Uptown","Hillcrest","3500 FIFTH AVE","5-3500W","32.742236767","-117.160449475","50673","MSPM - PBP PREPAY 2 Hour Max $2.50 HR 10am-8pm Mon-Sat","10am","8pm","2 hour","Mon-Sat","$2.50 HR","","Y",""
"Uptown","Hillcrest","3500 FIFTH AVE","5-3515","32.742247000","-117.160300000","13442","2 Hour Max $2.50 HR 10am-8pm Mon-Sat (Mobile Pay) (NFC)","10am","8pm","2 hour","Mon-Sat","$2.50 HR","Y","",""
"Uptown","Hillcrest","3500 FIFTH AVE","5-3517","32.742344000","-117.160301000","13442","2 Hour Max $2.50 HR 10am-8pm Mon-Sat (Mobile Pay) (NFC)","10am","8pm","2 hour","Mon-Sat","$2.50 HR","Y","",""
"Uptown","Hillcrest","3500 FIFTH AVE","5-3519","32.742408000","-117.160301000","13442","2 Hour Max $2.50 HR 10am-8pm Mon-Sat (Mobile Pay) (NFC)","10am","8pm","2 hour","Mon-Sat","$2.50 HR","Y","",""
"Uptown","Hillcrest","3500 FIFTH AVE","5-3535","32.742504000","-117.160302000","13442","2 Hour Max $2.50 HR 10am-8pm Mon-Sat (Mobile Pay) (NFC)","10am","8pm","2 hour","Mon-Sat","$2.50 HR","Y","",""
"Uptown","Hillcrest","3500 FIFTH AVE","5-3537","32.742569000","-117.160303000","13442","2 Hour Max $2.50 HR 10am-8pm Mon-Sat (Mobile Pay) (NFC)","10am","8pm","2 hour","Mon-Sat","$2.50 HR","Y","",""
"Uptown","Hillcrest","3500 FIFTH AVE","5-3507","32.741803000","-117.160298000","13442","2 Hour Max $2.50 HR 10am-8pm Mon-Sat (Mobile Pay) (NFC)","10am","8pm","2 hour","Mon-Sat","$2.50 HR","Y","",""
"Uptown","Hillcrest","3500 FIFTH AVE","5-3509","32.741926000","-117.160298000","13442","2 Hour Max $2.50 HR 10am-8pm Mon-Sat (Mobile Pay) (NFC)","10am","8pm","2 hour","Mon-Sat","$2.50 HR","Y","",""
"Uptown","Hillcrest","3500 FIFTH AVE","5-3511","32.742008000","-117.160299000","13442","2 Hour Max $2.50 HR 10am-8pm Mon-Sat (Mobile Pay) (NFC)","10am","8pm","2 hour","Mon-Sat","$2.50 HR","Y","",""
"Uptown","Hillcrest","3500 FIFTH AVE","5-3513","32.742183000","-117.160300000","13442","2 Hour Max $2.50 HR 10am-8pm Mon-Sat (Mobile Pay) (NFC)","10am","8pm","2 hour","Mon-Sat","$2.50 HR","Y","",""
"Uptown","Hillcrest","3600 FIFTH AVE","5-3601","32.743449000","-117.160310000","13442","2 Hour Max $2.50 HR 10am-8pm Mon-Sat (Mobile Pay) (NFC)","10am","8pm","2 hour","Mon-Sat","$2.50 HR","Y","",""
"Uptown","Hillcrest","3600 FIFTH AVE","5-3603","32.743550000","-117.160311000","13442","2 Hour Max $2.50 HR 10am-8pm Mon-Sat (Mobile Pay) (NFC)","10am","8pm","2 hour","Mon-Sat","$2.50 HR","Y","",""
"Uptown","Hillcrest","3600 FIFTH AVE","5-3605","32.743652000","-117.160312000","13442","2 Hour Max $2.50 HR 10am-8pm Mon-Sat (Mobile Pay) (NFC)","10am","8pm","2 hour","Mon-Sat","$2.50 HR","Y","",""
"Uptown","Hillcrest","3600 FIFTH AVE","5-3607","32.743567820","-117.160294242","13442","2 Hour Max $2.50 HR 10am-8pm Mon-Sat (Mobile Pay) (NFC)","10am","8pm","2 hour","Mon-Sat","$2.50 HR","Y","",""
"Uptown","Hillcrest","3600 FIFTH AVE","5-3609","32.743619990","-117.160306647","13442","2 Hour Max $2.50 HR 10am-8pm Mon-Sat (Mobile Pay) (NFC)","10am","8pm","2 hour","Mon-Sat","$2.50 HR","Y","",""
"Uptown","Hillcrest","3600 FIFTH AVE","5-3611","32.743725740","-117.160297259","13442","2 Hour Max $2.50 HR 10am-8pm Mon-Sat (Mobile Pay) (NFC)","10am","8pm","2 hour","Mon-Sat","$2.50 HR","Y","",""
"Uptown","Hillcrest","3600 FIFTH AVE","5-3613","32.743847564","-117.160300947","13442","2 Hour Max $2.50 HR 10am-8pm Mon-Sat (Mobile Pay) (NFC)","10am","8pm","2 hour","Mon-Sat","$2.50 HR","Y","",""
"Uptown","Hillcrest","3600 FIFTH AVE","5-3615","32.743970234","-117.160288542","13442","2 Hour Max $2.50 HR 10am-8pm Mon-Sat (Mobile Pay) (NFC)","10am","8pm","2 hour","Mon-Sat","$2.50 HR","Y","",""
"Uptown","Hillcrest","3600 FIFTH AVE","5-3625","32.744417000","-117.160319000","13442","2 Hour Max $2.50 HR 10am-8pm Mon-Sat (Mobile Pay) (NFC)","10am","8pm","2 hour","Mon-Sat","$2.50 HR","Y","",""
"Uptown","Hillcrest","3600 FIFTH AVE","5-3600W","32.744332885","-117.160460204","50673","MSPM - PBP PREPAY 2 Hour Max $2.50 HR 10am-8pm Mon-Sat","10am","8pm","2 hour","Mon-Sat","$2.50 HR","","Y",""
"Uptown","Hillcrest","3600 FIFTH AVE","5-3617","32.744072599","-117.160296924","13442","2 Hour Max $2.50 HR 10am-8pm Mon-Sat (Mobile Pay) (NFC)","10am","8pm","2 hour","Mon-Sat","$2.50 HR","Y","",""
"Uptown","Hillcrest","3700 FIFTH AVE","5-3701","32.745358000","-117.160337000","13442","2 Hour Max $2.50 HR 10am-8pm Mon-Sat (Mobile Pay) (NFC)","10am","8pm","2 hour","Mon-Sat","$2.50 HR","Y","",""
"Uptown","Hillcrest","3700 FIFTH AVE","5-3737","32.746731529","-117.160325758","13442","2 Hour Max $2.50 HR 10am-8pm Mon-Sat (Mobile Pay) (NFC)","10am","8pm","2 hour","Mon-Sat","$2.50 HR","Y","",""
"Uptown","Hillcrest","3700 FIFTH AVE","5-3739","32.746907491","-117.160248979","13442","2 Hour Max $2.50 HR 10am-8pm Mon-Sat (Mobile Pay) (NFC)","10am","8pm","2 hour","Mon-Sat","$2.50 HR","Y","",""
"Uptown","Hillcrest","3700 FIFTH AVE","5-3727","32.746234000","-117.160335000","12494","2 Hour Max $2.50 HR 8am-6pm Mon-Sat (Mobile Pay) (NFC)","8am","6pm","2 hour","Mon-Sat","$2.50 HR","Y","",""
"Uptown","Hillcrest","3700 FIFTH AVE","5-3700W","32.745903037","-117.160496749","50673","MSPM - PBP PREPAY 2 Hour Max $2.50 HR 10am-8pm Mon-Sat","10am","8pm","2 hour","Mon-Sat","$2.50 HR","","Y",""
"Uptown","Hillcrest","3700 FIFTH AVE","5-3703","32.745291000","-117.160325000","13442","2 Hour Max $2.50 HR 10am-8pm Mon-Sat (Mobile Pay) (NFC)","10am","8pm","2 hour","Mon-Sat","$2.50 HR","Y","",""
"Uptown","Hillcrest","3700 FIFTH AVE","5-3705","32.745359000","-117.160326000","13442","2 Hour Max $2.50 HR 10am-8pm Mon-Sat (Mobile Pay) (NFC)","10am","8pm","2 hour","Mon-Sat","$2.50 HR","Y","",""
"Uptown","Hillcrest","3700 FIFTH AVE","5-3709","32.745529000","-117.160328000","13442","2 Hour Max $2.50 HR 10am-8pm Mon-Sat (Mobile Pay) (NFC)","10am","8pm","2 hour","Mon-Sat","$2.50 HR","Y","",""
"Uptown","Hillcrest","3700 FIFTH AVE","5-3711","32.745632000","-117.160329000","13442","2 Hour Max $2.50 HR 10am-8pm Mon-Sat (Mobile Pay) (NFC)","10am","8pm","2 hour","Mon-Sat","$2.50 HR","Y","",""
"Uptown","Hillcrest","3700 FIFTH AVE","5-3717","32.745802000","-117.160331000","13442","2 Hour Max $2.50 HR 10am-8pm Mon-Sat (Mobile Pay) (NFC)","10am","8pm","2 hour","Mon-Sat","$2.50 HR","Y","",""
"Uptown","Hillcrest","3700 FIFTH AVE","5-3719","32.745939000","-117.160332000","13442","2 Hour Max $2.50 HR 10am-8pm Mon-Sat (Mobile Pay) (NFC)","10am","8pm","2 hour","Mon-Sat","$2.50 HR","Y","",""
"Uptown","Hillcrest","3800 FIFTH AVE","5-3800W","32.747754867","-117.160505801","50673","MSPM - PBP PREPAY 2 Hour Max $2.50 HR 10am-8pm Mon-Sat","10am","8pm","2 hour","Mon-Sat","$2.50 HR","","Y",""
"Uptown","Hillcrest","3800 FIFTH AVE","5-3803","32.747148000","-117.160345000","13442","2 Hour Max $2.50 HR 10am-8pm Mon-Sat (Mobile Pay) (NFC)","10am","8pm","2 hour","Mon-Sat","$2.50 HR","Y","",""
"Uptown","Hillcrest","3800 FIFTH AVE","5-3805","32.747221000","-117.160345000","13442","2 Hour Max $2.50 HR 10am-8pm Mon-Sat (Mobile Pay) (NFC)","10am","8pm","2 hour","Mon-Sat","$2.50 HR","Y","",""
"Uptown","Hillcrest","3800 FIFTH AVE","5-3807","32.747317000","-117.160346000","13442","2 Hour Max $2.50 HR 10am-8pm Mon-Sat (Mobile Pay) (NFC)","10am","8pm","2 hour","Mon-Sat","$2.50 HR","Y","",""
"Uptown","Hillcrest","3800 FIFTH AVE","5-3809","32.747366000","-117.160347000","13442","2 Hour Max $2.50 HR 10am-8pm Mon-Sat (Mobile Pay) (NFC)","10am","8pm","2 hour","Mon-Sat","$2.50 HR","Y","",""
"Uptown","Hillcrest","3800 FIFTH AVE","5-3811","32.747438000","-117.160348000","13442","2 Hour Max $2.50 HR 10am-8pm Mon-Sat (Mobile Pay) (NFC)","10am","8pm","2 hour","Mon-Sat","$2.50 HR","Y","",""
"Uptown","Hillcrest","3800 FIFTH AVE","5-3819","32.747717363","-117.160335481","13442","2 Hour Max $2.50 HR 10am-8pm Mon-Sat (Mobile Pay) (NFC)","10am","8pm","2 hour","Mon-Sat","$2.50 HR","Y","",""
"Uptown","Hillcrest","3800 FIFTH AVE","5-3821","32.747679012","-117.160348892","13442","2 Hour Max $2.50 HR 10am-8pm Mon-Sat (Mobile Pay) (NFC)","10am","8pm","2 hour","Mon-Sat","$2.50 HR","Y","",""
"Uptown","Hillcrest","3900 FIFTH AVE","5-3900W","32.749070893","-117.160515189","50673","MSPM - PBP PREPAY 2 Hour Max $2.50 HR 10am-8pm Mon-Sat","10am","8pm","2 hour","Mon-Sat","$2.50 HR","","Y",""
"Uptown","Hillcrest","3900 FIFTH AVE","5-3935","32.749683000","-117.160368000","13444","15 Min Max 10am-8pm Mon-Sat (Sensor Courtesy)","10am","8pm","15 min","Mon-Sat","","","",""
"Uptown","Hillcrest","3900 FIFTH AVE","5-3909","32.748656000","-117.160360000","13442","2 Hour Max $2.50 HR 10am-8pm Mon-Sat (Mobile Pay) (NFC)","10am","8pm","2 hour","Mon-Sat","$2.50 HR","Y","",""
"Uptown","Hillcrest","3900 FIFTH AVE","5-3911","32.748715000","-117.160360000","13442","2 Hour Max $2.50 HR 10am-8pm Mon-Sat (Mobile Pay) (NFC)","10am","8pm","2 hour","Mon-Sat","$2.50 HR","Y","",""
"Uptown","Hillcrest","3900 FIFTH AVE","5-3913","32.748803000","-117.160361000","13442","2 Hour Max $2.50 HR 10am-8pm Mon-Sat (Mobile Pay) (NFC)","10am","8pm","2 hour","Mon-Sat","$2.50 HR","Y","",""
"Uptown","Hillcrest","3900 FIFTH AVE","5-3915","32.748891000","-117.160362000","13442","2 Hour Max $2.50 HR 10am-8pm Mon-Sat (Mobile Pay) (NFC)","10am","8pm","2 hour","Mon-Sat","$2.50 HR","Y","",""
"Uptown","Hillcrest","3900 FIFTH AVE","5-3917","32.749008000","-117.160362000","13442","2 Hour Max $2.50 HR 10am-8pm Mon-Sat (Mobile Pay) (NFC)","10am","8pm","2 hour","Mon-Sat","$2.50 HR","Y","",""
"Uptown","Hillcrest","3900 FIFTH AVE","5-3922","32.749095000","-117.160545000","13442","2 Hour Max $2.50 HR 10am-8pm Mon-Sat (Mobile Pay) (NFC)","10am","8pm","2 hour","Mon-Sat","$2.50 HR","Y","",""
"Uptown","Hillcrest","3900 FIFTH AVE","5-3923","32.749155000","-117.160364000","13442","2 Hour Max $2.50 HR 10am-8pm Mon-Sat (Mobile Pay) (NFC)","10am","8pm","2 hour","Mon-Sat","$2.50 HR","Y","",""
"Uptown","Hillcrest","3900 FIFTH AVE","5-3925","32.749184000","-117.160364000","13442","2 Hour Max $2.50 HR 10am-8pm Mon-Sat (Mobile Pay) (NFC)","10am","8pm","2 hour","Mon-Sat","$2.50 HR","Y","",""
"Uptown","Hillcrest","3900 FIFTH AVE","5-3927","32.749301000","-117.160365000","13442","2 Hour Max $2.50 HR 10am-8pm Mon-Sat (Mobile Pay) (NFC)","10am","8pm","2 hour","Mon-Sat","$2.50 HR","Y","",""
"Uptown","Hillcrest","3900 FIFTH AVE","5-3929","32.749389000","-117.160366000","13442","2 Hour Max $2.50 HR 10am-8pm Mon-Sat (Mobile Pay) (NFC)","10am","8pm","2 hour","Mon-Sat","$2.50 HR","Y","",""
"Uptown","Hillcrest","3900 FIFTH AVE","5-3931","32.749477000","-117.160366000","13442","2 Hour Max $2.50 HR 10am-8pm Mon-Sat (Mobile Pay) (NFC)","10am","8pm","2 hour","Mon-Sat","$2.50 HR","Y","",""
"Uptown","Hillcrest","3900 FIFTH AVE","5-3933","32.749595000","-117.160367000","13442","2 Hour Max $2.50 HR 10am-8pm Mon-Sat (Mobile Pay) (NFC)","10am","8pm","2 hour","Mon-Sat","$2.50 HR","Y","",""
"Uptown","Hillcrest","4000 FIFTH AVE","5-4013","32.750181000","-117.160877000","57192","Uptown MK5 - 2 Hour Max $2.50 HR, 8am-8pm, Mon-Sat, Prepay, NFC","8am","8pm","2 hour","Mon-Sat","$2.50 HR","","",""
"Uptown","Hillcrest","4000 FIFTH AVE","5-4015","32.750324000","-117.160963000","57192","Uptown MK5 - 2 Hour Max $2.50 HR, 8am-8pm, Mon-Sat, Prepay, NFC","8am","8pm","2 hour","Mon-Sat","$2.50 HR","","",""
"Uptown","Hillcrest","4000 FIFTH AVE","5-4047","32.751278000","-117.160922000","57192","Uptown MK5 - 2 Hour Max $2.50 HR, 8am-8pm, Mon-Sat, Prepay, NFC","8am","8pm","2 hour","Mon-Sat","$2.50 HR","","",""
"Uptown","Hillcrest","4000 FIFTH AVE","5-4049","32.751322000","-117.161138000","57192","Uptown MK5 - 2 Hour Max $2.50 HR, 8am-8pm, Mon-Sat, Prepay, NFC","8am","8pm","2 hour","Mon-Sat","$2.50 HR","","",""
"Uptown","Hillcrest","4000 FIFTH AVE","5-4051","32.753743000","-117.160390000","57192","Uptown MK5 - 2 Hour Max $2.50 HR, 8am-8pm, Mon-Sat, Prepay, NFC","8am","8pm","2 hour","Mon-Sat","$2.50 HR","","",""
"Uptown","Hillcrest","3500 FOURTH AVE","4-3500","32.741667000","-117.161656000","13442","2 Hour Max $2.50 HR 10am-8pm Mon-Sat (Mobile Pay) (NFC)","10am","8pm","2 hour","Mon-Sat","$2.50 HR","Y","",""
"Uptown","Hillcrest","3500 FOURTH AVE","4-3502","32.741735000","-117.161656000","13442","2 Hour Max $2.50 HR 10am-8pm Mon-Sat (Mobile Pay) (NFC)","10am","8pm","2 hour","Mon-Sat","$2.50 HR","Y","",""
"Uptown","Hillcrest","3500 FOURTH AVE","4-3504","32.741940000","-117.161658000","13442","2 Hour Max $2.50 HR 10am-8pm Mon-Sat (Mobile Pay) (NFC)","10am","8pm","2 hour","Mon-Sat","$2.50 HR","Y","",""
"Uptown","Hillcrest","3500 FOURTH AVE","4-3506","32.742110000","-117.161658000","13442","2 Hour Max $2.50 HR 10am-8pm Mon-Sat (Mobile Pay) (NFC)","10am","8pm","2 hour","Mon-Sat","$2.50 HR","Y","",""
"Uptown","Hillcrest","3500 FOURTH AVE","4-3508","32.742281000","-117.161659000","13442","2 Hour Max $2.50 HR 10am-8pm Mon-Sat (Mobile Pay) (NFC)","10am","8pm","2 hour","Mon-Sat","$2.50 HR","Y","",""
"Uptown","Hillcrest","3500 FOURTH AVE","4-3510","32.742451000","-117.161660000","13442","2 Hour Max $2.50 HR 10am-8pm Mon-Sat (Mobile Pay) (NFC)","10am","8pm","2 hour","Mon-Sat","$2.50 HR","Y","",""
"Uptown","Hillcrest","3500 FOURTH AVE","4-3500E","32.742337443","-117.161470391","50673","MSPM - PBP PREPAY 2 Hour Max $2.50 HR 10am-8pm Mon-Sat","10am","8pm","2 hour","Mon-Sat","$2.50 HR","","Y",""
"Uptown","Hillcrest","3600 FOURTH AVE","4-3600E","32.744320195","-117.161485143","50673","MSPM - PBP PREPAY 2 Hour Max $2.50 HR 10am-8pm Mon-Sat","10am","8pm","2 hour","Mon-Sat","$2.50 HR","","Y",""
"Uptown","Hillcrest","3600 FOURTH AVE","4-3636","32.744049000","-117.161671000","13442","2 Hour Max $2.50 HR 10am-8pm Mon-Sat (Mobile Pay) (NFC)","10am","8pm","2 hour","Mon-Sat","$2.50 HR","Y","",""
"Uptown","Hillcrest","3600 FOURTH AVE","4-3638","32.744248000","-117.161672000","13442","2 Hour Max $2.50 HR 10am-8pm Mon-Sat (Mobile Pay) (NFC)","10am","8pm","2 hour","Mon-Sat","$2.50 HR","Y","",""
"Uptown","Hillcrest","3600 FOURTH AVE","4-3640","32.744447000","-117.161674000","13442","2 Hour Max $2.50 HR 10am-8pm Mon-Sat (Mobile Pay) (NFC)","10am","8pm","2 hour","Mon-Sat","$2.50 HR","Y","",""
"Uptown","Hillcrest","3600 FOURTH AVE","4-3642","32.744680000","-117.161676000","13442","2 Hour Max $2.50 HR 10am-8pm Mon-Sat (Mobile Pay) (NFC)","10am","8pm","2 hour","Mon-Sat","$2.50 HR","Y","",""
"Uptown","Hillcrest","3700 FOURTH AVE","4-3734","32.745894000","-117.161688000","13442","2 Hour Max $2.50 HR 10am-8pm Mon-Sat (Mobile Pay) (NFC)","10am","8pm","2 hour","Mon-Sat","$2.50 HR","Y","",""
"Uptown","Hillcrest","3700 FOURTH AVE","4-3736","32.746227000","-117.161691000","13442","2 Hour Max $2.50 HR 10am-8pm Mon-Sat (Mobile Pay) (NFC)","10am","8pm","2 hour","Mon-Sat","$2.50 HR","Y","",""
"Uptown","Hillcrest","3700 FOURTH AVE","4-3738","32.746561000","-117.161695000","13442","2 Hour Max $2.50 HR 10am-8pm Mon-Sat (Mobile Pay) (NFC)","10am","8pm","2 hour","Mon-Sat","$2.50 HR","Y","",""
"Uptown","Hillcrest","3700 FOURTH AVE","4-3700E","32.745731585","-117.161518000","50673","MSPM - PBP PREPAY 2 Hour Max $2.50 HR 10am-8pm Mon-Sat","10am","8pm","2 hour","Mon-Sat","$2.50 HR","","Y",""
"Uptown","Hillcrest","3800 FOURTH AVE","4-3800E","32.747720183","-117.161537111","50673","MSPM - PBP PREPAY 2 Hour Max $2.50 HR 10am-8pm Mon-Sat","10am","8pm","2 hour","Mon-Sat","$2.50 HR","","Y",""
"Uptown","Hillcrest","3800 FOURTH AVE","4-3802","32.747292407","-117.161714137","13442","2 Hour Max $2.50 HR 10am-8pm Mon-Sat (Mobile Pay) (NFC)","10am","8pm","2 hour","Mon-Sat","$2.50 HR","Y","",""
"Uptown","Hillcrest","3800 FOURTH AVE","4-3804","32.747196813","-117.161640041","13442","2 Hour Max $2.50 HR 10am-8pm Mon-Sat (Mobile Pay) (NFC)","10am","8pm","2 hour","Mon-Sat","$2.50 HR","Y","",""
"Uptown","Hillcrest","3800 FOURTH AVE","4-3806","32.747321000","-117.161763000","13442","2 Hour Max $2.50 HR 10am-8pm Mon-Sat (Mobile Pay) (NFC)","10am","8pm","2 hour","Mon-Sat","$2.50 HR","Y","",""
"Uptown","Hillcrest","3800 FOURTH AVE","4-3808","32.747377000","-117.161755000","13442","2 Hour Max $2.50 HR 10am-8pm Mon-Sat (Mobile Pay) (NFC)","10am","8pm","2 hour","Mon-Sat","$2.50 HR","Y","",""
"Uptown","Hillcrest","3800 FOURTH AVE","4-3810","32.747451000","-117.161703000","13442","2 Hour Max $2.50 HR 10am-8pm Mon-Sat (Mobile Pay) (NFC)","10am","8pm","2 hour","Mon-Sat","$2.50 HR","Y","",""
"Uptown","Hillcrest","3800 FOURTH AVE","4-3812","32.747548000","-117.161704000","13442","2 Hour Max $2.50 HR 10am-8pm Mon-Sat (Mobile Pay) (NFC)","10am","8pm","2 hour","Mon-Sat","$2.50 HR","Y","",""
"Uptown","Hillcrest","3800 FOURTH AVE","4-3814","32.747596000","-117.161704000","13442","2 Hour Max $2.50 HR 10am-8pm Mon-Sat (Mobile Pay) (NFC)","10am","8pm","2 hour","Mon-Sat","$2.50 HR","Y","",""
"Uptown","Hillcrest","3800 FOURTH AVE","4-3816","32.747692000","-117.161705000","13442","2 Hour Max $2.50 HR 10am-8pm Mon-Sat (Mobile Pay) (NFC)","10am","8pm","2 hour","Mon-Sat","$2.50 HR","Y","",""
"Uptown","Hillcrest","3800 FOURTH AVE","4-3830","32.748077000","-117.161708000","13442","2 Hour Max $2.50 HR 10am-8pm Mon-Sat (Mobile Pay) (NFC)","10am","8pm","2 hour","Mon-Sat","$2.50 HR","Y","",""
"Uptown","Hillcrest","3800 FOURTH AVE","4-3832","32.748174000","-117.161708000","13442","2 Hour Max $2.50 HR 10am-8pm Mon-Sat (Mobile Pay) (NFC)","10am","8pm","2 hour","Mon-Sat","$2.50 HR","Y","",""
"Uptown","Hillcrest","3800 FOURTH AVE","4-3818","32.747747000","-117.161705000","13442","2 Hour Max $2.50 HR 10am-8pm Mon-Sat (Mobile Pay) (NFC)","10am","8pm","2 hour","Mon-Sat","$2.50 HR","Y","",""
"Uptown","Hillcrest","3800 FOURTH AVE","4-3820","32.747665759","-117.161683291","13442","2 Hour Max $2.50 HR 10am-8pm Mon-Sat (Mobile Pay) (NFC)","10am","8pm","2 hour","Mon-Sat","$2.50 HR","Y","",""
"Uptown","Hillcrest","3900 FOURTH AVE","4-3908","32.749751000","-117.161722000","13442","2 Hour Max $2.50 HR 10am-8pm Mon-Sat (Mobile Pay) (NFC)","10am","8pm","2 hour","Mon-Sat","$2.50 HR","Y","",""
"Uptown","Hillcrest","3900 FOURTH AVE","4-3934","32.749751000","-117.161722000","13442","2 Hour Max $2.50 HR 10am-8pm Mon-Sat (Mobile Pay) (NFC)","10am","8pm","2 hour","Mon-Sat","$2.50 HR","Y","",""
"Uptown","Hillcrest","3900 FOURTH AVE","4-3926","32.749194000","-117.161757000","13442","2 Hour Max $2.50 HR 10am-8pm Mon-Sat (Mobile Pay) (NFC)","10am","8pm","2 hour","Mon-Sat","$2.50 HR","Y","",""
"Uptown","Hillcrest","3900 FOURTH AVE","4-3912","32.748865000","-117.161714000","13442","2 Hour Max $2.50 HR 10am-8pm Mon-Sat (Mobile Pay) (NFC)","10am","8pm","2 hour","Mon-Sat","$2.50 HR","Y","",""
"Uptown","Hillcrest","3900 FOURTH AVE","4-3918","32.749079000","-117.161716000","13442","2 Hour Max $2.50 HR 10am-8pm Mon-Sat (Mobile Pay) (NFC)","10am","8pm","2 hour","Mon-Sat","$2.50 HR","Y","",""
"Uptown","Hillcrest","3900 FOURTH AVE","4-3922","32.749263000","-117.161718000","13442","2 Hour Max $2.50 HR 10am-8pm Mon-Sat (Mobile Pay) (NFC)","10am","8pm","2 hour","Mon-Sat","$2.50 HR","Y","",""
"Uptown","Hillcrest","3900 FOURTH AVE","4-3924","32.749293000","-117.161718000","13442","2 Hour Max $2.50 HR 10am-8pm Mon-Sat (Mobile Pay) (NFC)","10am","8pm","2 hour","Mon-Sat","$2.50 HR","Y","",""
"Uptown","Hillcrest","3900 FOURTH AVE","4-3928","32.749354000","-117.161718000","13442","2 Hour Max $2.50 HR 10am-8pm Mon-Sat (Mobile Pay) (NFC)","10am","8pm","2 hour","Mon-Sat","$2.50 HR","Y","",""
"Uptown","Hillcrest","3900 FOURTH AVE","4-3930","32.749476000","-117.161719000","13442","2 Hour Max $2.50 HR 10am-8pm Mon-Sat (Mobile Pay) (NFC)","10am","8pm","2 hour","Mon-Sat","$2.50 HR","Y","",""
"Uptown","Hillcrest","3900 FOURTH AVE","4-3932","32.749537000","-117.161720000","13442","2 Hour Max $2.50 HR 10am-8pm Mon-Sat (Mobile Pay) (NFC)","10am","8pm","2 hour","Mon-Sat","$2.50 HR","Y","",""
"Uptown","Hillcrest","3900 FOURTH AVE","4-3938","32.749598000","-117.161720000","13442","2 Hour Max $2.50 HR 10am-8pm Mon-Sat (Mobile Pay) (NFC)","10am","8pm","2 hour","Mon-Sat","$2.50 HR","Y","",""
"Uptown","Hillcrest","3900 FOURTH AVE","4-3940","32.749631000","-117.161649000","13442","2 Hour Max $2.50 HR 10am-8pm Mon-Sat (Mobile Pay) (NFC)","10am","8pm","2 hour","Mon-Sat","$2.50 HR","Y","",""
"Uptown","Hillcrest","3900 FOURTH AVE","4-3942","32.749751000","-117.161722000","13442","2 Hour Max $2.50 HR 10am-8pm Mon-Sat (Mobile Pay) (NFC)","10am","8pm","2 hour","Mon-Sat","$2.50 HR","Y","",""
"Uptown","Hillcrest","3900 FOURTH AVE","4-3900","32.748407000","-117.161710000","13442","2 Hour Max $2.50 HR 10am-8pm Mon-Sat (Mobile Pay) (NFC)","10am","8pm","2 hour","Mon-Sat","$2.50 HR","Y","",""
"Uptown","Hillcrest","3900 FOURTH AVE","4-3902","32.748468000","-117.161711000","13442","2 Hour Max $2.50 HR 10am-8pm Mon-Sat (Mobile Pay) (NFC)","10am","8pm","2 hour","Mon-Sat","$2.50 HR","Y","",""
"Uptown","Hillcrest","3900 FOURTH AVE","4-3904","32.748530000","-117.161711000","13442","2 Hour Max $2.50 HR 10am-8pm Mon-Sat (Mobile Pay) (NFC)","10am","8pm","2 hour","Mon-Sat","$2.50 HR","Y","",""
"Uptown","Hillcrest","3900 FOURTH AVE","4-3906","32.748621000","-117.161712000","13442","2 Hour Max $2.50 HR 10am-8pm Mon-Sat (Mobile Pay) (NFC)","10am","8pm","2 hour","Mon-Sat","$2.50 HR","Y","",""
"Uptown","Hillcrest","3900 FOURTH AVE","4-3900E","32.748901985","-117.161576338","50673","MSPM - PBP PREPAY 2 Hour Max $2.50 HR 10am-8pm Mon-Sat","10am","8pm","2 hour","Mon-Sat","$2.50 HR","","Y",""
"Uptown","Hillcrest","400 ROBINSON AVE","R-401","32.746877000","-117.161453000","13442","2 Hour Max $2.50 HR 10am-8pm Mon-Sat (Mobile Pay) (NFC)","10am","8pm","2 hour","Mon-Sat","$2.50 HR","Y","",""
"Uptown","Hillcrest","400 ROBINSON AVE","R-403","32.746878000","-117.161303000","13442","2 Hour Max $2.50 HR 10am-8pm Mon-Sat (Mobile Pay) (NFC)","10am","8pm","2 hour","Mon-Sat","$2.50 HR","Y","",""
"Uptown","Hillcrest","400 ROBINSON AVE","R-405","32.746879000","-117.161179000","13442","2 Hour Max $2.50 HR 10am-8pm Mon-Sat (Mobile Pay) (NFC)","10am","8pm","2 hour","Mon-Sat","$2.50 HR","Y","",""
"Uptown","Hillcrest","400 ROBINSON AVE","R-411","32.746880000","-117.160995000","13442","2 Hour Max $2.50 HR 10am-8pm Mon-Sat (Mobile Pay) (NFC)","10am","8pm","2 hour","Mon-Sat","$2.50 HR","Y","",""
"Uptown","Hillcrest","400 ROBINSON AVE","R-413","32.746881000","-117.160897000","13442","2 Hour Max $2.50 HR 10am-8pm Mon-Sat (Mobile Pay) (NFC)","10am","8pm","2 hour","Mon-Sat","$2.50 HR","Y","",""
"Uptown","Hillcrest","400 ROBINSON AVE","R-415","32.746882000","-117.160778000","13442","2 Hour Max $2.50 HR 10am-8pm Mon-Sat (Mobile Pay) (NFC)","10am","8pm","2 hour","Mon-Sat","$2.50 HR","Y","",""
"Uptown","Hillcrest","400 ROBINSON AVE","R-417","32.746883000","-117.160680000","13442","2 Hour Max $2.50 HR 10am-8pm Mon-Sat (Mobile Pay) (NFC)","10am","8pm","2 hour","Mon-Sat","$2.50 HR","Y","",""
"Uptown","Hillcrest","400 ROBINSON AVE","R-419","32.746884000","-117.160561000","13442","2 Hour Max $2.50 HR 10am-8pm Mon-Sat (Mobile Pay) (NFC)","10am","8pm","2 hour","Mon-Sat","$2.50 HR","Y","",""
"Uptown","Hillcrest","3400 SECOND AVE","2-3400","32.740891000","-117.163191000","12619","2 Hour Max $2.50 HR 9am-4pm Mon-Fri (Mobile Pay) (NFC)","9am","4pm","2 hour","Mon-Fri","$2.50 HR","Y","",""
"Uptown","Hillcrest","3400 SECOND AVE","2-3402","32.740978000","-117.163192000","12619","2 Hour Max $2.50 HR 9am-4pm Mon-Fri (Mobile Pay) (NFC)","9am","4pm","2 hour","Mon-Fri","$2.50 HR","Y","",""
"Uptown","Hillcrest","3400 SECOND AVE","2-3404","32.741054000","-117.163192000","12619","2 Hour Max $2.50 HR 9am-4pm Mon-Fri (Mobile Pay) (NFC)","9am","4pm","2 hour","Mon-Fri","$2.50 HR","Y","",""
"Uptown","Hillcrest","3400 SECOND AVE","2-3406","32.741129000","-117.163193000","12619","2 Hour Max $2.50 HR 9am-4pm Mon-Fri (Mobile Pay) (NFC)","9am","4pm","2 hour","Mon-Fri","$2.50 HR","Y","",""
"Uptown","Hillcrest","3400 SECOND AVE","2-3408","32.741204000","-117.163194000","12619","2 Hour Max $2.50 HR 9am-4pm Mon-Fri (Mobile Pay) (NFC)","9am","4pm","2 hour","Mon-Fri","$2.50 HR","Y","",""
"Uptown","Hillcrest","3400 SECOND AVE","2-3410","32.741291000","-117.163195000","12619","2 Hour Max $2.50 HR 9am-4pm Mon-Fri (Mobile Pay) (NFC)","9am","4pm","2 hour","Mon-Fri","$2.50 HR","Y","",""
"Uptown","Hillcrest","3400 SECOND AVE","2-3413","32.741355000","-117.163013000","12662","2 Hour Max $2.50 HR 8am-6pm Mon-Fri (Mobile Pay) (NFC)","8am","6pm","2 hour","Mon-Fri","$2.50 HR","Y","",""
"Uptown","Hillcrest","3400 THIRD AVE","3-3401","32.740886000","-117.162104000","57192","Uptown MK5 - 2 Hour Max $2.50 HR, 8am-8pm, Mon-Sat, Prepay, NFC","8am","8pm","2 hour","Mon-Sat","$2.50 HR","","",""
"Uptown","Hillcrest","3400 THIRD AVE","3-3404","32.740946000","-117.162287000","57192","Uptown MK5 - 2 Hour Max $2.50 HR, 8am-8pm, Mon-Sat, Prepay, NFC","8am","8pm","2 hour","Mon-Sat","$2.50 HR","","",""
"Uptown","Hillcrest","3400 THIRD AVE","3-3405","32.741010000","-117.162106000","57192","Uptown MK5 - 2 Hour Max $2.50 HR, 8am-8pm, Mon-Sat, Prepay, NFC","8am","8pm","2 hour","Mon-Sat","$2.50 HR","","",""
"Uptown","Hillcrest","3400 THIRD AVE","3-3406","32.741070000","-117.162288000","57192","Uptown MK5 - 2 Hour Max $2.50 HR, 8am-8pm, Mon-Sat, Prepay, NFC","8am","8pm","2 hour","Mon-Sat","$2.50 HR","","",""
"Uptown","Hillcrest","3400 THIRD AVE","3-3407","32.741134000","-117.162107000","57192","Uptown MK5 - 2 Hour Max $2.50 HR, 8am-8pm, Mon-Sat, Prepay, NFC","8am","8pm","2 hour","Mon-Sat","$2.50 HR","","",""
"Uptown","Hillcrest","3400 THIRD AVE","3-3408","32.741195000","-117.162290000","57192","Uptown MK5 - 2 Hour Max $2.50 HR, 8am-8pm, Mon-Sat, Prepay, NFC","8am","8pm","2 hour","Mon-Sat","$2.50 HR","","",""
"Uptown","Hillcrest","3400 THIRD AVE","3-3409","32.741258000","-117.162108000","57192","Uptown MK5 - 2 Hour Max $2.50 HR, 8am-8pm, Mon-Sat, Prepay, NFC","8am","8pm","2 hour","Mon-Sat","$2.50 HR","","",""
"Uptown","Hillcrest","3400 THIRD AVE","3-3410","32.741319000","-117.162291000","57192","Uptown MK5 - 2 Hour Max $2.50 HR, 8am-8pm, Mon-Sat, Prepay, NFC","8am","8pm","2 hour","Mon-Sat","$2.50 HR","","",""
"Uptown","Hillcrest","3400 THIRD AVE","3-3412","32.741381000","-117.162292000","57192","Uptown MK5 - 2 Hour Max $2.50 HR, 8am-8pm, Mon-Sat, Prepay, NFC","8am","8pm","2 hour","Mon-Sat","$2.50 HR","","",""
"Uptown","Hillcrest","3800 THIRD AVE","3-3822","32.747201000","-117.162846000","13442","2 Hour Max $2.50 HR 10am-8pm Mon-Sat (Mobile Pay) (NFC)","10am","8pm","2 hour","Mon-Sat","$2.50 HR","Y","",""
"Uptown","Hillcrest","3800 THIRD AVE","3-3823","32.748074000","-117.162747000","13442","2 Hour Max $2.50 HR 10am-8pm Mon-Sat (Mobile Pay) (NFC)","10am","8pm","2 hour","Mon-Sat","$2.50 HR","Y","",""
"Uptown","Hillcrest","3800 THIRD AVE","3-3824","32.747610000","-117.162849000","13442","2 Hour Max $2.50 HR 10am-8pm Mon-Sat (Mobile Pay) (NFC)","10am","8pm","2 hour","Mon-Sat","$2.50 HR","Y","",""
"Uptown","Hillcrest","3800 THIRD AVE","3-3825","32.747803000","-117.162668000","13442","2 Hour Max $2.50 HR 10am-8pm Mon-Sat (Mobile Pay) (NFC)","10am","8pm","2 hour","Mon-Sat","$2.50 HR","Y","",""
"Uptown","Hillcrest","3800 THIRD AVE","3-3827","32.747995000","-117.162670000","13442","2 Hour Max $2.50 HR 10am-8pm Mon-Sat (Mobile Pay) (NFC)","10am","8pm","2 hour","Mon-Sat","$2.50 HR","Y","",""
"Uptown","Hillcrest","3900 THIRD AVE","3-3900","32.748488000","-117.162855000","13442","2 Hour Max $2.50 HR 10am-8pm Mon-Sat (Mobile Pay) (NFC)","10am","8pm","2 hour","Mon-Sat","$2.50 HR","Y","",""
"Uptown","Hillcrest","3900 THIRD AVE","3-3901","32.748612000","-117.162674000","13442","2 Hour Max $2.50 HR 10am-8pm Mon-Sat (Mobile Pay) (NFC)","10am","8pm","2 hour","Mon-Sat","$2.50 HR","Y","",""
"Uptown","Hillcrest","3900 THIRD AVE","3-3902","32.748764000","-117.162857000","13442","2 Hour Max $2.50 HR 10am-8pm Mon-Sat (Mobile Pay) (NFC)","10am","8pm","2 hour","Mon-Sat","$2.50 HR","Y","",""
"Uptown","Hillcrest","3900 THIRD AVE","3-3903","32.748887000","-117.162676000","13442","2 Hour Max $2.50 HR 10am-8pm Mon-Sat (Mobile Pay) (NFC)","10am","8pm","2 hour","Mon-Sat","$2.50 HR","Y","",""
"Uptown","Hillcrest","3900 THIRD AVE","3-3905","32.749009000","-117.162677000","13442","2 Hour Max $2.50 HR 10am-8pm Mon-Sat (Mobile Pay) (NFC)","10am","8pm","2 hour","Mon-Sat","$2.50 HR","Y","",""
"Uptown","Hillcrest","3900 THIRD AVE","3-3907","32.749162000","-117.162678000","13442","2 Hour Max $2.50 HR 10am-8pm Mon-Sat (Mobile Pay) (NFC)","10am","8pm","2 hour","Mon-Sat","$2.50 HR","Y","",""
"Uptown","Hillcrest","3900 THIRD AVE","3-3909","32.749285000","-117.162678000","13442","2 Hour Max $2.50 HR 10am-8pm Mon-Sat (Mobile Pay) (NFC)","10am","8pm","2 hour","Mon-Sat","$2.50 HR","Y","",""
"Uptown","Hillcrest","3900 THIRD AVE","3-3941","32.749437000","-117.162679000","13442","2 Hour Max $2.50 HR 10am-8pm Mon-Sat (Mobile Pay) (NFC)","10am","8pm","2 hour","Mon-Sat","$2.50 HR","Y","",""
"Uptown","Hillcrest","3900 THIRD AVE","3-3943","32.749560000","-117.162680000","13442","2 Hour Max $2.50 HR 10am-8pm Mon-Sat (Mobile Pay) (NFC)","10am","8pm","2 hour","Mon-Sat","$2.50 HR","Y","",""
"Uptown","Hillcrest","4200 PARK BLVD","PB-4213","32.754449000","-117.146127000","12620","Uptown MK5 - 1 Hour Max $2.50 HR, 8am-8pm, Mon-Sat, Prepay, NFC","8am","8pm","1 hour","Mon-Sat","$2.50 HR","","",""
"Uptown","Hillcrest","4200 PARK BLVD","PB-4215","32.754491291","-117.146214321","12620","Uptown MK5 - 1 Hour Max $2.50 HR, 8am-8pm, Mon-Sat, Prepay, NFC","8am","8pm","1 hour","Mon-Sat","$2.50 HR","","",""
"Uptown","Hillcrest","4200 PARK BLVD","PB-4217","32.754736000","-117.146287000","12620","Uptown MK5 - 1 Hour Max $2.50 HR, 8am-8pm, Mon-Sat, Prepay, NFC","8am","8pm","1 hour","Mon-Sat","$2.50 HR","","",""
"Uptown","Hillcrest","4200 PARK BLVD","PB-4219","32.754827000","-117.146288000","12620","Uptown MK5 - 1 Hour Max $2.50 HR, 8am-8pm, Mon-Sat, Prepay, NFC","8am","8pm","1 hour","Mon-Sat","$2.50 HR","","",""
"Uptown","Hillcrest","500 IVY LANE","VY-501","32.742049000","-117.160184000","57192","Uptown MK5 - 2 Hour Max $2.50 HR, 8am-8pm, Mon-Sat, Prepay, NFC","8am","8pm","2 hour","Mon-Sat","$2.50 HR","","",""
"Uptown","Hillcrest","500 IVY LANE","VY-503","32.742052000","-117.160024000","57192","Uptown MK5 - 2 Hour Max $2.50 HR, 8am-8pm, Mon-Sat, Prepay, NFC","8am","8pm","2 hour","Mon-Sat","$2.50 HR","","",""
"Uptown","Hillcrest","500 IVY LANE","VY-506","32.742209000","-117.159869000","57192","Uptown MK5 - 2 Hour Max $2.50 HR, 8am-8pm, Mon-Sat, Prepay, NFC","8am","8pm","2 hour","Mon-Sat","$2.50 HR","","",""
"Uptown","Hillcrest","500 IVY LANE","VY-508","32.742212000","-117.159709000","57192","Uptown MK5 - 2 Hour Max $2.50 HR, 8am-8pm, Mon-Sat, Prepay, NFC","8am","8pm","2 hour","Mon-Sat","$2.50 HR","","",""
"Uptown","Hillcrest","500 PENNSYLVANIA ST","PN-508","32.745220000","-117.160108000","13442","2 Hour Max $2.50 HR 10am-8pm Mon-Sat (Mobile Pay) (NFC)","10am","8pm","2 hour","Mon-Sat","$2.50 HR","Y","",""
"Uptown","Hillcrest","500 PENNSYLVANIA ST","PN-510","32.745221000","-117.159858000","13442","2 Hour Max $2.50 HR 10am-8pm Mon-Sat (Mobile Pay) (NFC)","10am","8pm","2 hour","Mon-Sat","$2.50 HR","Y","",""
"Uptown","Hillcrest","500 UNIVERSITY AVE","UV-500","32.748418000","-117.160320000","56991","Uptown MK5 - 2 Hour Max $2.50 HR, 10am-10pm, Mon-Sat, Prepay, NFC","10am","10pm","2 hour","Mon-Sat","$2.50 HR","","",""
"Uptown","Hillcrest","500 UNIVERSITY AVE","UV-509","32.748265000","-117.159988000","56991","Uptown MK5 - 2 Hour Max $2.50 HR, 10am-10pm, Mon-Sat, Prepay, NFC","10am","10pm","2 hour","Mon-Sat","$2.50 HR","","",""
"Uptown","Hillcrest","500 UNIVERSITY AVE","UV-511","32.748265000","-117.159904000","56991","Uptown MK5 - 2 Hour Max $2.50 HR, 10am-10pm, Mon-Sat, Prepay, NFC","10am","10pm","2 hour","Mon-Sat","$2.50 HR","","",""
"Uptown","Hillcrest","500 UNIVERSITY AVE","UV-513","32.748265000","-117.159821000","56991","Uptown MK5 - 2 Hour Max $2.50 HR, 10am-10pm, Mon-Sat, Prepay, NFC","10am","10pm","2 hour","Mon-Sat","$2.50 HR","","",""
"Uptown","Hillcrest","500 UNIVERSITY AVE","UV-515","32.748265000","-117.159738000","56991","Uptown MK5 - 2 Hour Max $2.50 HR, 10am-10pm, Mon-Sat, Prepay, NFC","10am","10pm","2 hour","Mon-Sat","$2.50 HR","","",""
"Uptown","Hillcrest","500 UNIVERSITY AVE","UV-517","32.748265000","-117.159655000","56991","Uptown MK5 - 2 Hour Max $2.50 HR, 10am-10pm, Mon-Sat, Prepay, NFC","10am","10pm","2 hour","Mon-Sat","$2.50 HR","","",""
"Uptown","Hillcrest","3800 HERBERT ST","HE-3816","32.748215000","-117.149366000","6569","2 Hour Max $2.50 HR 10am-8pm Mon-Sat (NFC)","10am","8pm","2 hour","Mon-Sat","$2.50 HR","","",""
"Uptown","Hillcrest","3800 HERBERT ST","HE-3817","32.748021345","-117.149243876","6569","2 Hour Max $2.50 HR 10am-8pm Mon-Sat (NFC)","10am","8pm","2 hour","Mon-Sat","$2.50 HR","","",""
"Uptown","Hillcrest","3800 HERBERT ST","HE-3819","32.748168260","-117.149249576","6569","2 Hour Max $2.50 HR 10am-8pm Mon-Sat (NFC)","10am","8pm","2 hour","Mon-Sat","$2.50 HR","","",""
"Uptown","Hillcrest","3800 HERBERT ST","HE-3821","32.748178975","-117.149247229","6569","2 Hour Max $2.50 HR 10am-8pm Mon-Sat (NFC)","10am","8pm","2 hour","Mon-Sat","$2.50 HR","","",""
"Uptown","Hillcrest","400 PENNSYLVANIA ST","PN-421","32.745062000","-117.161162000","13442","2 Hour Max $2.50 HR 10am-8pm Mon-Sat (Mobile Pay) (NFC)","10am","8pm","2 hour","Mon-Sat","$2.50 HR","Y","",""
"Uptown","Hillcrest","400 PENNSYLVANIA ST","PN-423","32.745064000","-117.160762000","13442","2 Hour Max $2.50 HR 10am-8pm Mon-Sat (Mobile Pay) (NFC)","10am","8pm","2 hour","Mon-Sat","$2.50 HR","Y","",""
"Uptown","Hillcrest","400 UPAS ST","UP-401","32.740722000","-117.161191000","57192","Uptown MK5 - 2 Hour Max $2.50 HR, 8am-8pm, Mon-Sat, Prepay, NFC","8am","8pm","2 hour","Mon-Sat","$2.50 HR","","",""
"Uptown","Hillcrest","400 UPAS ST","UP-402","32.740877000","-117.161126000","57192","Uptown MK5 - 2 Hour Max $2.50 HR, 8am-8pm, Mon-Sat, Prepay, NFC","8am","8pm","2 hour","Mon-Sat","$2.50 HR","","",""
"Uptown","Hillcrest","400 UPAS ST","UP-404","32.740877000","-117.161009000","57192","Uptown MK5 - 2 Hour Max $2.50 HR, 8am-8pm, Mon-Sat, Prepay, NFC","8am","8pm","2 hour","Mon-Sat","$2.50 HR","","",""
"Uptown","Hillcrest","400 UPAS ST","UP-406","32.740878000","-117.160893000","57192","Uptown MK5 - 2 Hour Max $2.50 HR, 8am-8pm, Mon-Sat, Prepay, NFC","8am","8pm","2 hour","Mon-Sat","$2.50 HR","","",""
"Uptown","Hillcrest","400 UPAS ST","UP-407","32.740725000","-117.160824000","57192","Uptown MK5 - 2 Hour Max $2.50 HR, 8am-8pm, Mon-Sat, Prepay, NFC","8am","8pm","2 hour","Mon-Sat","$2.50 HR","","",""
"Uptown","Hillcrest","400 UPAS ST","UP-419","32.740725000","-117.160774000","57192","Uptown MK5 - 2 Hour Max $2.50 HR, 8am-8pm, Mon-Sat, Prepay, NFC","8am","8pm","2 hour","Mon-Sat","$2.50 HR","","",""
"Uptown","Hillcrest","400 UPAS ST","UP-421","32.740726000","-117.160708000","57192","Uptown MK5 - 2 Hour Max $2.50 HR, 8am-8pm, Mon-Sat, Prepay, NFC","8am","8pm","2 hour","Mon-Sat","$2.50 HR","","",""
"Uptown","Hillcrest","400 UPAS ST","UP-423","32.740726000","-117.160658000","57192","Uptown MK5 - 2 Hour Max $2.50 HR, 8am-8pm, Mon-Sat, Prepay, NFC","8am","8pm","2 hour","Mon-Sat","$2.50 HR","","",""
"Uptown","Hillcrest","400 UPAS ST","UP-425","32.740727000","-117.160591000","57192","Uptown MK5 - 2 Hour Max $2.50 HR, 8am-8pm, Mon-Sat, Prepay, NFC","8am","8pm","2 hour","Mon-Sat","$2.50 HR","","",""
"Uptown","Hillcrest","400 UPAS ST","UP-427","32.740727000","-117.160541000","57192","Uptown MK5 - 2 Hour Max $2.50 HR, 8am-8pm, Mon-Sat, Prepay, NFC","8am","8pm","2 hour","Mon-Sat","$2.50 HR","","",""
"Uptown","Hillcrest","400 UPAS ST","UP-429","32.740727000","-117.160474000","57192","Uptown MK5 - 2 Hour Max $2.50 HR, 8am-8pm, Mon-Sat, Prepay, NFC","8am","8pm","2 hour","Mon-Sat","$2.50 HR","","",""
"Uptown","Hillcrest","400 WALNUT ST","WT-406","32.741555000","-117.160891000","13442","2 Hour Max $2.50 HR 10am-8pm Mon-Sat (Mobile Pay) (NFC)","10am","8pm","2 hour","Mon-Sat","$2.50 HR","Y","",""
"Uptown","Hillcrest","400 WALNUT ST","WT-408","32.741556000","-117.160796000","13442","2 Hour Max $2.50 HR 10am-8pm Mon-Sat (Mobile Pay) (NFC)","10am","8pm","2 hour","Mon-Sat","$2.50 HR","Y","",""
"Uptown","Hillcrest","400 WALNUT ST","WT-410","32.741557000","-117.160702000","13442","2 Hour Max $2.50 HR 10am-8pm Mon-Sat (Mobile Pay) (NFC)","10am","8pm","2 hour","Mon-Sat","$2.50 HR","Y","",""
"Uptown","Hillcrest","400 WALNUT ST","WT-412","32.741558000","-117.160591000","13442","2 Hour Max $2.50 HR 10am-8pm Mon-Sat (Mobile Pay) (NFC)","10am","8pm","2 hour","Mon-Sat","$2.50 HR","Y","",""
"Uptown","Hillcrest","400 WALNUT ST","WT-414","32.741560000","-117.160497000","13442","2 Hour Max $2.50 HR 10am-8pm Mon-Sat (Mobile Pay) (NFC)","10am","8pm","2 hour","Mon-Sat","$2.50 HR","Y","",""
"Uptown","Hillcrest","400 WALNUT ST","WT-400","32.741551000","-117.161389000","13442","2 Hour Max $2.50 HR 10am-8pm Mon-Sat (Mobile Pay) (NFC)","10am","8pm","2 hour","Mon-Sat","$2.50 HR","Y","",""
"Uptown","Hillcrest","400 WALNUT ST","WT-402","32.741553000","-117.161069000","13442","2 Hour Max $2.50 HR 10am-8pm Mon-Sat (Mobile Pay) (NFC)","10am","8pm","2 hour","Mon-Sat","$2.50 HR","Y","",""
"Uptown","Hillcrest","400 WASHINGTON ST","W-405","32.749852000","-117.161424000","56969","Mid City MK5 - 2 Hour Max $2.50 HR, 8am - 8pm, Mon-Sat, Prepay, NFC","8am","8pm","2 hour","Mon-Sat","$2.50 HR","","",""
"Uptown","Hillcrest","400 WASHINGTON ST","W-407","32.749854000","-117.161246000","56969","Mid City MK5 - 2 Hour Max $2.50 HR, 8am - 8pm, Mon-Sat, Prepay, NFC","8am","8pm","2 hour","Mon-Sat","$2.50 HR","","",""
"Uptown","Hillcrest","400 WASHINGTON ST","W-409","32.749857000","-117.161027000","56969","Mid City MK5 - 2 Hour Max $2.50 HR, 8am - 8pm, Mon-Sat, Prepay, NFC","8am","8pm","2 hour","Mon-Sat","$2.50 HR","","",""
"Uptown","Hillcrest","400 WASHINGTON ST","W-421","32.749858000","-117.160898000","56969","Mid City MK5 - 2 Hour Max $2.50 HR, 8am - 8pm, Mon-Sat, Prepay, NFC","8am","8pm","2 hour","Mon-Sat","$2.50 HR","","",""
"Uptown","Hillcrest","400 WASHINGTON ST","W-423","32.749859000","-117.160740000","56969","Mid City MK5 - 2 Hour Max $2.50 HR, 8am - 8pm, Mon-Sat, Prepay, NFC","8am","8pm","2 hour","Mon-Sat","$2.50 HR","","",""
"Uptown","Hillcrest","300 UPAS ST","UP-300","32.740867000","-117.162050000","57192","Uptown MK5 - 2 Hour Max $2.50 HR, 8am-8pm, Mon-Sat, Prepay, NFC","8am","8pm","2 hour","Mon-Sat","$2.50 HR","","",""
"Uptown","Hillcrest","300 UPAS ST","UP-310","32.740869000","-117.161934000","57192","Uptown MK5 - 2 Hour Max $2.50 HR, 8am-8pm, Mon-Sat, Prepay, NFC","8am","8pm","2 hour","Mon-Sat","$2.50 HR","","",""
"Uptown","Hillcrest","300 UPAS ST","UP-312","32.740870000","-117.161834000","57192","Uptown MK5 - 2 Hour Max $2.50 HR, 8am-8pm, Mon-Sat, Prepay, NFC","8am","8pm","2 hour","Mon-Sat","$2.50 HR","","",""
"Uptown","Hillcrest","300 UPAS ST","UP-313","32.740717000","-117.161731000","57192","Uptown MK5 - 2 Hour Max $2.50 HR, 8am-8pm, Mon-Sat, Prepay, NFC","8am","8pm","2 hour","Mon-Sat","$2.50 HR","","",""
"Uptown","Hillcrest","300 UPAS ST","UP-314","32.740872000","-117.161634000","57192","Uptown MK5 - 2 Hour Max $2.50 HR, 8am-8pm, Mon-Sat, Prepay, NFC","8am","8pm","2 hour","Mon-Sat","$2.50 HR","","",""
"Uptown","Hillcrest","300 UPAS ST","UP-315","32.740719000","-117.161531000","57192","Uptown MK5 - 2 Hour Max $2.50 HR, 8am-8pm, Mon-Sat, Prepay, NFC","8am","8pm","2 hour","Mon-Sat","$2.50 HR","","",""
"Uptown","Hillcrest","300 UPAS ST","UP-317","32.740720000","-117.161431000","57192","Uptown MK5 - 2 Hour Max $2.50 HR, 8am-8pm, Mon-Sat, Prepay, NFC","8am","8pm","2 hour","Mon-Sat","$2.50 HR","","",""
"Uptown","Hillcrest","300 WALNUT ST","WT-301","32.741390000","-117.162046000","13442","2 Hour Max $2.50 HR 10am-8pm Mon-Sat (Mobile Pay) (NFC)","10am","8pm","2 hour","Mon-Sat","$2.50 HR","Y","",""
"Uptown","Hillcrest","300 WALNUT ST","WT-303","32.741390000","-117.162015000","13442","2 Hour Max $2.50 HR 10am-8pm Mon-Sat (Mobile Pay) (NFC)","10am","8pm","2 hour","Mon-Sat","$2.50 HR","Y","",""
"Uptown","Hillcrest","300 WALNUT ST","WT-305","32.741390000","-117.161984000","13442","2 Hour Max $2.50 HR 10am-8pm Mon-Sat (Mobile Pay) (NFC)","10am","8pm","2 hour","Mon-Sat","$2.50 HR","Y","",""
"Uptown","Hillcrest","300 WALNUT ST","WT-307","32.741391000","-117.161963000","13442","2 Hour Max $2.50 HR 10am-8pm Mon-Sat (Mobile Pay) (NFC)","10am","8pm","2 hour","Mon-Sat","$2.50 HR","Y","",""
"Uptown","Hillcrest","300 WALNUT ST","WT-310","32.741545000","-117.161904000","13442","2 Hour Max $2.50 HR 10am-8pm Mon-Sat (Mobile Pay) (NFC)","10am","8pm","2 hour","Mon-Sat","$2.50 HR","Y","",""
"Uptown","Hillcrest","300 WALNUT ST","WT-321","32.741392000","-117.161870000","13442","2 Hour Max $2.50 HR 10am-8pm Mon-Sat (Mobile Pay) (NFC)","10am","8pm","2 hour","Mon-Sat","$2.50 HR","Y","",""
"Uptown","Hillcrest","300 WALNUT ST","WT-322","32.741546000","-117.161842000","13442","2 Hour Max $2.50 HR 10am-8pm Mon-Sat (Mobile Pay) (NFC)","10am","8pm","2 hour","Mon-Sat","$2.50 HR","Y","",""
"Uptown","Hillcrest","300 WALNUT ST","WT-323","32.741392000","-117.161818000","13442","2 Hour Max $2.50 HR 10am-8pm Mon-Sat (Mobile Pay) (NFC)","10am","8pm","2 hour","Mon-Sat","$2.50 HR","Y","",""
"Uptown","Hillcrest","300 WALNUT ST","WT-324","32.741547000","-117.161780000","13442","2 Hour Max $2.50 HR 10am-8pm Mon-Sat (Mobile Pay) (NFC)","10am","8pm","2 hour","Mon-Sat","$2.50 HR","Y","",""
"Uptown","Hillcrest","300 WALNUT ST","WT-327","32.741393000","-117.161756000","13442","2 Hour Max $2.50 HR 10am-8pm Mon-Sat (Mobile Pay) (NFC)","10am","8pm","2 hour","Mon-Sat","$2.50 HR","Y","",""
"Uptown","Hillcrest","300 WALNUT ST","WT-329","32.741394000","-117.161725000","13442","2 Hour Max $2.50 HR 10am-8pm Mon-Sat (Mobile Pay) (NFC)","10am","8pm","2 hour","Mon-Sat","$2.50 HR","Y","",""
"Uptown","Hillcrest","300 WALNUT ST","WT-333","32.741394000","-117.161705000","13442","2 Hour Max $2.50 HR 10am-8pm Mon-Sat (Mobile Pay) (NFC)","10am","8pm","2 hour","Mon-Sat","$2.50 HR","Y","",""
"Uptown","Hillcrest","300 WALNUT ST","WT-336","32.741548000","-117.161666000","13442","2 Hour Max $2.50 HR 10am-8pm Mon-Sat (Mobile Pay) (NFC)","10am","8pm","2 hour","Mon-Sat","$2.50 HR","Y","",""
"Uptown","Hillcrest","300 WALNUT ST","WT-338","32.741548000","-117.161645000","13442","2 Hour Max $2.50 HR 10am-8pm Mon-Sat (Mobile Pay) (NFC)","10am","8pm","2 hour","Mon-Sat","$2.50 HR","Y","",""
"Uptown","Hillcrest","300 WALNUT ST","WT-340","32.741549000","-117.161614000","13442","2 Hour Max $2.50 HR 10am-8pm Mon-Sat (Mobile Pay) (NFC)","10am","8pm","2 hour","Mon-Sat","$2.50 HR","Y","",""
"Uptown","Hillcrest","300 WASHINGTON ST","W-302","32.749996000","-117.162637000","56969","Mid City MK5 - 2 Hour Max $2.50 HR, 8am - 8pm, Mon-Sat, Prepay, NFC","8am","8pm","2 hour","Mon-Sat","$2.50 HR","","",""
"Uptown","Hillcrest","300 WASHINGTON ST","W-304","32.749997000","-117.162528000","56969","Mid City MK5 - 2 Hour Max $2.50 HR, 8am - 8pm, Mon-Sat, Prepay, NFC","8am","8pm","2 hour","Mon-Sat","$2.50 HR","","",""
"Uptown","Hillcrest","300 WASHINGTON ST","W-306","32.749998000","-117.162420000","56969","Mid City MK5 - 2 Hour Max $2.50 HR, 8am - 8pm, Mon-Sat, Prepay, NFC","8am","8pm","2 hour","Mon-Sat","$2.50 HR","","",""
"Uptown","Hillcrest","300 WASHINGTON ST","W-308","32.749998000","-117.162311000","56969","Mid City MK5 - 2 Hour Max $2.50 HR, 8am - 8pm, Mon-Sat, Prepay, NFC","8am","8pm","2 hour","Mon-Sat","$2.50 HR","","",""
"Uptown","Hillcrest","300 WASHINGTON ST","W-310","32.749999000","-117.162167000","56969","Mid City MK5 - 2 Hour Max $2.50 HR, 8am - 8pm, Mon-Sat, Prepay, NFC","8am","8pm","2 hour","Mon-Sat","$2.50 HR","","",""
"Uptown","Hillcrest","300 WASHINGTON ST","W-311","32.749846000","-117.162060000","56969","Mid City MK5 - 2 Hour Max $2.50 HR, 8am - 8pm, Mon-Sat, Prepay, NFC","8am","8pm","2 hour","Mon-Sat","$2.50 HR","","",""
"Uptown","Hillcrest","300 WASHINGTON ST","W-313","32.749847000","-117.161955000","56969","Mid City MK5 - 2 Hour Max $2.50 HR, 8am - 8pm, Mon-Sat, Prepay, NFC","8am","8pm","2 hour","Mon-Sat","$2.50 HR","","",""
"Uptown","Hillcrest","300 WASHINGTON ST","W-315","32.749848000","-117.161849000","56969","Mid City MK5 - 2 Hour Max $2.50 HR, 8am - 8pm, Mon-Sat, Prepay, NFC","8am","8pm","2 hour","Mon-Sat","$2.50 HR","","",""
"Uptown","Hillcrest","300 WASHINGTON ST","W-317","32.749849000","-117.161744000","56969","Mid City MK5 - 2 Hour Max $2.50 HR, 8am - 8pm, Mon-Sat, Prepay, NFC","8am","8pm","2 hour","Mon-Sat","$2.50 HR","","",""
"Uptown","Hillcrest","3400 FIFTH AVE","5-3415","32.741363000","-117.160295000","13442","2 Hour Max $2.50 HR 10am-8pm Mon-Sat (Mobile Pay) (NFC)","10am","8pm","2 hour","Mon-Sat","$2.50 HR","Y","",""
"Uptown","Hillcrest","3400 FIFTH AVE","5-3400W","32.741210545","-117.160447799","50673","MSPM - PBP PREPAY 2 Hour Max $2.50 HR 10am-8pm Mon-Sat","10am","8pm","2 hour","Mon-Sat","$2.50 HR","","Y",""
"Uptown","Hillcrest","3400 FOURTH AVE","4-3400E","32.719187000","-117.144733000","50903","Hillcrest - PBP","","","","","","","",""
"Uptown","Hillcrest","3700 PARK BLVD","PB-3709","32.745813000","-117.146811000","13442","2 Hour Max $2.50 HR 10am-8pm Mon-Sat (Mobile Pay) (NFC)","10am","8pm","2 hour","Mon-Sat","$2.50 HR","Y","",""
"Uptown","Hillcrest","3700 PARK BLVD","PB-3711","32.745927000","-117.146715000","13442","2 Hour Max $2.50 HR 10am-8pm Mon-Sat (Mobile Pay) (NFC)","10am","8pm","2 hour","Mon-Sat","$2.50 HR","Y","",""
"Uptown","Hillcrest","3700 PARK BLVD","PB-3713","32.746113000","-117.146555000","13442","2 Hour Max $2.50 HR 10am-8pm Mon-Sat (Mobile Pay) (NFC)","10am","8pm","2 hour","Mon-Sat","$2.50 HR","Y","",""
"Uptown","Hillcrest","3700 PARK BLVD","PB-3714","32.747151694","-117.146441638","13442","2 Hour Max $2.50 HR 10am-8pm Mon-Sat (Mobile Pay) (NFC)","10am","8pm","2 hour","Mon-Sat","$2.50 HR","Y","",""
"Uptown","Hillcrest","3700 PARK BLVD","PB-3715","32.746506000","-117.146272000","13442","2 Hour Max $2.50 HR 10am-8pm Mon-Sat (Mobile Pay) (NFC)","10am","8pm","2 hour","Mon-Sat","$2.50 HR","Y","",""
"Uptown","Hillcrest","3700 PARK BLVD","PB-3716","32.747181303","-117.146444320","13442","2 Hour Max $2.50 HR 10am-8pm Mon-Sat (Mobile Pay) (NFC)","10am","8pm","2 hour","Mon-Sat","$2.50 HR","Y","",""
"Uptown","Hillcrest","3700 PARK BLVD","PB-3717","32.746790000","-117.146235000","13442","2 Hour Max $2.50 HR 10am-8pm Mon-Sat (Mobile Pay) (NFC)","10am","8pm","2 hour","Mon-Sat","$2.50 HR","Y","",""
"Uptown","Hillcrest","3700 PARK BLVD","PB-3719","32.746921000","-117.146236000","13442","2 Hour Max $2.50 HR 10am-8pm Mon-Sat (Mobile Pay) (NFC)","10am","8pm","2 hour","Mon-Sat","$2.50 HR","Y","",""
"Uptown","Hillcrest","3700 PARK BLVD","PB-3722","32.747360000","-117.146498000","13442","2 Hour Max $2.50 HR 10am-8pm Mon-Sat (Mobile Pay) (NFC)","10am","8pm","2 hour","Mon-Sat","$2.50 HR","Y","",""
"Uptown","Hillcrest","3700 PARK BLVD","PB-3724","32.747355000","-117.146512000","13442","2 Hour Max $2.50 HR 10am-8pm Mon-Sat (Mobile Pay) (NFC)","10am","8pm","2 hour","Mon-Sat","$2.50 HR","Y","",""
"Uptown","Hillcrest","3700 PARK BLVD","PB-3725","32.747053000","-117.146237000","13442","2 Hour Max $2.50 HR 10am-8pm Mon-Sat (Mobile Pay) (NFC)","10am","8pm","2 hour","Mon-Sat","$2.50 HR","Y","",""
"Uptown","Hillcrest","3700 PARK BLVD","PB-3726","32.747408000","-117.146485000","13442","2 Hour Max $2.50 HR 10am-8pm Mon-Sat (Mobile Pay) (NFC)","10am","8pm","2 hour","Mon-Sat","$2.50 HR","Y","",""
"Uptown","Hillcrest","3700 PARK BLVD","PB-3731","32.747184000","-117.146238000","13442","2 Hour Max $2.50 HR 10am-8pm Mon-Sat (Mobile Pay) (NFC)","10am","8pm","2 hour","Mon-Sat","$2.50 HR","Y","",""
"Uptown","Hillcrest","3700 PARK BLVD","PB-3701","32.745445000","-117.147123000","57192","Uptown MK5 - 2 Hour Max $2.50 HR, 8am-8pm, Mon-Sat, Prepay, NFC","8am","8pm","2 hour","Mon-Sat","$2.50 HR","","",""
"Uptown","Hillcrest","3700 PARK BLVD","PB-3703","32.745536000","-117.147052000","57192","Uptown MK5 - 2 Hour Max $2.50 HR, 8am-8pm, Mon-Sat, Prepay, NFC","8am","8pm","2 hour","Mon-Sat","$2.50 HR","","",""
"Uptown","Hillcrest","3700 PARK BLVD","PB-3705","32.745627000","-117.146970000","57192","Uptown MK5 - 2 Hour Max $2.50 HR, 8am-8pm, Mon-Sat, Prepay, NFC","8am","8pm","2 hour","Mon-Sat","$2.50 HR","","",""
"Uptown","Hillcrest","3700 PARK BLVD","PB-3707","32.745720000","-117.146891000","57192","Uptown MK5 - 2 Hour Max $2.50 HR, 8am-8pm, Mon-Sat, Prepay, NFC","8am","8pm","2 hour","Mon-Sat","$2.50 HR","","",""
"Uptown","Hillcrest","3700 SIXTH AVE","6-3730","32.746131000","-117.159625000","57192","Uptown MK5 - 2 Hour Max $2.50 HR, 8am-8pm, Mon-Sat, Prepay, NFC","8am","8pm","2 hour","Mon-Sat","$2.50 HR","","",""
"Uptown","Hillcrest","3700 SIXTH AVE","6-3732","32.746305000","-117.159625000","57192","Uptown MK5 - 2 Hour Max $2.50 HR, 8am-8pm, Mon-Sat, Prepay, NFC","8am","8pm","2 hour","Mon-Sat","$2.50 HR","","",""
"Uptown","Hillcrest","3700 SIXTH AVE","6-3734","32.746478000","-117.159626000","57192","Uptown MK5 - 2 Hour Max $2.50 HR, 8am-8pm, Mon-Sat, Prepay, NFC","8am","8pm","2 hour","Mon-Sat","$2.50 HR","","",""
"Uptown","Hillcrest","3700 SIXTH AVE","6-3736","32.746548000","-117.159626000","57192","Uptown MK5 - 2 Hour Max $2.50 HR, 8am-8pm, Mon-Sat, Prepay, NFC","8am","8pm","2 hour","Mon-Sat","$2.50 HR","","",""
"Uptown","Hillcrest","3700 SIXTH AVE","6-3742","32.746721000","-117.159626000","57192","Uptown MK5 - 2 Hour Max $2.50 HR, 8am-8pm, Mon-Sat, Prepay, NFC","8am","8pm","2 hour","Mon-Sat","$2.50 HR","","",""
"Uptown","Hillcrest","3700 SIXTH AVE","6-3744","32.746791000","-117.159627000","57192","Uptown MK5 - 2 Hour Max $2.50 HR, 8am-8pm, Mon-Sat, Prepay, NFC","8am","8pm","2 hour","Mon-Sat","$2.50 HR","","",""
"Uptown","Hillcrest","3700 SIXTH AVE","6-3746","32.746895000","-117.159627000","57192","Uptown MK5 - 2 Hour Max $2.50 HR, 8am-8pm, Mon-Sat, Prepay, NFC","8am","8pm","2 hour","Mon-Sat","$2.50 HR","","",""
"Uptown","Hillcrest","3700 SIXTH AVE","6-3716","32.745529000","-117.159622000","57192","Uptown MK5 - 2 Hour Max $2.50 HR, 8am-8pm, Mon-Sat, Prepay, NFC","8am","8pm","2 hour","Mon-Sat","$2.50 HR","","",""
"Uptown","Hillcrest","3700 SIXTH AVE","6-3718","32.745665000","-117.159623000","57192","Uptown MK5 - 2 Hour Max $2.50 HR, 8am-8pm, Mon-Sat, Prepay, NFC","8am","8pm","2 hour","Mon-Sat","$2.50 HR","","",""
"Uptown","Hillcrest","3700 SIXTH AVE","6-3720","32.745835000","-117.159624000","57192","Uptown MK5 - 2 Hour Max $2.50 HR, 8am-8pm, Mon-Sat, Prepay, NFC","8am","8pm","2 hour","Mon-Sat","$2.50 HR","","",""
"Uptown","Hillcrest","3700 SIXTH AVE","6-3748","32.746772981","-117.159582115","57192","Uptown MK5 - 2 Hour Max $2.50 HR, 8am-8pm, Mon-Sat, Prepay, NFC","8am","8pm","2 hour","Mon-Sat","$2.50 HR","","",""
"Uptown","Hillcrest","3700 SIXTH AVE","6-3750","32.746807666","-117.159601561","57192","Uptown MK5 - 2 Hour Max $2.50 HR, 8am-8pm, Mon-Sat, Prepay, NFC","8am","8pm","2 hour","Mon-Sat","$2.50 HR","","",""
"Uptown","Hillcrest","3800 PARK BLVD","PB-3809","32.747742000","-117.146241000","13442","2 Hour Max $2.50 HR 10am-8pm Mon-Sat (Mobile Pay) (NFC)","10am","8pm","2 hour","Mon-Sat","$2.50 HR","Y","",""
"Uptown","Hillcrest","3800 PARK BLVD","PB-3811","32.747849000","-117.146242000","13442","2 Hour Max $2.50 HR 10am-8pm Mon-Sat (Mobile Pay) (NFC)","10am","8pm","2 hour","Mon-Sat","$2.50 HR","Y","",""
"Uptown","Hillcrest","3800 PARK BLVD","PB-3812","32.747956000","-117.146424000","13442","2 Hour Max $2.50 HR 10am-8pm Mon-Sat (Mobile Pay) (NFC)","10am","8pm","2 hour","Mon-Sat","$2.50 HR","Y","",""
"Uptown","Hillcrest","3800 PARK BLVD","PB-3813","32.748064000","-117.146243000","13442","2 Hour Max $2.50 HR 10am-8pm Mon-Sat (Mobile Pay) (NFC)","10am","8pm","2 hour","Mon-Sat","$2.50 HR","Y","",""
"Uptown","Hillcrest","3800 PARK BLVD","PB-3814","32.748186000","-117.146426000","13442","2 Hour Max $2.50 HR 10am-8pm Mon-Sat (Mobile Pay) (NFC)","10am","8pm","2 hour","Mon-Sat","$2.50 HR","Y","",""
"Uptown","Hillcrest","3800 PARK BLVD","PB-3816","32.748294000","-117.146426000","13442","2 Hour Max $2.50 HR 10am-8pm Mon-Sat (Mobile Pay) (NFC)","10am","8pm","2 hour","Mon-Sat","$2.50 HR","Y","",""
"Uptown","Hillcrest","3800 RICHMOND ST","RI-3807","32.747648000","-117.151141000","13442","2 Hour Max $2.50 HR 10am-8pm Mon-Sat (Mobile Pay) (NFC)","10am","8pm","2 hour","Mon-Sat","$2.50 HR","Y","",""
"Uptown","Hillcrest","3800 RICHMOND ST","RI-3809","32.747817000","-117.151141000","13442","2 Hour Max $2.50 HR 10am-8pm Mon-Sat (Mobile Pay) (NFC)","10am","8pm","2 hour","Mon-Sat","$2.50 HR","Y","",""
"Uptown","Hillcrest","3800 RICHMOND ST","RI-3817","32.748054000","-117.151141000","13442","2 Hour Max $2.50 HR 10am-8pm Mon-Sat (Mobile Pay) (NFC)","10am","8pm","2 hour","Mon-Sat","$2.50 HR","Y","",""
"Uptown","Hillcrest","3800 RICHMOND ST","RI-3819","32.748278000","-117.151141000","13442","2 Hour Max $2.50 HR 10am-8pm Mon-Sat (Mobile Pay) (NFC)","10am","8pm","2 hour","Mon-Sat","$2.50 HR","Y","",""
"Uptown","Hillcrest","3800 SEVENTH AVE","7-3800","32.747193710","-117.158432789","13442","2 Hour Max $2.50 HR 10am-8pm Mon-Sat (Mobile Pay) (NFC)","10am","8pm","2 hour","Mon-Sat","$2.50 HR","Y","",""
"Uptown","Hillcrest","3800 SEVENTH AVE","7-3802","32.747114471","-117.158462628","13442","2 Hour Max $2.50 HR 10am-8pm Mon-Sat (Mobile Pay) (NFC)","10am","8pm","2 hour","Mon-Sat","$2.50 HR","Y","",""
"Uptown","Hillcrest","3800 SEVENTH AVE","7-3820","32.747874000","-117.158479000","13442","2 Hour Max $2.50 HR 10am-8pm Mon-Sat (Mobile Pay) (NFC)","10am","8pm","2 hour","Mon-Sat","$2.50 HR","Y","",""
"Uptown","Hillcrest","3800 SEVENTH AVE","7-3822","32.747951000","-117.158479000","13442","2 Hour Max $2.50 HR 10am-8pm Mon-Sat (Mobile Pay) (NFC)","10am","8pm","2 hour","Mon-Sat","$2.50 HR","Y","",""
"Uptown","Hillcrest","3800 SEVENTH AVE","7-3824","32.748029000","-117.158480000","13442","2 Hour Max $2.50 HR 10am-8pm Mon-Sat (Mobile Pay) (NFC)","10am","8pm","2 hour","Mon-Sat","$2.50 HR","Y","",""
"Uptown","Hillcrest","3800 SEVENTH AVE","7-3826","32.748106000","-117.158480000","13442","2 Hour Max $2.50 HR 10am-8pm Mon-Sat (Mobile Pay) (NFC)","10am","8pm","2 hour","Mon-Sat","$2.50 HR","Y","",""
"Uptown","Hillcrest","3800 SEVENTH AVE","7-3832","32.748184000","-117.158480000","13442","2 Hour Max $2.50 HR 10am-8pm Mon-Sat (Mobile Pay) (NFC)","10am","8pm","2 hour","Mon-Sat","$2.50 HR","Y","",""
"Uptown","Hillcrest","3800 SEVENTH AVE","7-3834","32.748261000","-117.158480000","13442","2 Hour Max $2.50 HR 10am-8pm Mon-Sat (Mobile Pay) (NFC)","10am","8pm","2 hour","Mon-Sat","$2.50 HR","Y","",""
"Uptown","Hillcrest","3800 SEVENTH AVE","7-3804","32.747279000","-117.158477000","13442","2 Hour Max $2.50 HR 10am-8pm Mon-Sat (Mobile Pay) (NFC)","10am","8pm","2 hour","Mon-Sat","$2.50 HR","Y","",""
"Uptown","Hillcrest","3800 SEVENTH AVE","7-3806","32.747357000","-117.158477000","13442","2 Hour Max $2.50 HR 10am-8pm Mon-Sat (Mobile Pay) (NFC)","10am","8pm","2 hour","Mon-Sat","$2.50 HR","Y","",""
"Uptown","Hillcrest","3800 SEVENTH AVE","7-3808","32.747434000","-117.158478000","13442","2 Hour Max $2.50 HR 10am-8pm Mon-Sat (Mobile Pay) (NFC)","10am","8pm","2 hour","Mon-Sat","$2.50 HR","Y","",""
"Uptown","Hillcrest","3800 SEVENTH AVE","7-3810","32.747512000","-117.158478000","13442","2 Hour Max $2.50 HR 10am-8pm Mon-Sat (Mobile Pay) (NFC)","10am","8pm","2 hour","Mon-Sat","$2.50 HR","Y","",""
"Uptown","Hillcrest","3800 SEVENTH AVE","7-3812","32.747589000","-117.158478000","13442","2 Hour Max $2.50 HR 10am-8pm Mon-Sat (Mobile Pay) (NFC)","10am","8pm","2 hour","Mon-Sat","$2.50 HR","Y","",""
"Uptown","Hillcrest","3800 SEVENTH AVE","7-3814","32.747667000","-117.158478000","13442","2 Hour Max $2.50 HR 10am-8pm Mon-Sat (Mobile Pay) (NFC)","10am","8pm","2 hour","Mon-Sat","$2.50 HR","Y","",""
"Uptown","Hillcrest","3800 SEVENTH AVE","7-3816","32.747719000","-117.158478000","13442","2 Hour Max $2.50 HR 10am-8pm Mon-Sat (Mobile Pay) (NFC)","10am","8pm","2 hour","Mon-Sat","$2.50 HR","Y","",""
"Uptown","Hillcrest","3800 SEVENTH AVE","7-3818","32.747796000","-117.158479000","13442","2 Hour Max $2.50 HR 10am-8pm Mon-Sat (Mobile Pay) (NFC)","10am","8pm","2 hour","Mon-Sat","$2.50 HR","Y","",""
"Uptown","Hillcrest","3800 SEVENTH AVE","7-3811","32.747468000","-117.158495000","13442","2 Hour Max $2.50 HR 10am-8pm Mon-Sat (Mobile Pay) (NFC)","10am","8pm","2 hour","Mon-Sat","$2.50 HR","Y","",""
"Uptown","Hillcrest","3800 SEVENTH AVE","7-3815","32.747726000","-117.158488000","13442","2 Hour Max $2.50 HR 10am-8pm Mon-Sat (Mobile Pay) (NFC)","10am","8pm","2 hour","Mon-Sat","$2.50 HR","Y","",""
"Uptown","Hillcrest","3800 SEVENTH AVE","7-3817","32.747726000","-117.158488000","13442","2 Hour Max $2.50 HR 10am-8pm Mon-Sat (Mobile Pay) (NFC)","10am","8pm","2 hour","Mon-Sat","$2.50 HR","Y","",""
"Uptown","Hillcrest","3800 SEVENTH AVE","7-3819","32.747845000","-117.158463000","13442","2 Hour Max $2.50 HR 10am-8pm Mon-Sat (Mobile Pay) (NFC)","10am","8pm","2 hour","Mon-Sat","$2.50 HR","Y","",""
"Uptown","Hillcrest","3800 SEVENTH AVE","7-3821","32.747847000","-117.158464000","13442","2 Hour Max $2.50 HR 10am-8pm Mon-Sat (Mobile Pay) (NFC)","10am","8pm","2 hour","Mon-Sat","$2.50 HR","Y","",""
"Uptown","Hillcrest","3800 SEVENTH AVE","7-3823","32.747925000","-117.158486000","13442","2 Hour Max $2.50 HR 10am-8pm Mon-Sat (Mobile Pay) (NFC)","10am","8pm","2 hour","Mon-Sat","$2.50 HR","Y","",""
"Uptown","Hillcrest","3800 SEVENTH AVE","7-3825","32.747925000","-117.158486000","13442","2 Hour Max $2.50 HR 10am-8pm Mon-Sat (Mobile Pay) (NFC)","10am","8pm","2 hour","Mon-Sat","$2.50 HR","Y","",""
"Uptown","Hillcrest","3800 SEVENTH AVE","7-3827","32.748054000","-117.158439000","13442","2 Hour Max $2.50 HR 10am-8pm Mon-Sat (Mobile Pay) (NFC)","10am","8pm","2 hour","Mon-Sat","$2.50 HR","Y","",""
"Uptown","Hillcrest","3800 SEVENTH AVE","7-3829","32.748149000","-117.158417000","13442","2 Hour Max $2.50 HR 10am-8pm Mon-Sat (Mobile Pay) (NFC)","10am","8pm","2 hour","Mon-Sat","$2.50 HR","Y","",""
"Uptown","Hillcrest","3800 SEVENTH AVE","7-3831","32.748149000","-117.158417000","13442","2 Hour Max $2.50 HR 10am-8pm Mon-Sat (Mobile Pay) (NFC)","10am","8pm","2 hour","Mon-Sat","$2.50 HR","Y","",""
"Uptown","Hillcrest","3800 SEVENTH AVE","7-3833","32.748185000","-117.158345000","13442","2 Hour Max $2.50 HR 10am-8pm Mon-Sat (Mobile Pay) (NFC)","10am","8pm","2 hour","Mon-Sat","$2.50 HR","Y","",""
"Uptown","Hillcrest","3800 SIXTH AVE","6-3813","32.747517997","-117.159471139","13442","2 Hour Max $2.50 HR 10am-8pm Mon-Sat (Mobile Pay) (NFC)","10am","8pm","2 hour","Mon-Sat","$2.50 HR","Y","",""
"Uptown","Hillcrest","3800 SIXTH AVE","6-3815","32.747655043","-117.159443646","13442","2 Hour Max $2.50 HR 10am-8pm Mon-Sat (Mobile Pay) (NFC)","10am","8pm","2 hour","Mon-Sat","$2.50 HR","Y","",""
"Uptown","Hillcrest","3800 SIXTH AVE","6-3803","32.747120000","-117.159446000","13442","2 Hour Max $2.50 HR 10am-8pm Mon-Sat (Mobile Pay) (NFC)","10am","8pm","2 hour","Mon-Sat","$2.50 HR","Y","",""
"Uptown","Hillcrest","3800 SIXTH AVE","6-3805","32.747221000","-117.159447000","13442","2 Hour Max $2.50 HR 10am-8pm Mon-Sat (Mobile Pay) (NFC)","10am","8pm","2 hour","Mon-Sat","$2.50 HR","Y","",""
"Uptown","Hillcrest","3800 SIXTH AVE","6-3807","32.747321000","-117.159447000","13442","2 Hour Max $2.50 HR 10am-8pm Mon-Sat (Mobile Pay) (NFC)","10am","8pm","2 hour","Mon-Sat","$2.50 HR","Y","",""
"Uptown","Hillcrest","3800 SIXTH AVE","6-3809","32.747421000","-117.159448000","13442","2 Hour Max $2.50 HR 10am-8pm Mon-Sat (Mobile Pay) (NFC)","10am","8pm","2 hour","Mon-Sat","$2.50 HR","Y","",""
"Uptown","Hillcrest","3800 SIXTH AVE","6-3811","32.747522000","-117.159448000","13442","2 Hour Max $2.50 HR 10am-8pm Mon-Sat (Mobile Pay) (NFC)","10am","8pm","2 hour","Mon-Sat","$2.50 HR","Y","",""
"Uptown","Hillcrest","3800 SIXTH AVE","6-3817","32.747697000","-117.159449000","13442","2 Hour Max $2.50 HR 10am-8pm Mon-Sat (Mobile Pay) (NFC)","10am","8pm","2 hour","Mon-Sat","$2.50 HR","Y","",""
"Uptown","Hillcrest","3800 SIXTH AVE","6-3818","32.747789833","-117.159613966","13442","2 Hour Max $2.50 HR 10am-8pm Mon-Sat (Mobile Pay) (NFC)","10am","8pm","2 hour","Mon-Sat","$2.50 HR","Y","",""
"Uptown","Hillcrest","3800 SIXTH AVE","6-3819","32.747898000","-117.159450000","13442","2 Hour Max $2.50 HR 10am-8pm Mon-Sat (Mobile Pay) (NFC)","10am","8pm","2 hour","Mon-Sat","$2.50 HR","Y","",""
"Uptown","Hillcrest","3800 SIXTH AVE","6-3820","32.747844821","-117.159611955","13442","2 Hour Max $2.50 HR 10am-8pm Mon-Sat (Mobile Pay) (NFC)","10am","8pm","2 hour","Mon-Sat","$2.50 HR","Y","",""
"Uptown","Hillcrest","3800 SIXTH AVE","6-3821","32.748099000","-117.159451000","13442","2 Hour Max $2.50 HR 10am-8pm Mon-Sat (Mobile Pay) (NFC)","10am","8pm","2 hour","Mon-Sat","$2.50 HR","Y","",""
"Uptown","Hillcrest","3800 SIXTH AVE","6-3823","32.748199000","-117.159452000","13442","2 Hour Max $2.50 HR 10am-8pm Mon-Sat (Mobile Pay) (NFC)","10am","8pm","2 hour","Mon-Sat","$2.50 HR","Y","",""
"Uptown","Hillcrest","3800 VERMONT AVE","VT-3809","32.747550000","-117.153357000","13442","2 Hour Max $2.50 HR 10am-8pm Mon-Sat (Mobile Pay) (NFC)","10am","8pm","2 hour","Mon-Sat","$2.50 HR","Y","",""
"Uptown","Hillcrest","3800 VERMONT AVE","VT-3811","32.747645000","-117.153357000","13442","2 Hour Max $2.50 HR 10am-8pm Mon-Sat (Mobile Pay) (NFC)","10am","8pm","2 hour","Mon-Sat","$2.50 HR","Y","",""
"Uptown","Hillcrest","3800 VERMONT AVE","VT-3813","32.747724000","-117.153358000","13442","2 Hour Max $2.50 HR 10am-8pm Mon-Sat (Mobile Pay) (NFC)","10am","8pm","2 hour","Mon-Sat","$2.50 HR","Y","",""
"Uptown","Hillcrest","3800 VERMONT AVE","VT-3815","32.747819000","-117.153358000","13442","2 Hour Max $2.50 HR 10am-8pm Mon-Sat (Mobile Pay) (NFC)","10am","8pm","2 hour","Mon-Sat","$2.50 HR","Y","",""
"Uptown","Hillcrest","3800 VERMONT AVE","VT-3817","32.747951000","-117.153359000","13442","2 Hour Max $2.50 HR 10am-8pm Mon-Sat (Mobile Pay) (NFC)","10am","8pm","2 hour","Mon-Sat","$2.50 HR","Y","",""
"Uptown","Hillcrest","3800 VERMONT AVE","VT-3818","32.748093000","-117.153541000","13442","2 Hour Max $2.50 HR 10am-8pm Mon-Sat (Mobile Pay) (NFC)","10am","8pm","2 hour","Mon-Sat","$2.50 HR","Y","",""
"Uptown","Hillcrest","3800 VERMONT AVE","VT-3819","32.748211000","-117.153360000","13442","2 Hour Max $2.50 HR 10am-8pm Mon-Sat (Mobile Pay) (NFC)","10am","8pm","2 hour","Mon-Sat","$2.50 HR","Y","",""
"Uptown","Hillcrest","3800 VERMONT AVE","VT-3820","32.748346000","-117.153549000","13442","2 Hour Max $2.50 HR 10am-8pm Mon-Sat (Mobile Pay) (NFC)","10am","8pm","2 hour","Mon-Sat","$2.50 HR","Y","",""
"Uptown","Hillcrest","3800 CENTRE ST","CT-3888","32.749313000","-117.148064000","13442","2 Hour Max $2.50 HR 10am-8pm Mon-Sat (Mobile Pay) (NFC)","10am","8pm","2 hour","Mon-Sat","$2.50 HR","Y","",""
"Uptown","Hillcrest","3800 CENTRE ST","CT-3890","32.749741000","-117.147847000","13442","2 Hour Max $2.50 HR 10am-8pm Mon-Sat (Mobile Pay) (NFC)","10am","8pm","2 hour","Mon-Sat","$2.50 HR","Y","",""
"Uptown","Hillcrest","3800 CENTRE ST","CT-3892","32.750205000","-117.147612000","13442","2 Hour Max $2.50 HR 10am-8pm Mon-Sat (Mobile Pay) (NFC)","10am","8pm","2 hour","Mon-Sat","$2.50 HR","Y","",""
"Uptown","Hillcrest","100 ROBINSON AVE","R-116","32.747014000","-117.163695000","57192","Uptown MK5 - 2 Hour Max $2.50 HR, 8am-8pm, Mon-Sat, Prepay, NFC","8am","8pm","2 hour","Mon-Sat","$2.50 HR","","",""
"Uptown","Hillcrest","100 ROBINSON AVE","R-118","32.747015000","-117.163613000","57192","Uptown MK5 - 2 Hour Max $2.50 HR, 8am-8pm, Mon-Sat, Prepay, NFC","8am","8pm","2 hour","Mon-Sat","$2.50 HR","","",""
"Uptown","Hillcrest","100 ROBINSON AVE","R-120","32.747015000","-117.163531000","57192","Uptown MK5 - 2 Hour Max $2.50 HR, 8am-8pm, Mon-Sat, Prepay, NFC","8am","8pm","2 hour","Mon-Sat","$2.50 HR","","",""
"Uptown","Hillcrest","100 ROBINSON AVE","R-122","32.747016000","-117.163439000","57192","Uptown MK5 - 2 Hour Max $2.50 HR, 8am-8pm, Mon-Sat, Prepay, NFC","8am","8pm","2 hour","Mon-Sat","$2.50 HR","","",""
"Uptown","Hillcrest","100 WASHINGTON ST","W-112","32.749838000","-117.163123000","56969","Mid City MK5 - 2 Hour Max $2.50 HR, 8am - 8pm, Mon-Sat, Prepay, NFC","8am","8pm","2 hour","Mon-Sat","$2.50 HR","","",""
"Uptown","Hillcrest","100 WASHINGTON ST","W-104","32.749991000","-117.163312000","56969","Mid City MK5 - 2 Hour Max $2.50 HR, 8am - 8pm, Mon-Sat, Prepay, NFC","8am","8pm","2 hour","Mon-Sat","$2.50 HR","","",""
"Uptown","Hillcrest","100 WASHINGTON ST","W-106","32.749991000","-117.163288000","56969","Mid City MK5 - 2 Hour Max $2.50 HR, 8am - 8pm, Mon-Sat, Prepay, NFC","8am","8pm","2 hour","Mon-Sat","$2.50 HR","","",""
"Uptown","Hillcrest","100 WASHINGTON ST","W-107","32.749725000","-117.163548000","56969","Mid City MK5 - 2 Hour Max $2.50 HR, 8am - 8pm, Mon-Sat, Prepay, NFC","8am","8pm","2 hour","Mon-Sat","$2.50 HR","","",""
"Uptown","Hillcrest","100 WASHINGTON ST","W-108","32.749992000","-117.163240000","56969","Mid City MK5 - 2 Hour Max $2.50 HR, 8am - 8pm, Mon-Sat, Prepay, NFC","8am","8pm","2 hour","Mon-Sat","$2.50 HR","","",""
"Uptown","Hillcrest","100 WASHINGTON ST","W-109","32.749665000","-117.163524000","56969","Mid City MK5 - 2 Hour Max $2.50 HR, 8am - 8pm, Mon-Sat, Prepay, NFC","8am","8pm","2 hour","Mon-Sat","$2.50 HR","","",""
"Uptown","Hillcrest","100 WASHINGTON ST","W-100","32.749988000","-117.163702000","56969","Mid City MK5 - 2 Hour Max $2.50 HR, 8am - 8pm, Mon-Sat, Prepay, NFC","8am","8pm","2 hour","Mon-Sat","$2.50 HR","","",""
"Uptown","Hillcrest","100 WASHINGTON ST","W-102","32.749989000","-117.163522000","56969","Mid City MK5 - 2 Hour Max $2.50 HR, 8am - 8pm, Mon-Sat, Prepay, NFC","8am","8pm","2 hour","Mon-Sat","$2.50 HR","","",""
"Uptown","Hillcrest","100 WASHINGTON ST","W-117","32.749838000","-117.163147000","56969","Mid City MK5 - 2 Hour Max $2.50 HR, 8am - 8pm, Mon-Sat, Prepay, NFC","8am","8pm","2 hour","Mon-Sat","$2.50 HR","","",""
"Uptown","Hillcrest","100 WASHINGTON ST","W-115","32.749838000","-117.163171000","56969","Mid City MK5 - 2 Hour Max $2.50 HR, 8am - 8pm, Mon-Sat, Prepay, NFC","8am","8pm","2 hour","Mon-Sat","$2.50 HR","","",""
"Uptown","Hillcrest","100 WASHINGTON ST","W-103","32.749837000","-117.163386000","13444","15 Min Max 10am-8pm Mon-Sat (Sensor Courtesy)","10am","8pm","15 min","Mon-Sat","","","",""
"Uptown","Hillcrest","100 WEST UNIVERSITY AVE","WUV-111","32.748199278","-117.164041623","56991","Uptown MK5 - 2 Hour Max $2.50 HR, 10am-10pm, Mon-Sat, Prepay, NFC","10am","10pm","2 hour","Mon-Sat","$2.50 HR","","",""
"Uptown","Hillcrest","100 WEST UNIVERSITY AVE","WUV-113","32.748165722","-117.164263576","56991","Uptown MK5 - 2 Hour Max $2.50 HR, 10am-10pm, Mon-Sat, Prepay, NFC","10am","10pm","2 hour","Mon-Sat","$2.50 HR","","",""
"Uptown","Hillcrest","100 WEST UNIVERSITY AVE","WUV-114","32.748324762","-117.164384946","56991","Uptown MK5 - 2 Hour Max $2.50 HR, 10am-10pm, Mon-Sat, Prepay, NFC","10am","10pm","2 hour","Mon-Sat","$2.50 HR","","",""
"Uptown","Hillcrest","100 WEST UNIVERSITY AVE","WUV-115","32.748190254","-117.164231389","56991","Uptown MK5 - 2 Hour Max $2.50 HR, 10am-10pm, Mon-Sat, Prepay, NFC","10am","10pm","2 hour","Mon-Sat","$2.50 HR","","",""
"Uptown","Hillcrest","100 WEST UNIVERSITY AVE","WUV-116","32.748313200","-117.164468765","56991","Uptown MK5 - 2 Hour Max $2.50 HR, 10am-10pm, Mon-Sat, Prepay, NFC","10am","10pm","2 hour","Mon-Sat","$2.50 HR","","",""
"Uptown","Hillcrest","100 WEST UNIVERSITY AVE","WUV-117","32.748188845","-117.164546884","56991","Uptown MK5 - 2 Hour Max $2.50 HR, 10am-10pm, Mon-Sat, Prepay, NFC","10am","10pm","2 hour","Mon-Sat","$2.50 HR","","",""
"Uptown","Hillcrest","100 WEST UNIVERSITY AVE","WUV-118","32.748347603","-117.164723910","56991","Uptown MK5 - 2 Hour Max $2.50 HR, 10am-10pm, Mon-Sat, Prepay, NFC","10am","10pm","2 hour","Mon-Sat","$2.50 HR","","",""
"Uptown","Hillcrest","100 WEST UNIVERSITY AVE","WUV-119","32.748197868","-117.164719551","56991","Uptown MK5 - 2 Hour Max $2.50 HR, 10am-10pm, Mon-Sat, Prepay, NFC","10am","10pm","2 hour","Mon-Sat","$2.50 HR","","",""
"Uptown","Hillcrest","100 WEST WASHINGTON ST","WN-102","32.749988000","-117.163747000","56969","Mid City MK5 - 2 Hour Max $2.50 HR, 8am - 8pm, Mon-Sat, Prepay, NFC","8am","8pm","2 hour","Mon-Sat","$2.50 HR","","",""
"Uptown","Hillcrest","100 WEST WASHINGTON ST","WN-104","32.749990000","-117.163477000","56969","Mid City MK5 - 2 Hour Max $2.50 HR, 8am - 8pm, Mon-Sat, Prepay, NFC","8am","8pm","2 hour","Mon-Sat","$2.50 HR","","",""
"Uptown","Hillcrest","100 WEST WASHINGTON ST","WN-106","32.749991000","-117.163312000","56969","Mid City MK5 - 2 Hour Max $2.50 HR, 8am - 8pm, Mon-Sat, Prepay, NFC","8am","8pm","2 hour","Mon-Sat","$2.50 HR","","",""
"Uptown","Hillcrest","100 WEST WASHINGTON ST","WN-107","32.749837000","-117.163299000","56969","Mid City MK5 - 2 Hour Max $2.50 HR, 8am - 8pm, Mon-Sat, Prepay, NFC","8am","8pm","2 hour","Mon-Sat","$2.50 HR","","",""
"Uptown","Hillcrest","100 WEST WASHINGTON ST","WN-108","32.749991000","-117.163276000","56969","Mid City MK5 - 2 Hour Max $2.50 HR, 8am - 8pm, Mon-Sat, Prepay, NFC","8am","8pm","2 hour","Mon-Sat","$2.50 HR","","",""
"Uptown","Hillcrest","100 WEST WASHINGTON ST","WN-111","32.749837000","-117.163262000","56969","Mid City MK5 - 2 Hour Max $2.50 HR, 8am - 8pm, Mon-Sat, Prepay, NFC","8am","8pm","2 hour","Mon-Sat","$2.50 HR","","",""
"Uptown","Hillcrest","100 WEST WASHINGTON ST","WN-113","32.749838000","-117.163244000","56969","Mid City MK5 - 2 Hour Max $2.50 HR, 8am - 8pm, Mon-Sat, Prepay, NFC","8am","8pm","2 hour","Mon-Sat","$2.50 HR","","",""
"Uptown","Hillcrest","100 WEST WASHINGTON ST","WN-114","32.749992000","-117.163228000","56969","Mid City MK5 - 2 Hour Max $2.50 HR, 8am - 8pm, Mon-Sat, Prepay, NFC","8am","8pm","2 hour","Mon-Sat","$2.50 HR","","",""
"Uptown","Hillcrest","100 WEST WASHINGTON ST","WN-115","32.749838000","-117.163208000","56969","Mid City MK5 - 2 Hour Max $2.50 HR, 8am - 8pm, Mon-Sat, Prepay, NFC","8am","8pm","2 hour","Mon-Sat","$2.50 HR","","",""
"Uptown","Hillcrest","100 WEST WASHINGTON ST","WN-116","32.749992000","-117.163191000","56969","Mid City MK5 - 2 Hour Max $2.50 HR, 8am - 8pm, Mon-Sat, Prepay, NFC","8am","8pm","2 hour","Mon-Sat","$2.50 HR","","",""
"Uptown","Hillcrest","100 WEST WASHINGTON ST","WN-117","32.749838000","-117.163171000","56969","Mid City MK5 - 2 Hour Max $2.50 HR, 8am - 8pm, Mon-Sat, Prepay, NFC","8am","8pm","2 hour","Mon-Sat","$2.50 HR","","",""
"Uptown","Hillcrest","100 WEST WASHINGTON ST","WN-118","32.749992000","-117.163155000","56969","Mid City MK5 - 2 Hour Max $2.50 HR, 8am - 8pm, Mon-Sat, Prepay, NFC","8am","8pm","2 hour","Mon-Sat","$2.50 HR","","",""
"Uptown","Hillcrest","100 WEST WASHINGTON ST","WN-119","32.749838000","-117.163135000","56969","Mid City MK5 - 2 Hour Max $2.50 HR, 8am - 8pm, Mon-Sat, Prepay, NFC","8am","8pm","2 hour","Mon-Sat","$2.50 HR","","",""
"Uptown","Hillcrest","100 WEST WASHINGTON ST","WN-120","32.749992000","-117.163119000","56969","Mid City MK5 - 2 Hour Max $2.50 HR, 8am - 8pm, Mon-Sat, Prepay, NFC","8am","8pm","2 hour","Mon-Sat","$2.50 HR","","",""
"Uptown","Hillcrest","1000 UNIVERSITY AVE","UV-1019","32.748290923","-117.154639139","57003","Downtown MK5 - 2 Hour Max $2.50 HR, 10am-10pm, Mon-Sat, Prepay, NFC","10am","10pm","2 hour","Mon-Sat","$2.50 HR","","",""
"Uptown","Hillcrest","1000 UNIVERSITY AVE","UV-1021","32.748307279","-117.154297493","57003","Downtown MK5 - 2 Hour Max $2.50 HR, 10am-10pm, Mon-Sat, Prepay, NFC","10am","10pm","2 hour","Mon-Sat","$2.50 HR","","",""
"Uptown","Hillcrest","1000 UNIVERSITY AVE","UV-1023","32.748319122","-117.154279388","57003","Downtown MK5 - 2 Hour Max $2.50 HR, 10am-10pm, Mon-Sat, Prepay, NFC","10am","10pm","2 hour","Mon-Sat","$2.50 HR","","",""
"Uptown","Hillcrest","1000 UNIVERSITY AVE","UV-1025","32.748321660","-117.154335044","57003","Downtown MK5 - 2 Hour Max $2.50 HR, 10am-10pm, Mon-Sat, Prepay, NFC","10am","10pm","2 hour","Mon-Sat","$2.50 HR","","",""
"Uptown","Hillcrest","1000 UNIVERSITY AVE","UV-1027","32.748316584","-117.154248543","57003","Downtown MK5 - 2 Hour Max $2.50 HR, 10am-10pm, Mon-Sat, Prepay, NFC","10am","10pm","2 hour","Mon-Sat","$2.50 HR","","",""
"Uptown","Hillcrest","1000 UNIVERSITY AVE","UV-1029","32.748321378","-117.154153659","57003","Downtown MK5 - 2 Hour Max $2.50 HR, 10am-10pm, Mon-Sat, Prepay, NFC","10am","10pm","2 hour","Mon-Sat","$2.50 HR","","",""
"Uptown","Hillcrest","1000 UNIVERSITY AVE","UV-1031","32.748322788","-117.154146283","57003","Downtown MK5 - 2 Hour Max $2.50 HR, 10am-10pm, Mon-Sat, Prepay, NFC","10am","10pm","2 hour","Mon-Sat","$2.50 HR","","",""
"Uptown","Hillcrest","1000 UNIVERSITY AVE","UV-1033","32.748328146","-117.154086939","57003","Downtown MK5 - 2 Hour Max $2.50 HR, 10am-10pm, Mon-Sat, Prepay, NFC","10am","10pm","2 hour","Mon-Sat","$2.50 HR","","",""
"Uptown","Hillcrest","1000 UNIVERSITY AVE","UV-1000N","32.748555708","-117.154606953","57180","TEMP Uptown MS1 - 2 Hour Max $2.50 HR, 10am-10pm, Mon-Sat, Prepay, NFC","10am","10pm","2 hour","Mon-Sat","$2.50 HR","","",""
"Uptown","Hillcrest","1200 UNIVERSITY AVE","UV-1239","32.748428000","-117.152831000","56994","Uptown MK5 – 30 Min Max $2.50 HR, 10am-10pm, Mon-Sat, Prepay, NFC, (Sensor Courtesy)","10am","10pm","30 min","Mon-Sat","$2.50 HR","","",""
"Uptown","Hillcrest","1200 UNIVERSITY AVE","UV-1241","32.748428000","-117.152770000","56994","Uptown MK5 – 30 Min Max $2.50 HR, 10am-10pm, Mon-Sat, Prepay, NFC, (Sensor Courtesy)","10am","10pm","30 min","Mon-Sat","$2.50 HR","","",""
"Uptown","Hillcrest","1200 UNIVERSITY AVE","UV-1243","32.748428000","-117.152709000","56991","Uptown MK5 - 2 Hour Max $2.50 HR, 10am-10pm, Mon-Sat, Prepay, NFC","10am","10pm","2 hour","Mon-Sat","$2.50 HR","","",""
"Uptown","Hillcrest","1200 UNIVERSITY AVE","UV-1205","32.748426000","-117.153320000","56991","Uptown MK5 - 2 Hour Max $2.50 HR, 10am-10pm, Mon-Sat, Prepay, NFC","10am","10pm","2 hour","Mon-Sat","$2.50 HR","","",""
"Uptown","Hillcrest","1200 UNIVERSITY AVE","UV-1207","32.748426000","-117.153259000","56991","Uptown MK5 - 2 Hour Max $2.50 HR, 10am-10pm, Mon-Sat, Prepay, NFC","10am","10pm","2 hour","Mon-Sat","$2.50 HR","","",""
"Uptown","Hillcrest","1200 UNIVERSITY AVE","UV-1209","32.748426000","-117.153198000","56991","Uptown MK5 - 2 Hour Max $2.50 HR, 10am-10pm, Mon-Sat, Prepay, NFC","10am","10pm","2 hour","Mon-Sat","$2.50 HR","","",""
"Uptown","Hillcrest","1200 UNIVERSITY AVE","UV-1211","32.748427000","-117.153137000","56991","Uptown MK5 - 2 Hour Max $2.50 HR, 10am-10pm, Mon-Sat, Prepay, NFC","10am","10pm","2 hour","Mon-Sat","$2.50 HR","","",""
"Uptown","Hillcrest","1200 UNIVERSITY AVE","UV-1213","32.748427000","-117.153076000","56991","Uptown MK5 - 2 Hour Max $2.50 HR, 10am-10pm, Mon-Sat, Prepay, NFC","10am","10pm","2 hour","Mon-Sat","$2.50 HR","","",""
"Uptown","Hillcrest","1200 UNIVERSITY AVE","UV-1215","32.748427000","-117.153014000","56991","Uptown MK5 - 2 Hour Max $2.50 HR, 10am-10pm, Mon-Sat, Prepay, NFC","10am","10pm","2 hour","Mon-Sat","$2.50 HR","","",""
"Uptown","Hillcrest","1200 UNIVERSITY AVE","UV-1217","32.748427000","-117.152953000","56991","Uptown MK5 - 2 Hour Max $2.50 HR, 10am-10pm, Mon-Sat, Prepay, NFC","10am","10pm","2 hour","Mon-Sat","$2.50 HR","","",""
"Uptown","Hillcrest","1200 UNIVERSITY AVE","UV-1229","32.748427000","-117.152892000","56991","Uptown MK5 - 2 Hour Max $2.50 HR, 10am-10pm, Mon-Sat, Prepay, NFC","10am","10pm","2 hour","Mon-Sat","$2.50 HR","","",""
"Uptown","Hillcrest","1200 UNIVERSITY AVE","UV-1245","32.748428000","-117.152648000","56991","Uptown MK5 - 2 Hour Max $2.50 HR, 10am-10pm, Mon-Sat, Prepay, NFC","10am","10pm","2 hour","Mon-Sat","$2.50 HR","","",""
"Uptown","Hillcrest","1200 UNIVERSITY AVE","UV-1247","32.748429000","-117.152587000","56991","Uptown MK5 - 2 Hour Max $2.50 HR, 10am-10pm, Mon-Sat, Prepay, NFC","10am","10pm","2 hour","Mon-Sat","$2.50 HR","","",""
"Uptown","Hillcrest","1200 UNIVERSITY AVE","UV-1249","32.748429000","-117.152526000","56991","Uptown MK5 - 2 Hour Max $2.50 HR, 10am-10pm, Mon-Sat, Prepay, NFC","10am","10pm","2 hour","Mon-Sat","$2.50 HR","","",""
"Uptown","Hillcrest","1200 UNIVERSITY AVE","UV-1251","32.748430000","-117.152261000","56991","Uptown MK5 - 2 Hour Max $2.50 HR, 10am-10pm, Mon-Sat, Prepay, NFC","10am","10pm","2 hour","Mon-Sat","$2.50 HR","","",""
"Uptown","Hillcrest","1200 UNIVERSITY AVE","UV-1253","32.748430000","-117.152179000","56991","Uptown MK5 - 2 Hour Max $2.50 HR, 10am-10pm, Mon-Sat, Prepay, NFC","10am","10pm","2 hour","Mon-Sat","$2.50 HR","","",""
"Uptown","Hillcrest","1200 UNIVERSITY AVE","UV-1255","32.748430000","-117.152098000","56991","Uptown MK5 - 2 Hour Max $2.50 HR, 10am-10pm, Mon-Sat, Prepay, NFC","10am","10pm","2 hour","Mon-Sat","$2.50 HR","","",""
"Uptown","Hillcrest","1200 UNIVERSITY AVE","UV-1265","32.748431000","-117.152016000","56991","Uptown MK5 - 2 Hour Max $2.50 HR, 10am-10pm, Mon-Sat, Prepay, NFC","10am","10pm","2 hour","Mon-Sat","$2.50 HR","","",""
"Uptown","Hillcrest","1200 UNIVERSITY AVE","UV-1267","32.748356000","-117.151927000","56991","Uptown MK5 - 2 Hour Max $2.50 HR, 10am-10pm, Mon-Sat, Prepay, NFC","10am","10pm","2 hour","Mon-Sat","$2.50 HR","","",""
"Uptown","Hillcrest","1200 UNIVERSITY AVE","UV-1269","32.748431000","-117.151935000","56991","Uptown MK5 - 2 Hour Max $2.50 HR, 10am-10pm, Mon-Sat, Prepay, NFC","10am","10pm","2 hour","Mon-Sat","$2.50 HR","","",""
"Uptown","Hillcrest","1200 UNIVERSITY AVE","UV-1271","32.748431000","-117.151833000","56991","Uptown MK5 - 2 Hour Max $2.50 HR, 10am-10pm, Mon-Sat, Prepay, NFC","10am","10pm","2 hour","Mon-Sat","$2.50 HR","","",""
"Uptown","Hillcrest","1200 UNIVERSITY AVE","UV-1279","32.748432000","-117.151670000","56991","Uptown MK5 - 2 Hour Max $2.50 HR, 10am-10pm, Mon-Sat, Prepay, NFC","10am","10pm","2 hour","Mon-Sat","$2.50 HR","","",""
"Uptown","Hillcrest","1200 UNIVERSITY AVE","UV-1226","32.748713000","-117.152776000","56991","Uptown MK5 - 2 Hour Max $2.50 HR, 10am-10pm, Mon-Sat, Prepay, NFC","10am","10pm","2 hour","Mon-Sat","$2.50 HR","","",""
"Uptown","Hillcrest","1200 UNIVERSITY AVE","UV-1228","32.748690000","-117.152776000","56991","Uptown MK5 - 2 Hour Max $2.50 HR, 10am-10pm, Mon-Sat, Prepay, NFC","10am","10pm","2 hour","Mon-Sat","$2.50 HR","","",""
"Uptown","Hillcrest","1200 UNIVERSITY AVE","UV-1230","32.748681000","-117.152773000","56991","Uptown MK5 - 2 Hour Max $2.50 HR, 10am-10pm, Mon-Sat, Prepay, NFC","10am","10pm","2 hour","Mon-Sat","$2.50 HR","","",""
"Uptown","Hillcrest","1200 UNIVERSITY AVE","UV-1232","32.748597000","-117.152742000","56991","Uptown MK5 - 2 Hour Max $2.50 HR, 10am-10pm, Mon-Sat, Prepay, NFC","10am","10pm","2 hour","Mon-Sat","$2.50 HR","","",""
"Uptown","Hillcrest","1200 UNIVERSITY AVE","UV-1242","32.748677000","-117.152488000","56991","Uptown MK5 - 2 Hour Max $2.50 HR, 10am-10pm, Mon-Sat, Prepay, NFC","10am","10pm","2 hour","Mon-Sat","$2.50 HR","","",""
"Uptown","Hillcrest","1200 UNIVERSITY AVE","UV-1244","32.748517000","-117.152428000","56991","Uptown MK5 - 2 Hour Max $2.50 HR, 10am-10pm, Mon-Sat, Prepay, NFC","10am","10pm","2 hour","Mon-Sat","$2.50 HR","","",""
"Uptown","Hillcrest","1200 UNIVERSITY AVE","UV-1246","32.748670000","-117.152412000","56991","Uptown MK5 - 2 Hour Max $2.50 HR, 10am-10pm, Mon-Sat, Prepay, NFC","10am","10pm","2 hour","Mon-Sat","$2.50 HR","","",""
"Uptown","Hillcrest","1200 UNIVERSITY AVE","UV-1248","32.748658000","-117.152420000","56991","Uptown MK5 - 2 Hour Max $2.50 HR, 10am-10pm, Mon-Sat, Prepay, NFC","10am","10pm","2 hour","Mon-Sat","$2.50 HR","","",""
"Uptown","Hillcrest","1200 UNIVERSITY AVE","UV-1250","32.748679000","-117.152402000","56991","Uptown MK5 - 2 Hour Max $2.50 HR, 10am-10pm, Mon-Sat, Prepay, NFC","10am","10pm","2 hour","Mon-Sat","$2.50 HR","","",""
"Uptown","Hillcrest","1200 UNIVERSITY AVE","UV-1252","32.748645000","-117.152415000","56991","Uptown MK5 - 2 Hour Max $2.50 HR, 10am-10pm, Mon-Sat, Prepay, NFC","10am","10pm","2 hour","Mon-Sat","$2.50 HR","","",""
"Uptown","Hillcrest","1200 UNIVERSITY AVE","UV-1260","32.748432000","-117.151670000","56991","Uptown MK5 - 2 Hour Max $2.50 HR, 10am-10pm, Mon-Sat, Prepay, NFC","10am","10pm","2 hour","Mon-Sat","$2.50 HR","","",""
"Uptown","Hillcrest","1200 UNIVERSITY AVE","UV-1262","32.748432000","-117.151670000","56991","Uptown MK5 - 2 Hour Max $2.50 HR, 10am-10pm, Mon-Sat, Prepay, NFC","10am","10pm","2 hour","Mon-Sat","$2.50 HR","","",""
"Uptown","Hillcrest","1200 UNIVERSITY AVE","UV-1264","32.748432000","-117.151670000","56991","Uptown MK5 - 2 Hour Max $2.50 HR, 10am-10pm, Mon-Sat, Prepay, NFC","10am","10pm","2 hour","Mon-Sat","$2.50 HR","","",""
"Uptown","Hillcrest","1200 UNIVERSITY AVE","UV-1266","32.748432000","-117.151670000","56991","Uptown MK5 - 2 Hour Max $2.50 HR, 10am-10pm, Mon-Sat, Prepay, NFC","10am","10pm","2 hour","Mon-Sat","$2.50 HR","","",""
"Uptown","Hillcrest","1200 UNIVERSITY AVE","UV-1268","32.748432000","-117.151670000","56991","Uptown MK5 - 2 Hour Max $2.50 HR, 10am-10pm, Mon-Sat, Prepay, NFC","10am","10pm","2 hour","Mon-Sat","$2.50 HR","","",""
"Uptown","Hillcrest","1200 UNIVERSITY AVE","UV-1270","32.748432000","-117.151670000","56991","Uptown MK5 - 2 Hour Max $2.50 HR, 10am-10pm, Mon-Sat, Prepay, NFC","10am","10pm","2 hour","Mon-Sat","$2.50 HR","","",""
"Uptown","Hillcrest","1200 UNIVERSITY AVE","UV-1272","32.748432000","-117.151670000","56991","Uptown MK5 - 2 Hour Max $2.50 HR, 10am-10pm, Mon-Sat, Prepay, NFC","10am","10pm","2 hour","Mon-Sat","$2.50 HR","","",""
"Uptown","Hillcrest","1200 UNIVERSITY AVE","UV-1274","32.748432000","-117.151670000","56991","Uptown MK5 - 2 Hour Max $2.50 HR, 10am-10pm, Mon-Sat, Prepay, NFC","10am","10pm","2 hour","Mon-Sat","$2.50 HR","","",""
"Uptown","Hillcrest","1200 UNIVERSITY AVE","UV-1276","32.748432000","-117.151670000","56991","Uptown MK5 - 2 Hour Max $2.50 HR, 10am-10pm, Mon-Sat, Prepay, NFC","10am","10pm","2 hour","Mon-Sat","$2.50 HR","","",""
"Uptown","Hillcrest","1200 UNIVERSITY AVE","UV-1278","32.748432000","-117.151670000","56991","Uptown MK5 - 2 Hour Max $2.50 HR, 10am-10pm, Mon-Sat, Prepay, NFC","10am","10pm","2 hour","Mon-Sat","$2.50 HR","","",""
"Uptown","Hillcrest","1200 UNIVERSITY AVE","UV-1280","32.748432000","-117.151670000","56991","Uptown MK5 - 2 Hour Max $2.50 HR, 10am-10pm, Mon-Sat, Prepay, NFC","10am","10pm","2 hour","Mon-Sat","$2.50 HR","","",""
"Uptown","Hillcrest","1200 UNIVERSITY AVE","UV-1282","32.748432000","-117.151670000","56991","Uptown MK5 - 2 Hour Max $2.50 HR, 10am-10pm, Mon-Sat, Prepay, NFC","10am","10pm","2 hour","Mon-Sat","$2.50 HR","","",""
"Uptown","Hillcrest","1200 UNIVERSITY AVE","UV-1284","32.748432000","-117.151670000","56991","Uptown MK5 - 2 Hour Max $2.50 HR, 10am-10pm, Mon-Sat, Prepay, NFC","10am","10pm","2 hour","Mon-Sat","$2.50 HR","","",""
"Uptown","Hillcrest","1200 UNIVERSITY AVE","UV-1286","32.748432000","-117.151670000","56991","Uptown MK5 - 2 Hour Max $2.50 HR, 10am-10pm, Mon-Sat, Prepay, NFC","10am","10pm","2 hour","Mon-Sat","$2.50 HR","","",""
"Uptown","Hillcrest","1200 UNIVERSITY AVE","UV-1288","32.748432000","-117.151670000","56991","Uptown MK5 - 2 Hour Max $2.50 HR, 10am-10pm, Mon-Sat, Prepay, NFC","10am","10pm","2 hour","Mon-Sat","$2.50 HR","","",""
"Uptown","Hillcrest","1200 UNIVERSITY AVE","UV-1290","32.748432000","-117.151670000","56991","Uptown MK5 - 2 Hour Max $2.50 HR, 10am-10pm, Mon-Sat, Prepay, NFC","10am","10pm","2 hour","Mon-Sat","$2.50 HR","","",""
"Uptown","Hillcrest","1200 UNIVERSITY AVE","UV-1292","32.748432000","-117.151670000","56991","Uptown MK5 - 2 Hour Max $2.50 HR, 10am-10pm, Mon-Sat, Prepay, NFC","10am","10pm","2 hour","Mon-Sat","$2.50 HR","","",""
"Uptown","Hillcrest","1200 UNIVERSITY AVE","UV-1294","32.748432000","-117.151670000","56991","Uptown MK5 - 2 Hour Max $2.50 HR, 10am-10pm, Mon-Sat, Prepay, NFC","10am","10pm","2 hour","Mon-Sat","$2.50 HR","","",""
"Uptown","Hillcrest","1200 UNIVERSITY AVE","UV-1296","32.748432000","-117.151670000","56991","Uptown MK5 - 2 Hour Max $2.50 HR, 10am-10pm, Mon-Sat, Prepay, NFC","10am","10pm","2 hour","Mon-Sat","$2.50 HR","","",""
"Uptown","Hillcrest","1200 UNIVERSITY AVE","UV-1298","32.748432000","-117.151670000","56991","Uptown MK5 - 2 Hour Max $2.50 HR, 10am-10pm, Mon-Sat, Prepay, NFC","10am","10pm","2 hour","Mon-Sat","$2.50 HR","","",""
"Uptown","Hillcrest","1400 UNIVERSITY AVE","UV-1433","32.748433000","-117.151064000","56991","Uptown MK5 - 2 Hour Max $2.50 HR, 10am-10pm, Mon-Sat, Prepay, NFC","10am","10pm","2 hour","Mon-Sat","$2.50 HR","","",""
"Uptown","Hillcrest","1400 UNIVERSITY AVE","UV-1435","32.748432000","-117.150963000","56991","Uptown MK5 - 2 Hour Max $2.50 HR, 10am-10pm, Mon-Sat, Prepay, NFC","10am","10pm","2 hour","Mon-Sat","$2.50 HR","","",""
"Uptown","Hillcrest","1400 UNIVERSITY AVE","UV-1437","32.748432000","-117.150862000","56991","Uptown MK5 - 2 Hour Max $2.50 HR, 10am-10pm, Mon-Sat, Prepay, NFC","10am","10pm","2 hour","Mon-Sat","$2.50 HR","","",""
"Uptown","Hillcrest","1400 UNIVERSITY AVE","UV-1439","32.748431000","-117.150760000","56991","Uptown MK5 - 2 Hour Max $2.50 HR, 10am-10pm, Mon-Sat, Prepay, NFC","10am","10pm","2 hour","Mon-Sat","$2.50 HR","","",""
"Uptown","Hillcrest","1400 UNIVERSITY AVE","UV-1400S","32.748365000","-117.150633000","57180","TEMP Uptown MS1 - 2 Hour Max $2.50 HR, 10am-10pm, Mon-Sat, Prepay, NFC","10am","10pm","2 hour","Mon-Sat","$2.50 HR","","",""
"Uptown","Hillcrest","1600 UNIVERSITY AVE","UV-1606","32.748517000","-117.148919000","56991","Uptown MK5 - 2 Hour Max $2.50 HR, 10am-10pm, Mon-Sat, Prepay, NFC","10am","10pm","2 hour","Mon-Sat","$2.50 HR","","",""
"Uptown","Hillcrest","1600 UNIVERSITY AVE","UV-1608","32.748575000","-117.148913000","56991","Uptown MK5 - 2 Hour Max $2.50 HR, 10am-10pm, Mon-Sat, Prepay, NFC","10am","10pm","2 hour","Mon-Sat","$2.50 HR","","",""
"Uptown","Hillcrest","1600 UNIVERSITY AVE","UV-1610","32.748492000","-117.148748000","56991","Uptown MK5 - 2 Hour Max $2.50 HR, 10am-10pm, Mon-Sat, Prepay, NFC","10am","10pm","2 hour","Mon-Sat","$2.50 HR","","",""
"Uptown","Hillcrest","1600 UNIVERSITY AVE","UV-1612","32.748530000","-117.148795000","56991","Uptown MK5 - 2 Hour Max $2.50 HR, 10am-10pm, Mon-Sat, Prepay, NFC","10am","10pm","2 hour","Mon-Sat","$2.50 HR","","",""
"Uptown","Hillcrest","1600 UNIVERSITY AVE","UV-1614","32.748502000","-117.148538000","56991","Uptown MK5 - 2 Hour Max $2.50 HR, 10am-10pm, Mon-Sat, Prepay, NFC","10am","10pm","2 hour","Mon-Sat","$2.50 HR","","",""
"Uptown","Hillcrest","1600 UNIVERSITY AVE","UV-1615","32.748342000","-117.148705000","56991","Uptown MK5 - 2 Hour Max $2.50 HR, 10am-10pm, Mon-Sat, Prepay, NFC","10am","10pm","2 hour","Mon-Sat","$2.50 HR","","",""
"Uptown","Hillcrest","1600 UNIVERSITY AVE","UV-1617","32.748341000","-117.148562000","56991","Uptown MK5 - 2 Hour Max $2.50 HR, 10am-10pm, Mon-Sat, Prepay, NFC","10am","10pm","2 hour","Mon-Sat","$2.50 HR","","",""
"Uptown","Hillcrest","1600 UNIVERSITY AVE","UV-1605","32.748341000","-117.148411000","56991","Uptown MK5 - 2 Hour Max $2.50 HR, 10am-10pm, Mon-Sat, Prepay, NFC","10am","10pm","2 hour","Mon-Sat","$2.50 HR","","",""
"Uptown","Hillcrest","1700 UNIVERSITY AVE","UV-1702","32.748458000","-117.148129000","56991","Uptown MK5 - 2 Hour Max $2.50 HR, 10am-10pm, Mon-Sat, Prepay, NFC","10am","10pm","2 hour","Mon-Sat","$2.50 HR","","",""
"Uptown","Hillcrest","1700 UNIVERSITY AVE","UV-1704","32.748350000","-117.146555000","56991","Uptown MK5 - 2 Hour Max $2.50 HR, 10am-10pm, Mon-Sat, Prepay, NFC","10am","10pm","2 hour","Mon-Sat","$2.50 HR","","",""
"Uptown","Hillcrest","1700 UNIVERSITY AVE","UV-1706","32.748503000","-117.146809000","56991","Uptown MK5 - 2 Hour Max $2.50 HR, 10am-10pm, Mon-Sat, Prepay, NFC","10am","10pm","2 hour","Mon-Sat","$2.50 HR","","",""
"Uptown","Hillcrest","1700 UNIVERSITY AVE","UV-1708","32.748350000","-117.146555000","56991","Uptown MK5 - 2 Hour Max $2.50 HR, 10am-10pm, Mon-Sat, Prepay, NFC","10am","10pm","2 hour","Mon-Sat","$2.50 HR","","",""
"Uptown","Hillcrest","1700 UNIVERSITY AVE","UV-1710","32.748350000","-117.146555000","56991","Uptown MK5 - 2 Hour Max $2.50 HR, 10am-10pm, Mon-Sat, Prepay, NFC","10am","10pm","2 hour","Mon-Sat","$2.50 HR","","",""
"Uptown","Hillcrest","1700 UNIVERSITY AVE","UV-1712","32.748350000","-117.146555000","56991","Uptown MK5 - 2 Hour Max $2.50 HR, 10am-10pm, Mon-Sat, Prepay, NFC","10am","10pm","2 hour","Mon-Sat","$2.50 HR","","",""
"Uptown","Hillcrest","1700 UNIVERSITY AVE","UV-1714","32.748350000","-117.146555000","56991","Uptown MK5 - 2 Hour Max $2.50 HR, 10am-10pm, Mon-Sat, Prepay, NFC","10am","10pm","2 hour","Mon-Sat","$2.50 HR","","",""
"Uptown","Hillcrest","1700 UNIVERSITY AVE","UV-1709","32.748345000","-117.147472000","56991","Uptown MK5 - 2 Hour Max $2.50 HR, 10am-10pm, Mon-Sat, Prepay, NFC","10am","10pm","2 hour","Mon-Sat","$2.50 HR","","",""
"Uptown","Hillcrest","1700 UNIVERSITY AVE","UV-1715","32.748332375","-117.147528938","56991","Uptown MK5 - 2 Hour Max $2.50 HR, 10am-10pm, Mon-Sat, Prepay, NFC","10am","10pm","2 hour","Mon-Sat","$2.50 HR","","",""
"Uptown","Hillcrest","1700 UNIVERSITY AVE","UV-1716","32.748502000","-117.147170000","56991","Uptown MK5 - 2 Hour Max $2.50 HR, 10am-10pm, Mon-Sat, Prepay, NFC","10am","10pm","2 hour","Mon-Sat","$2.50 HR","","",""
"Uptown","Hillcrest","1700 UNIVERSITY AVE","UV-1718","32.748502000","-117.147078000","56991","Uptown MK5 - 2 Hour Max $2.50 HR, 10am-10pm, Mon-Sat, Prepay, NFC","10am","10pm","2 hour","Mon-Sat","$2.50 HR","","",""
"Uptown","Hillcrest","1700 UNIVERSITY AVE","UV-1719","32.748261000","-117.147427000","56991","Uptown MK5 - 2 Hour Max $2.50 HR, 10am-10pm, Mon-Sat, Prepay, NFC","10am","10pm","2 hour","Mon-Sat","$2.50 HR","","",""
"Uptown","Hillcrest","1700 UNIVERSITY AVE","UV-1720","32.748503000","-117.146809000","56991","Uptown MK5 - 2 Hour Max $2.50 HR, 10am-10pm, Mon-Sat, Prepay, NFC","10am","10pm","2 hour","Mon-Sat","$2.50 HR","","",""
"Uptown","Hillcrest","1700 UNIVERSITY AVE","UV-1721","32.748262000","-117.147435000","56991","Uptown MK5 - 2 Hour Max $2.50 HR, 10am-10pm, Mon-Sat, Prepay, NFC","10am","10pm","2 hour","Mon-Sat","$2.50 HR","","",""
"Uptown","Hillcrest","1700 UNIVERSITY AVE","UV-1707","32.748345000","-117.147574000","56991","Uptown MK5 - 2 Hour Max $2.50 HR, 10am-10pm, Mon-Sat, Prepay, NFC","10am","10pm","2 hour","Mon-Sat","$2.50 HR","","",""
"Uptown","Hillcrest","1700 UNIVERSITY AVE","UV-1703","32.748343000","-117.147862000","56991","Uptown MK5 - 2 Hour Max $2.50 HR, 10am-10pm, Mon-Sat, Prepay, NFC","10am","10pm","2 hour","Mon-Sat","$2.50 HR","","",""
"Uptown","Hillcrest","1700 UNIVERSITY AVE","UV-1705","32.748344000","-117.147676000","56991","Uptown MK5 - 2 Hour Max $2.50 HR, 10am-10pm, Mon-Sat, Prepay, NFC","10am","10pm","2 hour","Mon-Sat","$2.50 HR","","",""
"Uptown","Hillcrest","200 WALNUT ST","WT-200","32.741541000","-117.162959000","13442","2 Hour Max $2.50 HR 10am-8pm Mon-Sat (Mobile Pay) (NFC)","10am","8pm","2 hour","Mon-Sat","$2.50 HR","Y","",""
"Uptown","Hillcrest","200 WALNUT ST","WT-201","32.741387000","-117.162833000","13442","2 Hour Max $2.50 HR 10am-8pm Mon-Sat (Mobile Pay) (NFC)","10am","8pm","2 hour","Mon-Sat","$2.50 HR","Y","",""
"Uptown","Hillcrest","200 WALNUT ST","WT-202","32.741541000","-117.162687000","13442","2 Hour Max $2.50 HR 10am-8pm Mon-Sat (Mobile Pay) (NFC)","10am","8pm","2 hour","Mon-Sat","$2.50 HR","Y","",""
"Uptown","Hillcrest","200 WALNUT ST","WT-203","32.741387000","-117.162619000","13442","2 Hour Max $2.50 HR 10am-8pm Mon-Sat (Mobile Pay) (NFC)","10am","8pm","2 hour","Mon-Sat","$2.50 HR","Y","",""
"Uptown","Hillcrest","200 WALNUT ST","WT-204","32.741541000","-117.162552000","13442","2 Hour Max $2.50 HR 10am-8pm Mon-Sat (Mobile Pay) (NFC)","10am","8pm","2 hour","Mon-Sat","$2.50 HR","Y","",""
"Uptown","Hillcrest","200 WALNUT ST","WT-205","32.741388000","-117.162484000","13442","2 Hour Max $2.50 HR 10am-8pm Mon-Sat (Mobile Pay) (NFC)","10am","8pm","2 hour","Mon-Sat","$2.50 HR","Y","",""
"Uptown","Hillcrest","200 WALNUT ST","WT-207","32.741388000","-117.162416000","13442","2 Hour Max $2.50 HR 10am-8pm Mon-Sat (Mobile Pay) (NFC)","10am","8pm","2 hour","Mon-Sat","$2.50 HR","Y","",""
"Uptown","Hillcrest","200 WALNUT ST","WT-208","32.741542000","-117.162349000","13442","2 Hour Max $2.50 HR 10am-8pm Mon-Sat (Mobile Pay) (NFC)","10am","8pm","2 hour","Mon-Sat","$2.50 HR","Y","",""
"Uptown","Hillcrest","200 WEST WASHINGTON ST","WN-201","32.749788000","-117.165507000","56969","Mid City MK5 - 2 Hour Max $2.50 HR, 8am - 8pm, Mon-Sat, Prepay, NFC","8am","8pm","2 hour","Mon-Sat","$2.50 HR","","",""
"Uptown","Hillcrest","200 WEST WASHINGTON ST","WN-203","32.749764000","-117.165302000","56969","Mid City MK5 - 2 Hour Max $2.50 HR, 8am - 8pm, Mon-Sat, Prepay, NFC","8am","8pm","2 hour","Mon-Sat","$2.50 HR","","",""
"Uptown","Hillcrest","200 WEST WASHINGTON ST","WN-205","32.750197000","-117.165586000","56969","Mid City MK5 - 2 Hour Max $2.50 HR, 8am - 8pm, Mon-Sat, Prepay, NFC","8am","8pm","2 hour","Mon-Sat","$2.50 HR","","",""
"Uptown","Hillcrest","200 WEST WASHINGTON ST","WN-202","32.749993000","-117.163058000","56969","Mid City MK5 - 2 Hour Max $2.50 HR, 8am - 8pm, Mon-Sat, Prepay, NFC","8am","8pm","2 hour","Mon-Sat","$2.50 HR","","",""
"Uptown","Hillcrest","200 WEST WASHINGTON ST","WN-206","32.749993000","-117.163040000","56969","Mid City MK5 - 2 Hour Max $2.50 HR, 8am - 8pm, Mon-Sat, Prepay, NFC","8am","8pm","2 hour","Mon-Sat","$2.50 HR","","",""
"Uptown","Hillcrest","200 WEST WASHINGTON ST","WN-209","32.749830000","-117.165510000","56969","Mid City MK5 - 2 Hour Max $2.50 HR, 8am - 8pm, Mon-Sat, Prepay, NFC","8am","8pm","2 hour","Mon-Sat","$2.50 HR","","",""
"Uptown","Hillcrest","200 WEST WASHINGTON ST","WN-210","32.749993000","-117.162997000","56969","Mid City MK5 - 2 Hour Max $2.50 HR, 8am - 8pm, Mon-Sat, Prepay, NFC","8am","8pm","2 hour","Mon-Sat","$2.50 HR","","",""
"Uptown","Hillcrest","200 WEST WASHINGTON ST","WN-211","32.749775000","-117.165708000","56969","Mid City MK5 - 2 Hour Max $2.50 HR, 8am - 8pm, Mon-Sat, Prepay, NFC","8am","8pm","2 hour","Mon-Sat","$2.50 HR","","",""
"Uptown","Hillcrest","200 WEST WASHINGTON ST","WN-212","32.749994000","-117.162961000","56969","Mid City MK5 - 2 Hour Max $2.50 HR, 8am - 8pm, Mon-Sat, Prepay, NFC","8am","8pm","2 hour","Mon-Sat","$2.50 HR","","",""
"Uptown","Hillcrest","200 WEST WASHINGTON ST","WN-213","32.749775000","-117.165708000","56969","Mid City MK5 - 2 Hour Max $2.50 HR, 8am - 8pm, Mon-Sat, Prepay, NFC","8am","8pm","2 hour","Mon-Sat","$2.50 HR","","",""
"Uptown","Hillcrest","200 WEST WASHINGTON ST","WN-215","32.749788000","-117.165786000","56969","Mid City MK5 - 2 Hour Max $2.50 HR, 8am - 8pm, Mon-Sat, Prepay, NFC","8am","8pm","2 hour","Mon-Sat","$2.50 HR","","",""
"Uptown","Hillcrest","200 WEST WASHINGTON ST","WN-217","32.749786000","-117.165915000","56969","Mid City MK5 - 2 Hour Max $2.50 HR, 8am - 8pm, Mon-Sat, Prepay, NFC","8am","8pm","2 hour","Mon-Sat","$2.50 HR","","",""
"Uptown","Hillcrest","200 WEST WASHINGTON ST","WN-219","32.749786000","-117.165915000","56969","Mid City MK5 - 2 Hour Max $2.50 HR, 8am - 8pm, Mon-Sat, Prepay, NFC","8am","8pm","2 hour","Mon-Sat","$2.50 HR","","",""
"Uptown","Hillcrest","300 ROBINSON AVE","R-302","32.747022000","-117.162660000","13442","2 Hour Max $2.50 HR 10am-8pm Mon-Sat (Mobile Pay) (NFC)","10am","8pm","2 hour","Mon-Sat","$2.50 HR","Y","",""
"Uptown","Hillcrest","300 ROBINSON AVE","R-303","32.746869000","-117.162589000","13442","2 Hour Max $2.50 HR 10am-8pm Mon-Sat (Mobile Pay) (NFC)","10am","8pm","2 hour","Mon-Sat","$2.50 HR","Y","",""
"Uptown","Hillcrest","300 ROBINSON AVE","R-305","32.746869000","-117.162499000","13442","2 Hour Max $2.50 HR 10am-8pm Mon-Sat (Mobile Pay) (NFC)","10am","8pm","2 hour","Mon-Sat","$2.50 HR","Y","",""
"Uptown","Hillcrest","300 ROBINSON AVE","R-307","32.746870000","-117.162432000","13442","2 Hour Max $2.50 HR 10am-8pm Mon-Sat (Mobile Pay) (NFC)","10am","8pm","2 hour","Mon-Sat","$2.50 HR","Y","",""
"Uptown","Hillcrest","300 ROBINSON AVE","R-308","32.747024000","-117.162360000","13442","2 Hour Max $2.50 HR 10am-8pm Mon-Sat (Mobile Pay) (NFC)","10am","8pm","2 hour","Mon-Sat","$2.50 HR","Y","",""
"Uptown","Hillcrest","300 ROBINSON AVE","R-309","32.746871000","-117.162275000","13442","2 Hour Max $2.50 HR 10am-8pm Mon-Sat (Mobile Pay) (NFC)","10am","8pm","2 hour","Mon-Sat","$2.50 HR","Y","",""
"Uptown","Hillcrest","300 ROBINSON AVE","R-311","32.746871000","-117.162208000","13442","2 Hour Max $2.50 HR 10am-8pm Mon-Sat (Mobile Pay) (NFC)","10am","8pm","2 hour","Mon-Sat","$2.50 HR","Y","",""
"Uptown","Hillcrest","300 ROBINSON AVE","R-312","32.747026000","-117.162109000","13442","2 Hour Max $2.50 HR 10am-8pm Mon-Sat (Mobile Pay) (NFC)","10am","8pm","2 hour","Mon-Sat","$2.50 HR","Y","",""
"Uptown","Hillcrest","300 ROBINSON AVE","R-314","32.747026000","-117.162045000","13442","2 Hour Max $2.50 HR 10am-8pm Mon-Sat (Mobile Pay) (NFC)","10am","8pm","2 hour","Mon-Sat","$2.50 HR","Y","",""
"Uptown","Hillcrest","300 ROBINSON AVE","R-315","32.746873000","-117.161965000","13442","2 Hour Max $2.50 HR 10am-8pm Mon-Sat (Mobile Pay) (NFC)","10am","8pm","2 hour","Mon-Sat","$2.50 HR","Y","",""
"Uptown","Hillcrest","300 ROBINSON AVE","R-316","32.747028000","-117.161895000","13442","2 Hour Max $2.50 HR 10am-8pm Mon-Sat (Mobile Pay) (NFC)","10am","8pm","2 hour","Mon-Sat","$2.50 HR","Y","",""
"Uptown","Hillcrest","300 ROBINSON AVE","R-317","32.746874000","-117.161821000","13442","2 Hour Max $2.50 HR 10am-8pm Mon-Sat (Mobile Pay) (NFC)","10am","8pm","2 hour","Mon-Sat","$2.50 HR","Y","",""
"Uptown","Hillcrest","300 ROBINSON AVE","R-318","32.747029000","-117.161766000","13442","2 Hour Max $2.50 HR 10am-8pm Mon-Sat (Mobile Pay) (NFC)","10am","8pm","2 hour","Mon-Sat","$2.50 HR","Y","",""
"Uptown","Hillcrest","300 ROBINSON AVE","R-320","32.747029000","-117.161680000","13442","2 Hour Max $2.50 HR 10am-8pm Mon-Sat (Mobile Pay) (NFC)","10am","8pm","2 hour","Mon-Sat","$2.50 HR","Y","",""
"Uptown","Hillcrest","700 ROBINSON AVE","R-716","32.747052000","-117.157637000","57192","Uptown MK5 - 2 Hour Max $2.50 HR, 8am-8pm, Mon-Sat, Prepay, NFC","8am","8pm","2 hour","Mon-Sat","$2.50 HR","","",""
"Uptown","Hillcrest","700 ROBINSON AVE","R-718","32.747053000","-117.157479000","57192","Uptown MK5 - 2 Hour Max $2.50 HR, 8am-8pm, Mon-Sat, Prepay, NFC","8am","8pm","2 hour","Mon-Sat","$2.50 HR","","",""
"Uptown","Mission Hills","700 WEST WASHINGTON ST","WN-708","32.749950112","-117.169990763","57192","Uptown MK5 - 2 Hour Max $2.50 HR, 8am-8pm, Mon-Sat, Prepay, NFC","8am","8pm","2 hour","Mon-Sat","$2.50 HR","","",""
"Uptown","Mission Hills","700 WEST WASHINGTON ST","WN-710","32.750060366","-117.170068211","57192","Uptown MK5 - 2 Hour Max $2.50 HR, 8am-8pm, Mon-Sat, Prepay, NFC","8am","8pm","2 hour","Mon-Sat","$2.50 HR","","",""
"Uptown","Mission Hills","700 WEST WASHINGTON ST","WN-712","32.749953778","-117.170192599","57192","Uptown MK5 - 2 Hour Max $2.50 HR, 8am-8pm, Mon-Sat, Prepay, NFC","8am","8pm","2 hour","Mon-Sat","$2.50 HR","","",""
"Uptown","Mission Hills","700 WEST WASHINGTON ST","WN-714","32.750074465","-117.170323021","57192","Uptown MK5 - 2 Hour Max $2.50 HR, 8am-8pm, Mon-Sat, Prepay, NFC","8am","8pm","2 hour","Mon-Sat","$2.50 HR","","",""
"Uptown","Mission Hills","700 WEST WASHINGTON ST","WN-700","32.749954624","-117.169707790","57192","Uptown MK5 - 2 Hour Max $2.50 HR, 8am-8pm, Mon-Sat, Prepay, NFC","8am","8pm","2 hour","Mon-Sat","$2.50 HR","","",""
"Uptown","Mission Hills","700 WEST WASHINGTON ST","WN-702","32.749959699","-117.169788256","57192","Uptown MK5 - 2 Hour Max $2.50 HR, 8am-8pm, Mon-Sat, Prepay, NFC","8am","8pm","2 hour","Mon-Sat","$2.50 HR","","",""
"Uptown","Mission Hills","700 WEST WASHINGTON ST","WN-704","32.750043165","-117.169900909","57192","Uptown MK5 - 2 Hour Max $2.50 HR, 8am-8pm, Mon-Sat, Prepay, NFC","8am","8pm","2 hour","Mon-Sat","$2.50 HR","","",""
"Uptown","Mission Hills","700 WEST WASHINGTON ST","WN-706","32.750084053","-117.169945500","57192","Uptown MK5 - 2 Hour Max $2.50 HR, 8am-8pm, Mon-Sat, Prepay, NFC","8am","8pm","2 hour","Mon-Sat","$2.50 HR","","",""
"Uptown","Mission Hills","800 WEST WASHINGTON ST","WN-802","32.749943908","-117.170727029","57192","Uptown MK5 - 2 Hour Max $2.50 HR, 8am-8pm, Mon-Sat, Prepay, NFC","8am","8pm","2 hour","Mon-Sat","$2.50 HR","","",""
"Uptown","Mission Hills","800 WEST WASHINGTON ST","WN-804","32.750086026","-117.170812524","57192","Uptown MK5 - 2 Hour Max $2.50 HR, 8am-8pm, Mon-Sat, Prepay, NFC","8am","8pm","2 hour","Mon-Sat","$2.50 HR","","",""
"Uptown","Mission Hills","800 WEST WASHINGTON ST","WN-805","32.749743420","-117.170794755","57192","Uptown MK5 - 2 Hour Max $2.50 HR, 8am-8pm, Mon-Sat, Prepay, NFC","8am","8pm","2 hour","Mon-Sat","$2.50 HR","","",""
"Uptown","Mission Hills","800 WEST WASHINGTON ST","WN-806","32.749946446","-117.170901037","57192","Uptown MK5 - 2 Hour Max $2.50 HR, 8am-8pm, Mon-Sat, Prepay, NFC","8am","8pm","2 hour","Mon-Sat","$2.50 HR","","",""
"Uptown","Mission Hills","800 WEST WASHINGTON ST","WN-807","32.749709300","-117.170883268","57192","Uptown MK5 - 2 Hour Max $2.50 HR, 8am-8pm, Mon-Sat, Prepay, NFC","8am","8pm","2 hour","Mon-Sat","$2.50 HR","","",""
"Uptown","Mission Hills","800 WEST WASHINGTON ST","WN-808","32.750044011","-117.170974127","57192","Uptown MK5 - 2 Hour Max $2.50 HR, 8am-8pm, Mon-Sat, Prepay, NFC","8am","8pm","2 hour","Mon-Sat","$2.50 HR","","",""
"Uptown","Mission Hills","800 WEST WASHINGTON ST","WN-809","32.749687024","-117.171129025","57192","Uptown MK5 - 2 Hour Max $2.50 HR, 8am-8pm, Mon-Sat, Prepay, NFC","8am","8pm","2 hour","Mon-Sat","$2.50 HR","","",""
"Uptown","Mission Hills","800 WEST WASHINGTON ST","WN-810","32.749937141","-117.171074040","57192","Uptown MK5 - 2 Hour Max $2.50 HR, 8am-8pm, Mon-Sat, Prepay, NFC","8am","8pm","2 hour","Mon-Sat","$2.50 HR","","",""
"Uptown","Mission Hills","800 WEST WASHINGTON ST","WN-811","32.749734679","-117.171101868","57192","Uptown MK5 - 2 Hour Max $2.50 HR, 8am-8pm, Mon-Sat, Prepay, NFC","8am","8pm","2 hour","Mon-Sat","$2.50 HR","","",""
"Uptown","Mission Hills","800 WEST WASHINGTON ST","WN-812","32.750169774","-117.171034142","57192","Uptown MK5 - 2 Hour Max $2.50 HR, 8am-8pm, Mon-Sat, Prepay, NFC","8am","8pm","2 hour","Mon-Sat","$2.50 HR","","",""
"Uptown","Mission Hills","800 WEST WASHINGTON ST","WN-813","32.749743984","-117.171234637","57192","Uptown MK5 - 2 Hour Max $2.50 HR, 8am-8pm, Mon-Sat, Prepay, NFC","8am","8pm","2 hour","Mon-Sat","$2.50 HR","","",""
"Uptown","Mission Hills","800 WEST WASHINGTON ST","WN-814","32.749947010","-117.171185016","57192","Uptown MK5 - 2 Hour Max $2.50 HR, 8am-8pm, Mon-Sat, Prepay, NFC","8am","8pm","2 hour","Mon-Sat","$2.50 HR","","",""
"Uptown","Mission Hills","800 WEST WASHINGTON ST","WN-803","32.749745394","-117.170713953","56993","Uptown MK5 – 15 Min Max $2.50 HR, 8am-8pm, Mon-Sat, Prepay, NFC, (Sensor Courtesy)","8am","8pm","15 min","Mon-Sat","$2.50 HR","","",""
"Uptown","Mission Hills","800 WEST WASHINGTON ST","WN-800","32.750050215","-117.170660644","56993","Uptown MK5 – 15 Min Max $2.50 HR, 8am-8pm, Mon-Sat, Prepay, NFC, (Sensor Courtesy)","8am","8pm","15 min","Mon-Sat","$2.50 HR","","",""
"Uptown","Mission Hills","900 FORT STOCKTON","FS-900N","32.750947189","-117.171836458","56949","Uptown MS3 - 2 Hour Max $2.50 HR, 8am-8pm, Mon-Sat, Prepay, NFC","8am","8pm","2 hour","Mon-Sat","$2.50 HR","","",""
"Uptown","Mission Hills","900 FORT STOCKTON","FS-900S","32.750811840","-117.171822376","56949","Uptown MS3 - 2 Hour Max $2.50 HR, 8am-8pm, Mon-Sat, Prepay, NFC","8am","8pm","2 hour","Mon-Sat","$2.50 HR","","",""
"Uptown","Mission Hills","900 WEST WASHINGTON ST","WN-902","32.750020889","-117.171668820","56993","Uptown MK5 – 15 Min Max $2.50 HR, 8am-8pm, Mon-Sat, Prepay, NFC, (Sensor Courtesy)","8am","8pm","15 min","Mon-Sat","$2.50 HR","","",""
"Uptown","Mission Hills","900 WEST WASHINGTON ST","WN-903","32.749739472","-117.171696983","57192","Uptown MK5 - 2 Hour Max $2.50 HR, 8am-8pm, Mon-Sat, Prepay, NFC","8am","8pm","2 hour","Mon-Sat","$2.50 HR","","",""
"Uptown","Mission Hills","900 WEST WASHINGTON ST","WN-904","32.750056982","-117.171792536","57192","Uptown MK5 - 2 Hour Max $2.50 HR, 8am-8pm, Mon-Sat, Prepay, NFC","8am","8pm","2 hour","Mon-Sat","$2.50 HR","","",""
"Uptown","Mission Hills","900 WEST WASHINGTON ST","WN-905","32.749744266","-117.171718440","57192","Uptown MK5 - 2 Hour Max $2.50 HR, 8am-8pm, Mon-Sat, Prepay, NFC","8am","8pm","2 hour","Mon-Sat","$2.50 HR","","",""
"Uptown","Mission Hills","900 WEST WASHINGTON ST","WN-906","32.749953496","-117.171907536","57192","Uptown MK5 - 2 Hour Max $2.50 HR, 8am-8pm, Mon-Sat, Prepay, NFC","8am","8pm","2 hour","Mon-Sat","$2.50 HR","","",""
"Uptown","Mission Hills","900 WEST WASHINGTON ST","WN-908","32.749944190","-117.172011472","57192","Uptown MK5 - 2 Hour Max $2.50 HR, 8am-8pm, Mon-Sat, Prepay, NFC","8am","8pm","2 hour","Mon-Sat","$2.50 HR","","",""
"Uptown","Mission Hills","900 WEST WASHINGTON ST","WN-909","32.749746804","-117.172083221","57192","Uptown MK5 - 2 Hour Max $2.50 HR, 8am-8pm, Mon-Sat, Prepay, NFC","8am","8pm","2 hour","Mon-Sat","$2.50 HR","","",""
"Uptown","Mission Hills","900 WEST WASHINGTON ST","WN-911","32.749733833","-117.172078192","57192","Uptown MK5 - 2 Hour Max $2.50 HR, 8am-8pm, Mon-Sat, Prepay, NFC","8am","8pm","2 hour","Mon-Sat","$2.50 HR","","",""
"Uptown","Mission Hills","900 WEST WASHINGTON ST","WN-913","32.749734679","-117.172162346","57192","Uptown MK5 - 2 Hour Max $2.50 HR, 8am-8pm, Mon-Sat, Prepay, NFC","8am","8pm","2 hour","Mon-Sat","$2.50 HR","","",""
"Uptown","Mission Hills","900 WEST WASHINGTON ST","WN-907","32.749751597","-117.172018513","57192","Uptown MK5 - 2 Hour Max $2.50 HR, 8am-8pm, Mon-Sat, Prepay, NFC","8am","8pm","2 hour","Mon-Sat","$2.50 HR","","",""
"Uptown","Mission Hills","3900 FALCON ST","FN-3940","32.748976000","-117.170557000","12529","15 Min Max 8am-6pm Mon-Sat (Sensor Courtesy)","8am","6pm","15 min","Mon-Sat","","","",""
"Uptown","Mission Hills","3900 FALCON ST","FN-3933","32.748681000","-117.170373000","57192","Uptown MK5 - 2 Hour Max $2.50 HR, 8am-8pm, Mon-Sat, Prepay, NFC","8am","8pm","2 hour","Mon-Sat","$2.50 HR","","",""
"Uptown","Mission Hills","3900 FALCON ST","FN-3935","32.748790000","-117.170373000","57192","Uptown MK5 - 2 Hour Max $2.50 HR, 8am-8pm, Mon-Sat, Prepay, NFC","8am","8pm","2 hour","Mon-Sat","$2.50 HR","","",""
"Uptown","Mission Hills","300 WEST WASHINGTON ST","WN-314","32.749999000","-117.162167000","57192","Uptown MK5 - 2 Hour Max $2.50 HR, 8am-8pm, Mon-Sat, Prepay, NFC","8am","8pm","2 hour","Mon-Sat","$2.50 HR","","",""
"Uptown","Mission Hills","300 WEST WASHINGTON ST","WN-300","32.749996000","-117.162680000","57192","Uptown MK5 - 2 Hour Max $2.50 HR, 8am-8pm, Mon-Sat, Prepay, NFC","8am","8pm","2 hour","Mon-Sat","$2.50 HR","","",""
"Uptown","Mission Hills","300 WEST WASHINGTON ST","WN-302","32.749996000","-117.162615000","57192","Uptown MK5 - 2 Hour Max $2.50 HR, 8am-8pm, Mon-Sat, Prepay, NFC","8am","8pm","2 hour","Mon-Sat","$2.50 HR","","",""
"Uptown","Mission Hills","300 WEST WASHINGTON ST","WN-304","32.749997000","-117.162550000","57192","Uptown MK5 - 2 Hour Max $2.50 HR, 8am-8pm, Mon-Sat, Prepay, NFC","8am","8pm","2 hour","Mon-Sat","$2.50 HR","","",""
"Uptown","Mission Hills","300 WEST WASHINGTON ST","WN-306","32.749997000","-117.162463000","57192","Uptown MK5 - 2 Hour Max $2.50 HR, 8am-8pm, Mon-Sat, Prepay, NFC","8am","8pm","2 hour","Mon-Sat","$2.50 HR","","",""
"Uptown","Mission Hills","300 WEST WASHINGTON ST","WN-308","32.749998000","-117.162398000","57192","Uptown MK5 - 2 Hour Max $2.50 HR, 8am-8pm, Mon-Sat, Prepay, NFC","8am","8pm","2 hour","Mon-Sat","$2.50 HR","","",""
"Uptown","Mission Hills","300 WEST WASHINGTON ST","WN-309","32.749334000","-117.166380000","57192","Uptown MK5 - 2 Hour Max $2.50 HR, 8am-8pm, Mon-Sat, Prepay, NFC","8am","8pm","2 hour","Mon-Sat","$2.50 HR","","",""
"Uptown","Mission Hills","300 WEST WASHINGTON ST","WN-313","32.749845000","-117.162288000","57192","Uptown MK5 - 2 Hour Max $2.50 HR, 8am-8pm, Mon-Sat, Prepay, NFC","8am","8pm","2 hour","Mon-Sat","$2.50 HR","","",""
"Uptown","Mission Hills","300 WEST WASHINGTON ST","WN-316","32.750000000","-117.162041000","57192","Uptown MK5 - 2 Hour Max $2.50 HR, 8am-8pm, Mon-Sat, Prepay, NFC","8am","8pm","2 hour","Mon-Sat","$2.50 HR","","",""
"Uptown","Mission Hills","300 WEST WASHINGTON ST","WN-319","32.749847000","-117.161913000","57192","Uptown MK5 - 2 Hour Max $2.50 HR, 8am-8pm, Mon-Sat, Prepay, NFC","8am","8pm","2 hour","Mon-Sat","$2.50 HR","","",""
"Uptown","Mission Hills","300 WEST WASHINGTON ST","WN-320","32.750002000","-117.161830000","57192","Uptown MK5 - 2 Hour Max $2.50 HR, 8am-8pm, Mon-Sat, Prepay, NFC","8am","8pm","2 hour","Mon-Sat","$2.50 HR","","",""
"Uptown","Mission Hills","400 WEST WASHINGTON ST","WN-400N","32.749969000","-117.167582000","56949","Uptown MS3 - 2 Hour Max $2.50 HR, 8am-8pm, Mon-Sat, Prepay, NFC","8am","8pm","2 hour","Mon-Sat","$2.50 HR","","",""
"Uptown","Mission Hills","400 WEST WASHINGTON ST","WN-420","32.750004000","-117.168151000","57192","Uptown MK5 - 2 Hour Max $2.50 HR, 8am-8pm, Mon-Sat, Prepay, NFC","8am","8pm","2 hour","Mon-Sat","$2.50 HR","","",""
"Uptown","Mission Hills","400 WEST WASHINGTON ST","WN-422","32.749989000","-117.168003000","57192","Uptown MK5 - 2 Hour Max $2.50 HR, 8am-8pm, Mon-Sat, Prepay, NFC","8am","8pm","2 hour","Mon-Sat","$2.50 HR","","",""
"Uptown","Mission Hills","400 WEST WASHINGTON ST","WN-424","32.749989000","-117.168003000","57192","Uptown MK5 - 2 Hour Max $2.50 HR, 8am-8pm, Mon-Sat, Prepay, NFC","8am","8pm","2 hour","Mon-Sat","$2.50 HR","","",""
"Uptown","Mission Hills","400 WEST WASHINGTON ST","WN-426","32.749993000","-117.167945000","57192","Uptown MK5 - 2 Hour Max $2.50 HR, 8am-8pm, Mon-Sat, Prepay, NFC","8am","8pm","2 hour","Mon-Sat","$2.50 HR","","",""
"Uptown","Mission Hills","400 WEST WASHINGTON ST","WN-428","32.749976000","-117.167835000","57192","Uptown MK5 - 2 Hour Max $2.50 HR, 8am-8pm, Mon-Sat, Prepay, NFC","8am","8pm","2 hour","Mon-Sat","$2.50 HR","","",""
"Uptown","Mission Hills","400 WEST WASHINGTON ST","WN-430","32.749985000","-117.167825000","57192","Uptown MK5 - 2 Hour Max $2.50 HR, 8am-8pm, Mon-Sat, Prepay, NFC","8am","8pm","2 hour","Mon-Sat","$2.50 HR","","",""
"Uptown","Mission Hills","400 WEST WASHINGTON ST","WN-432","32.749985000","-117.167650000","57192","Uptown MK5 - 2 Hour Max $2.50 HR, 8am-8pm, Mon-Sat, Prepay, NFC","8am","8pm","2 hour","Mon-Sat","$2.50 HR","","",""
"Uptown","Mission Hills","400 WEST WASHINGTON ST","WN-434","32.749984000","-117.167644000","57192","Uptown MK5 - 2 Hour Max $2.50 HR, 8am-8pm, Mon-Sat, Prepay, NFC","8am","8pm","2 hour","Mon-Sat","$2.50 HR","","",""
"Uptown","Mission Hills","400 WEST WASHINGTON ST","WN-436","32.749969000","-117.167582000","57192","Uptown MK5 - 2 Hour Max $2.50 HR, 8am-8pm, Mon-Sat, Prepay, NFC","8am","8pm","2 hour","Mon-Sat","$2.50 HR","","",""
"Uptown","Mission Hills","400 WEST WASHINGTON ST","WN-407","32.749716000","-117.167308000","57192","Uptown MK5 - 2 Hour Max $2.50 HR, 8am-8pm, Mon-Sat, Prepay, NFC","8am","8pm","2 hour","Mon-Sat","$2.50 HR","","",""
"Uptown","Mission Hills","400 WEST WASHINGTON ST","WN-409","32.749936000","-117.166533000","57192","Uptown MK5 - 2 Hour Max $2.50 HR, 8am-8pm, Mon-Sat, Prepay, NFC","8am","8pm","2 hour","Mon-Sat","$2.50 HR","","",""
"Uptown","Mission Hills","400 WEST WASHINGTON ST","WN-411","32.749857000","-117.161027000","57192","Uptown MK5 - 2 Hour Max $2.50 HR, 8am-8pm, Mon-Sat, Prepay, NFC","8am","8pm","2 hour","Mon-Sat","$2.50 HR","","",""
"Uptown","Mission Hills","400 WEST WASHINGTON ST","WN-413","32.749858000","-117.160834000","57192","Uptown MK5 - 2 Hour Max $2.50 HR, 8am-8pm, Mon-Sat, Prepay, NFC","8am","8pm","2 hour","Mon-Sat","$2.50 HR","","",""
"Uptown","Mission Hills","400 WEST WASHINGTON ST","WN-419","32.749721000","-117.167844000","57192","Uptown MK5 - 2 Hour Max $2.50 HR, 8am-8pm, Mon-Sat, Prepay, NFC","8am","8pm","2 hour","Mon-Sat","$2.50 HR","","",""
"Uptown","Mission Hills","400 WEST WASHINGTON ST","WN-421","32.749740000","-117.167899000","57192","Uptown MK5 - 2 Hour Max $2.50 HR, 8am-8pm, Mon-Sat, Prepay, NFC","8am","8pm","2 hour","Mon-Sat","$2.50 HR","","",""
"Uptown","Mission Hills","4000 ALBATROSS ST","AL-4008","32.750891000","-117.166253000","57192","Uptown MK5 - 2 Hour Max $2.50 HR, 8am-8pm, Mon-Sat, Prepay, NFC","8am","8pm","2 hour","Mon-Sat","$2.50 HR","","",""
"Uptown","Mission Hills","4000 ALBATROSS ST","AL-4010","32.751180000","-117.166256000","57192","Uptown MK5 - 2 Hour Max $2.50 HR, 8am-8pm, Mon-Sat, Prepay, NFC","8am","8pm","2 hour","Mon-Sat","$2.50 HR","","",""
"Uptown","Mission Hills","4000 ALBATROSS ST","AL-4012","32.751504000","-117.166260000","57192","Uptown MK5 - 2 Hour Max $2.50 HR, 8am-8pm, Mon-Sat, Prepay, NFC","8am","8pm","2 hour","Mon-Sat","$2.50 HR","","",""
"Uptown","Mission Hills","4000 ALBATROSS ST","AL-4001","32.750280000","-117.166063000","12528","30 Min Max 8am-6pm Mon-Sat (Sensor Courtesy)","8am","6pm","30 min","Mon-Sat","","","",""
"Uptown","Mission Hills","4000 ALBATROSS ST","AL-4003","32.750569000","-117.166066000","12528","30 Min Max 8am-6pm Mon-Sat (Sensor Courtesy)","8am","6pm","30 min","Mon-Sat","","","",""
"Uptown","Mission Hills","3900 GOLDFINCH ST","GH-3901","32.748729000","-117.171294000","57192","Uptown MK5 - 2 Hour Max $2.50 HR, 8am-8pm, Mon-Sat, Prepay, NFC","8am","8pm","2 hour","Mon-Sat","$2.50 HR","","",""
"Uptown","Mission Hills","3900 GOLDFINCH ST","GH-3905","32.748845000","-117.171296000","57192","Uptown MK5 - 2 Hour Max $2.50 HR, 8am-8pm, Mon-Sat, Prepay, NFC","8am","8pm","2 hour","Mon-Sat","$2.50 HR","","",""
"Uptown","Mission Hills","3900 GOLDFINCH ST","GH-3907","32.749093000","-117.171298000","57192","Uptown MK5 - 2 Hour Max $2.50 HR, 8am-8pm, Mon-Sat, Prepay, NFC","8am","8pm","2 hour","Mon-Sat","$2.50 HR","","",""
"Uptown","Mission Hills","3900 GOLDFINCH ST","GH-3913","32.749330000","-117.171298000","57192","Uptown MK5 - 2 Hour Max $2.50 HR, 8am-8pm, Mon-Sat, Prepay, NFC","8am","8pm","2 hour","Mon-Sat","$2.50 HR","","",""
"Uptown","Mission Hills","3900 GOLDFINCH ST","GH-3915","32.749567000","-117.171298000","57192","Uptown MK5 - 2 Hour Max $2.50 HR, 8am-8pm, Mon-Sat, Prepay, NFC","8am","8pm","2 hour","Mon-Sat","$2.50 HR","","",""
"Uptown","Mission Hills","4000 GOLDFINCH ST","GH-4018","32.750634000","-117.171490000","57192","Uptown MK5 - 2 Hour Max $2.50 HR, 8am-8pm, Mon-Sat, Prepay, NFC","8am","8pm","2 hour","Mon-Sat","$2.50 HR","","",""
"Uptown","Mission Hills","4000 GOLDFINCH ST","GH-4020","32.751034000","-117.171496000","57192","Uptown MK5 - 2 Hour Max $2.50 HR, 8am-8pm, Mon-Sat, Prepay, NFC","8am","8pm","2 hour","Mon-Sat","$2.50 HR","","",""
"Uptown","Mission Hills","4000 GOLDFINCH ST","GH-4022","32.751143000","-117.171498000","57192","Uptown MK5 - 2 Hour Max $2.50 HR, 8am-8pm, Mon-Sat, Prepay, NFC","8am","8pm","2 hour","Mon-Sat","$2.50 HR","","",""
"Uptown","Mission Hills","4000 GOLDFINCH ST","GH-4014","32.750750000","-117.171491000","12529","15 Min Max 8am-6pm Mon-Sat (Sensor Courtesy)","8am","6pm","15 min","Mon-Sat","","","",""
"Uptown","Mission Hills","4000 GOLDFINCH ST","GH-4016","32.751143000","-117.171498000","12529","15 Min Max 8am-6pm Mon-Sat (Sensor Courtesy)","8am","6pm","15 min","Mon-Sat","","","",""
"Uptown","Mission Hills","4000 HAWK ST","HK-4002","32.750100971","-117.172368206","57192","Uptown MK5 - 2 Hour Max $2.50 HR, 8am-8pm, Mon-Sat, Prepay, NFC","8am","8pm","2 hour","Mon-Sat","$2.50 HR","","",""
"Uptown","Mission Hills","4000 HAWK ST","HK-4003","32.750072000","-117.172220000","57192","Uptown MK5 - 2 Hour Max $2.50 HR, 8am-8pm, Mon-Sat, Prepay, NFC","8am","8pm","2 hour","Mon-Sat","$2.50 HR","","",""
"Uptown","Mission Hills","4000 HAWK ST","HK-4004","32.750202766","-117.172386646","57192","Uptown MK5 - 2 Hour Max $2.50 HR, 8am-8pm, Mon-Sat, Prepay, NFC","8am","8pm","2 hour","Mon-Sat","$2.50 HR","","",""
"Uptown","Mission Hills","4000 HAWK ST","HK-4005","32.750305000","-117.172221000","57192","Uptown MK5 - 2 Hour Max $2.50 HR, 8am-8pm, Mon-Sat, Prepay, NFC","8am","8pm","2 hour","Mon-Sat","$2.50 HR","","",""
"Uptown","Mission Hills","4000 HAWK ST","HK-4006","32.750212353","-117.172379270","57192","Uptown MK5 - 2 Hour Max $2.50 HR, 8am-8pm, Mon-Sat, Prepay, NFC","8am","8pm","2 hour","Mon-Sat","$2.50 HR","","",""
"Uptown","Mission Hills","4000 HAWK ST","HK-4013","32.750616000","-117.172224000","57192","Uptown MK5 - 2 Hour Max $2.50 HR, 8am-8pm, Mon-Sat, Prepay, NFC","8am","8pm","2 hour","Mon-Sat","$2.50 HR","","",""
"Uptown","Mission Hills","4000 HAWK ST","HK-4017","32.750732000","-117.172225000","57192","Uptown MK5 - 2 Hour Max $2.50 HR, 8am-8pm, Mon-Sat, Prepay, NFC","8am","8pm","2 hour","Mon-Sat","$2.50 HR","","",""
"Uptown","Mission Hills","4000 HAWK ST","HK-4021","32.750908000","-117.172226000","57192","Uptown MK5 - 2 Hour Max $2.50 HR, 8am-8pm, Mon-Sat, Prepay, NFC","8am","8pm","2 hour","Mon-Sat","$2.50 HR","","",""
"Uptown","Mission Hills","4000 HAWK ST","HK-4023","32.750978000","-117.172226000","57192","Uptown MK5 - 2 Hour Max $2.50 HR, 8am-8pm, Mon-Sat, Prepay, NFC","8am","8pm","2 hour","Mon-Sat","$2.50 HR","","",""
"Uptown","Mission Hills","4000 HAWK ST","HK-4039","32.751189000","-117.172227000","57192","Uptown MK5 - 2 Hour Max $2.50 HR, 8am-8pm, Mon-Sat, Prepay, NFC","8am","8pm","2 hour","Mon-Sat","$2.50 HR","","",""
"Uptown","Mission Hills","4000 HAWK ST","HK-4041","32.751294000","-117.172227000","57192","Uptown MK5 - 2 Hour Max $2.50 HR, 8am-8pm, Mon-Sat, Prepay, NFC","8am","8pm","2 hour","Mon-Sat","$2.50 HR","","",""
"Uptown","Mission Hills","4000 HAWK ST","HK-4043","32.751364000","-117.172227000","57192","Uptown MK5 - 2 Hour Max $2.50 HR, 8am-8pm, Mon-Sat, Prepay, NFC","8am","8pm","2 hour","Mon-Sat","$2.50 HR","","",""
"Uptown","Mission Hills","4000 HAWK ST","HK-4049","32.751574000","-117.172228000","57192","Uptown MK5 - 2 Hour Max $2.50 HR, 8am-8pm, Mon-Sat, Prepay, NFC","8am","8pm","2 hour","Mon-Sat","$2.50 HR","","",""
"Uptown","Mission Hills","4000 HAWK ST","HK-4051","32.751679000","-117.172228000","57192","Uptown MK5 - 2 Hour Max $2.50 HR, 8am-8pm, Mon-Sat, Prepay, NFC","8am","8pm","2 hour","Mon-Sat","$2.50 HR","","",""
"Uptown","Mission Hills","4000 HAWK ST","HK-4047","32.751679000","-117.172228000","57192","Uptown MK5 - 2 Hour Max $2.50 HR, 8am-8pm, Mon-Sat, Prepay, NFC","8am","8pm","2 hour","Mon-Sat","$2.50 HR","","",""
"Uptown","Mission Hills","4000 HAWK ST","HK-4008","32.750263674","-117.172387652","57192","Uptown MK5 - 2 Hour Max $2.50 HR, 8am-8pm, Mon-Sat, Prepay, NFC","8am","8pm","2 hour","Mon-Sat","$2.50 HR","","",""
"Uptown","Mission Hills","4000 HAWK ST","HK-4010","32.750278619","-117.172382622","57192","Uptown MK5 - 2 Hour Max $2.50 HR, 8am-8pm, Mon-Sat, Prepay, NFC","8am","8pm","2 hour","Mon-Sat","$2.50 HR","","",""
"Uptown","Mission Hills","4000 HAWK ST","HK-4024","32.750720761","-117.172392010","57192","Uptown MK5 - 2 Hour Max $2.50 HR, 8am-8pm, Mon-Sat, Prepay, NFC","8am","8pm","2 hour","Mon-Sat","$2.50 HR","","",""
"Uptown","Mission Hills","4000 HAWK ST","HK-4026","32.750719633","-117.172396369","57192","Uptown MK5 - 2 Hour Max $2.50 HR, 8am-8pm, Mon-Sat, Prepay, NFC","8am","8pm","2 hour","Mon-Sat","$2.50 HR","","",""
"Uptown","Mission Hills","4000 HAWK ST","HK-4018","32.750573287","-117.172394022","57192","Uptown MK5 - 2 Hour Max $2.50 HR, 8am-8pm, Mon-Sat, Prepay, NFC","8am","8pm","2 hour","Mon-Sat","$2.50 HR","","",""
"Uptown","Mission Hills","4000 HAWK ST","HK-4020","32.750670569","-117.172395028","57192","Uptown MK5 - 2 Hour Max $2.50 HR, 8am-8pm, Mon-Sat, Prepay, NFC","8am","8pm","2 hour","Mon-Sat","$2.50 HR","","",""
"Uptown","Mission Hills","4000 HAWK ST","HK-4022","32.750646883","-117.172392345","57192","Uptown MK5 - 2 Hour Max $2.50 HR, 8am-8pm, Mon-Sat, Prepay, NFC","8am","8pm","2 hour","Mon-Sat","$2.50 HR","","",""
"Uptown","Mission Hills","600 WEST WASHINGTON ST","WN-603","32.749752161","-117.168915197","57192","Uptown MK5 - 2 Hour Max $2.50 HR, 8am-8pm, Mon-Sat, Prepay, NFC","8am","8pm","2 hour","Mon-Sat","$2.50 HR","","",""
"Uptown","Mission Hills","600 WEST WASHINGTON ST","WN-609","32.749739754","-117.169066071","57192","Uptown MK5 - 2 Hour Max $2.50 HR, 8am-8pm, Mon-Sat, Prepay, NFC","8am","8pm","2 hour","Mon-Sat","$2.50 HR","","",""
"Uptown","Mission Hills","600 WEST WASHINGTON ST","WN-611","32.749771336","-117.169199846","57192","Uptown MK5 - 2 Hour Max $2.50 HR, 8am-8pm, Mon-Sat, Prepay, NFC","8am","8pm","2 hour","Mon-Sat","$2.50 HR","","",""
"Uptown","Mission Hills","600 WEST WASHINGTON ST","WN-613","32.749739190","-117.169296741","57192","Uptown MK5 - 2 Hour Max $2.50 HR, 8am-8pm, Mon-Sat, Prepay, NFC","8am","8pm","2 hour","Mon-Sat","$2.50 HR","","",""
"Uptown","Mission Hills","600 WEST WASHINGTON ST","WN-615","32.749742574","-117.169281654","57192","Uptown MK5 - 2 Hour Max $2.50 HR, 8am-8pm, Mon-Sat, Prepay, NFC","8am","8pm","2 hour","Mon-Sat","$2.50 HR","","",""
"Uptown","Mission Hills","800 FORT STOCKTON","FS-800N","32.750924000","-117.171004000","13501","MSPM PBS 2 Hour Max $2.50 HR 8am-8pm Mon-Sat (Fort Stockton)","8am","8pm","2 hour","Mon-Sat","$2.50 HR","","Y",""
"Uptown","Mission Hills","1000 FORT STOCKTON","FS-1001","32.750812583","-117.172480260","57192","Uptown MK5 - 2 Hour Max $2.50 HR, 8am-8pm, Mon-Sat, Prepay, NFC","8am","8pm","2 hour","Mon-Sat","$2.50 HR","","",""
"Uptown","Mission Hills","1000 FORT STOCKTON","FS-1003","32.750807000","-117.172493000","57192","Uptown MK5 - 2 Hour Max $2.50 HR, 8am-8pm, Mon-Sat, Prepay, NFC","8am","8pm","2 hour","Mon-Sat","$2.50 HR","","",""
"Uptown","Mission Hills","1000 FORT STOCKTON","FS-1005","32.750806000","-117.172660000","57192","Uptown MK5 - 2 Hour Max $2.50 HR, 8am-8pm, Mon-Sat, Prepay, NFC","8am","8pm","2 hour","Mon-Sat","$2.50 HR","","",""
"Uptown","University Heights","1700 ADAMS AVE","AD-1700N","32.762534011","-117.147031724","60324","Uptown MS3 PBP - 4 Hour Max $2.50 HR, 8am-8pm Mon-Sat, Prepay, NFC","8am","8pm","4 hour","Mon-Sat","$2.50 HR","","",""
"City","Adjacent Balboa","1800 SIXTH AVE","6-1800E","32.724800391","-117.159353792","59126","City Adjacent Balboa MS3 - 4 Hour Max $2.50 HR, 8am-8pm, Mon-Sun","8am","8pm","4 hour","Mon-Sun","$2.50 HR","","",""
"City","Adjacent Balboa","1800 SIXTH AVE","6-1800W","32.724632566","-117.159565351","59126","City Adjacent Balboa MS3 - 4 Hour Max $2.50 HR, 8am-8pm, Mon-Sun","8am","8pm","4 hour","Mon-Sun","$2.50 HR","","",""
"City","Adjacent Balboa","1900 SIXTH AVE","6-1900E","32.725729210","-117.159368880","59126","City Adjacent Balboa MS3 - 4 Hour Max $2.50 HR, 8am-8pm, Mon-Sun","8am","8pm","4 hour","Mon-Sun","$2.50 HR","","",""
"City","Adjacent Balboa","1900 SIXTH AVE","6-1900W","32.725675337","-117.159547582","59126","City Adjacent Balboa MS3 - 4 Hour Max $2.50 HR, 8am-8pm, Mon-Sun","8am","8pm","4 hour","Mon-Sun","$2.50 HR","","",""
"City","Adjacent Balboa","2000 SIXTH AVE","6-2000E","32.726769431","-117.159354463","59126","City Adjacent Balboa MS3 - 4 Hour Max $2.50 HR, 8am-8pm, Mon-Sun","8am","8pm","4 hour","Mon-Sun","$2.50 HR","","",""
"City","Adjacent Balboa","2000 SIXTH AVE","6-2000W","32.726532787","-117.159499302","59126","City Adjacent Balboa MS3 - 4 Hour Max $2.50 HR, 8am-8pm, Mon-Sun","8am","8pm","4 hour","Mon-Sun","$2.50 HR","","",""
"City","Adjacent Balboa","2100 SIXTH AVE","6-2100E","32.727807947","-117.159346416","59126","City Adjacent Balboa MS3 - 4 Hour Max $2.50 HR, 8am-8pm, Mon-Sun","8am","8pm","4 hour","Mon-Sun","$2.50 HR","","",""
"City","Adjacent Balboa","2100 SIXTH AVE","6-2100W","32.727643229","-117.159552276","59126","City Adjacent Balboa MS3 - 4 Hour Max $2.50 HR, 8am-8pm, Mon-Sun","8am","8pm","4 hour","Mon-Sun","$2.50 HR","","",""
"City","Adjacent Balboa","2200 SIXTH AVE","6-2200E","32.728758170","-117.159331664","59126","City Adjacent Balboa MS3 - 4 Hour Max $2.50 HR, 8am-8pm, Mon-Sun","8am","8pm","4 hour","Mon-Sun","$2.50 HR","","",""
"City","Adjacent Balboa","2200 SIXTH AVE","6-2200W","32.728955321","-117.159526124","59126","City Adjacent Balboa MS3 - 4 Hour Max $2.50 HR, 8am-8pm, Mon-Sun","8am","8pm","4 hour","Mon-Sun","$2.50 HR","","",""
"City","Adjacent Balboa","2300 SIXTH AVE","6-2300E","32.730064041","-117.159284055","59126","City Adjacent Balboa MS3 - 4 Hour Max $2.50 HR, 8am-8pm, Mon-Sun","8am","8pm","4 hour","Mon-Sun","$2.50 HR","","",""
"City","Adjacent Balboa","2300 SIXTH AVE","6-2300W","32.729662974","-117.159572057","59126","City Adjacent Balboa MS3 - 4 Hour Max $2.50 HR, 8am-8pm, Mon-Sun","8am","8pm","4 hour","Mon-Sun","$2.50 HR","","",""
"City","Adjacent Balboa","2400 SIXTH AVE","6-2400W","32.730694123","-117.159539200","59126","City Adjacent Balboa MS3 - 4 Hour Max $2.50 HR, 8am-8pm, Mon-Sun","8am","8pm","4 hour","Mon-Sun","$2.50 HR","","",""
"City","Adjacent Balboa","2500 SIXTH AVE","6-2500W","32.719187000","-117.144733000","59126","City Adjacent Balboa MS3 - 4 Hour Max $2.50 HR, 8am-8pm, Mon-Sun","8am","8pm","4 hour","Mon-Sun","$2.50 HR","","",""
"City","Adjacent Balboa","2500 SIXTH AVE","6-2500E","32.732022811","-117.159279361","59126","City Adjacent Balboa MS3 - 4 Hour Max $2.50 HR, 8am-8pm, Mon-Sun","8am","8pm","4 hour","Mon-Sun","$2.50 HR","","",""
"City","Adjacent Balboa","2600 SIXTH AVE","6-2600E","32.733020935","-117.159335687","59126","City Adjacent Balboa MS3 - 4 Hour Max $2.50 HR, 8am-8pm, Mon-Sun","8am","8pm","4 hour","Mon-Sun","$2.50 HR","","",""
"City","Adjacent Balboa","2600 SIXTH AVE","6-2600W","32.733037000","-117.159590000","59126","City Adjacent Balboa MS3 - 4 Hour Max $2.50 HR, 8am-8pm, Mon-Sun","8am","8pm","4 hour","Mon-Sun","$2.50 HR","","",""
"City","Adjacent Balboa","2700 SIXTH AVE","6-2700E","32.734047533","-117.159299142","59126","City Adjacent Balboa MS3 - 4 Hour Max $2.50 HR, 8am-8pm, Mon-Sun","8am","8pm","4 hour","Mon-Sun","$2.50 HR","","",""
"City","Adjacent Balboa","2700 SIXTH AVE","6-2700W","32.734108451","-117.159535177","59126","City Adjacent Balboa MS3 - 4 Hour Max $2.50 HR, 8am-8pm, Mon-Sun","8am","8pm","4 hour","Mon-Sun","$2.50 HR","","",""
"City","Adjacent Balboa","2800 SIXTH AVE","6-2800E","32.735047326","-117.159284725","59126","City Adjacent Balboa MS3 - 4 Hour Max $2.50 HR, 8am-8pm, Mon-Sun","8am","8pm","4 hour","Mon-Sun","$2.50 HR","","",""
"City","Adjacent Balboa","2800 SIXTH AVE","6-2800W","32.735028712","-117.159509696","59126","City Adjacent Balboa MS3 - 4 Hour Max $2.50 HR, 8am-8pm, Mon-Sun","8am","8pm","4 hour","Mon-Sun","$2.50 HR","","",""
"City","Adjacent Balboa","2900 SIXTH AVE","6-2900E","32.736119307","-117.159294784","59126","City Adjacent Balboa MS3 - 4 Hour Max $2.50 HR, 8am-8pm, Mon-Sun","8am","8pm","4 hour","Mon-Sun","$2.50 HR","","",""
"City","Adjacent Balboa","3000 SIXTH AVE","6-3000E","32.737198889","-117.159235775","59126","City Adjacent Balboa MS3 - 4 Hour Max $2.50 HR, 8am-8pm, Mon-Sun","8am","8pm","4 hour","Mon-Sun","$2.50 HR","","",""
"City","Adjacent Balboa","3000 SIXTH AVE","6-3000W","32.737051674","-117.159534171","59126","City Adjacent Balboa MS3 - 4 Hour Max $2.50 HR, 8am-8pm, Mon-Sun","8am","8pm","4 hour","Mon-Sun","$2.50 HR","","",""
"City","Adjacent Balboa","3100 SIXTH AVE","6-3100E","32.738218106","-117.159250862","59126","City Adjacent Balboa MS3 - 4 Hour Max $2.50 HR, 8am-8pm, Mon-Sun","8am","8pm","4 hour","Mon-Sun","$2.50 HR","","",""
"City","Adjacent Balboa","3100 SIXTH AVE","6-3100W","32.738251102","-117.159528471","59126","City Adjacent Balboa MS3 - 4 Hour Max $2.50 HR, 8am-8pm, Mon-Sun","8am","8pm","4 hour","Mon-Sun","$2.50 HR","","",""
"City","Adjacent Balboa","3200 SIXTH AVE","6-3200E","32.739489715","-117.159319594","59126","City Adjacent Balboa MS3 - 4 Hour Max $2.50 HR, 8am-8pm, Mon-Sun","8am","8pm","4 hour","Mon-Sun","$2.50 HR","","",""
"City","Adjacent Balboa","3200 SIXTH AVE","6-3200W","32.739324172","-117.159504331","59126","City Adjacent Balboa MS3 - 4 Hour Max $2.50 HR, 8am-8pm, Mon-Sun","8am","8pm","4 hour","Mon-Sun","$2.50 HR","","",""
"City","Adjacent Balboa","3300 SIXTH AVE","6-3300E","32.740310088","-117.159322947","59126","City Adjacent Balboa MS3 - 4 Hour Max $2.50 HR, 8am-8pm, Mon-Sun","8am","8pm","4 hour","Mon-Sun","$2.50 HR","","",""
"City","Adjacent Balboa","3300 SIXTH AVE","6-3300W","32.740185439","-117.159531153","59126","City Adjacent Balboa MS3 - 4 Hour Max $2.50 HR, 8am-8pm, Mon-Sun","8am","8pm","4 hour","Mon-Sun","$2.50 HR","","",""
"City","Adjacent Balboa","1900 Park Blvd","PB-1900W","32.727011433","-117.149307914","59126","City Adjacent Balboa MS3 - 4 Hour Max $2.50 HR, 8am-8pm, Mon-Sun","8am","8pm","4 hour","Mon-Sun","$2.50 HR","","",""
"City","Adjacent Balboa","2200 Park Blvd","PB-2200W","32.728180253","-117.147039100","59126","City Adjacent Balboa MS3 - 4 Hour Max $2.50 HR, 8am-8pm, Mon-Sun","8am","8pm","4 hour","Mon-Sun","$2.50 HR","","",""
"City","Adjacent Balboa","2400 Park Blvd","PB-2400E","32.730657740","-117.146113067","59126","City Adjacent Balboa MS3 - 4 Hour Max $2.50 HR, 8am-8pm, Mon-Sun","8am","8pm","4 hour","Mon-Sun","$2.50 HR","","",""
"City","Mission Beach","800 WEST MISSION BAY DR","WMB-826","32.772103000","-117.250691000","45425","30 min upon entry with sensor, M-Sat 8am-6pm","8am","6pm","30 min","M-Sat","","","",""
"City","Mission Beach","800 WEST MISSION BAY DR","WMB-828","32.772115000","-117.250206000","45425","30 min upon entry with sensor, M-Sat 8am-6pm","8am","6pm","30 min","M-Sat","","","",""
"City","Mission Beach","800 WEST MISSION BAY DR","WMB-838","32.772123000","-117.249852000","45425","30 min upon entry with sensor, M-Sat 8am-6pm","8am","6pm","30 min","M-Sat","","","",""
"City","Mission Beach","800 WEST MISSION BAY DR","WMB-840","32.772126000","-117.249702000","45425","30 min upon entry with sensor, M-Sat 8am-6pm","8am","6pm","30 min","M-Sat","","","",""
"City","Point Loma","2700 SHELTER ISLAND DR","S-2707","32.721025000","-117.228565000","9000","2 Hour Max $2.50 HR 8am-6pm Mon-Sat (NFC)","8am","6pm","2 hour","Mon-Sat","$2.50 HR","","",""
"City","Point Loma","2700 SHELTER ISLAND DR","S-2712","32.721192000","-117.228530000","9000","2 Hour Max $2.50 HR 8am-6pm Mon-Sat (NFC)","8am","6pm","2 hour","Mon-Sat","$2.50 HR","","",""
"City","Point Loma","2700 SHELTER ISLAND DR","S-2713","32.721110000","-117.228706000","9000","2 Hour Max $2.50 HR 8am-6pm Mon-Sat (NFC)","8am","6pm","2 hour","Mon-Sat","$2.50 HR","","",""
"City","Point Loma","2700 SHELTER ISLAND DR","S-2714","32.721284000","-117.228681000","9000","2 Hour Max $2.50 HR 8am-6pm Mon-Sat (NFC)","8am","6pm","2 hour","Mon-Sat","$2.50 HR","","",""
"City","Point Loma","2700 SHELTER ISLAND DR","S-2717","32.721195000","-117.228847000","9000","2 Hour Max $2.50 HR 8am-6pm Mon-Sat (NFC)","8am","6pm","2 hour","Mon-Sat","$2.50 HR","","",""
"City","Point Loma","2700 SHELTER ISLAND DR","S-2720","32.721369000","-117.228823000","9000","2 Hour Max $2.50 HR 8am-6pm Mon-Sat (NFC)","8am","6pm","2 hour","Mon-Sat","$2.50 HR","","",""
"City","Barrio Logan","1000 CESAR CHAVEZ WAY","CC-1015","32.699987000","-117.145539000","9000","2 Hour Max $2.50 HR 8am-6pm Mon-Sat (NFC)","8am","6pm","2 hour","Mon-Sat","$2.50 HR","","",""
"City","Barrio Logan","1000 CESAR CHAVEZ WAY","CC-1017","32.699985000","-117.145540000","9000","2 Hour Max $2.50 HR 8am-6pm Mon-Sat (NFC)","8am","6pm","2 hour","Mon-Sat","$2.50 HR","","",""
"City","Barrio Logan","1000 CESAR CHAVEZ WAY","CC-1019","32.699981000","-117.145545000","9000","2 Hour Max $2.50 HR 8am-6pm Mon-Sat (NFC)","8am","6pm","2 hour","Mon-Sat","$2.50 HR","","",""
"City","Barrio Logan","1100 CESAR CHAVEZ WAY","CC-1103","32.699544000","-117.145973000","9000","2 Hour Max $2.50 HR 8am-6pm Mon-Sat (NFC)","8am","6pm","2 hour","Mon-Sat","$2.50 HR","","",""
"City","Barrio Logan","1100 CESAR CHAVEZ WAY","CC-1105","32.699545000","-117.145973000","9000","2 Hour Max $2.50 HR 8am-6pm Mon-Sat (NFC)","8am","6pm","2 hour","Mon-Sat","$2.50 HR","","",""
"City","Barrio Logan","1100 CESAR CHAVEZ WAY","CC-1107","32.699490000","-117.146065000","9000","2 Hour Max $2.50 HR 8am-6pm Mon-Sat (NFC)","8am","6pm","2 hour","Mon-Sat","$2.50 HR","","",""
"City","Barrio Logan","1100 CESAR CHAVEZ WAY","CC-1109","32.699491000","-117.146065000","9000","2 Hour Max $2.50 HR 8am-6pm Mon-Sat (NFC)","8am","6pm","2 hour","Mon-Sat","$2.50 HR","","",""
"City","Barrio Logan","1100 CESAR CHAVEZ WAY","CC-1111","32.699629000","-117.145915000","9000","2 Hour Max $2.50 HR 8am-6pm Mon-Sat (NFC)","8am","6pm","2 hour","Mon-Sat","$2.50 HR","","",""
"City","Barrio Logan","1100 CESAR CHAVEZ WAY","CC-1115","32.699501000","-117.145978000","9000","2 Hour Max $2.50 HR 8am-6pm Mon-Sat (NFC)","8am","6pm","2 hour","Mon-Sat","$2.50 HR","","",""
"City","Barrio Logan","1100 CESAR CHAVEZ WAY","CC-1117","32.699556000","-117.146053000","9000","2 Hour Max $2.50 HR 8am-6pm Mon-Sat (NFC)","8am","6pm","2 hour","Mon-Sat","$2.50 HR","","",""
"City","Barrio Logan","1800 MAIN ST","MN-1827","32.699751000","-117.147804000","9000","2 Hour Max $2.50 HR 8am-6pm Mon-Sat (NFC)","8am","6pm","2 hour","Mon-Sat","$2.50 HR","","",""
"City","Barrio Logan","1800 MAIN ST","MN-1829","32.699391000","-117.147282000","9000","2 Hour Max $2.50 HR 8am-6pm Mon-Sat (NFC)","8am","6pm","2 hour","Mon-Sat","$2.50 HR","","",""
"City","Barrio Logan","2800 MAIN ST","MN-2812","32.692886000","-117.133316000","9000","2 Hour Max $2.50 HR 8am-6pm Mon-Sat (NFC)","8am","6pm","2 hour","Mon-Sat","$2.50 HR","","",""
"City","Barrio Logan","2800 MAIN ST","MN-2814","32.692890000","-117.133124000","9000","2 Hour Max $2.50 HR 8am-6pm Mon-Sat (NFC)","8am","6pm","2 hour","Mon-Sat","$2.50 HR","","",""
"City","Barrio Logan","2800 MAIN ST","MN-2816","32.692891000","-117.132968000","9000","2 Hour Max $2.50 HR 8am-6pm Mon-Sat (NFC)","8am","6pm","2 hour","Mon-Sat","$2.50 HR","","",""
"City","Barrio Logan","2800 MAIN ST","MN-2824","32.692891000","-117.132815000","9000","2 Hour Max $2.50 HR 8am-6pm Mon-Sat (NFC)","8am","6pm","2 hour","Mon-Sat","$2.50 HR","","",""
"City","Barrio Logan","2800 MAIN ST","MN-2826","32.692892000","-117.132661000","9000","2 Hour Max $2.50 HR 8am-6pm Mon-Sat (NFC)","8am","6pm","2 hour","Mon-Sat","$2.50 HR","","",""
"City","Barrio Logan","2800 MAIN ST","MN-2828","32.692892000","-117.132508000","9000","2 Hour Max $2.50 HR 8am-6pm Mon-Sat (NFC)","8am","6pm","2 hour","Mon-Sat","$2.50 HR","","",""
"City","Barrio Logan","2800 MAIN ST","MN-2830","32.692892000","-117.132354000","9000","2 Hour Max $2.50 HR 8am-6pm Mon-Sat (NFC)","8am","6pm","2 hour","Mon-Sat","$2.50 HR","","",""
"City","Barrio Logan","2800 MAIN ST","MN-2838","32.692892000","-117.132162000","9000","2 Hour Max $2.50 HR 8am-6pm Mon-Sat (NFC)","8am","6pm","2 hour","Mon-Sat","$2.50 HR","","",""
"City","Barrio Logan","2800 MAIN ST","MN-2840","32.692892000","-117.132009000","9000","2 Hour Max $2.50 HR 8am-6pm Mon-Sat (NFC)","8am","6pm","2 hour","Mon-Sat","$2.50 HR","","",""
"City","Barrio Logan","2800 MAIN ST","MN-2842","32.692893000","-117.131855000","9000","2 Hour Max $2.50 HR 8am-6pm Mon-Sat (NFC)","8am","6pm","2 hour","Mon-Sat","$2.50 HR","","",""
"City","Barrio Logan","2900 NATIONAL AVE","NL-2928","32.696027000","-117.130042000","8999","1 Hour Max $2.50 HR 8am-6pm Mon-Sat (NFC)","8am","6pm","1 hour","Mon-Sat","$2.50 HR","","",""
"City","Midtown","2900 PACIFIC HIGHWAY","P-2912","32.732920000","-117.175691000","9268","9 Hour Max $2.50 HR 8am-6pm Mon-Sat (NFC)","8am","6pm","9 hour","Mon-Sat","$2.50 HR","","",""
"City","Midtown","2900 PACIFIC HIGHWAY","P-2914","32.733003000","-117.175763000","9268","9 Hour Max $2.50 HR 8am-6pm Mon-Sat (NFC)","8am","6pm","9 hour","Mon-Sat","$2.50 HR","","",""
"City","Midtown","2900 PACIFIC HIGHWAY","P-2916","32.733105000","-117.175854000","9268","9 Hour Max $2.50 HR 8am-6pm Mon-Sat (NFC)","8am","6pm","9 hour","Mon-Sat","$2.50 HR","","",""
"City","Midtown","2900 PACIFIC HIGHWAY","P-2918","32.733187000","-117.175926000","9268","9 Hour Max $2.50 HR 8am-6pm Mon-Sat (NFC)","8am","6pm","9 hour","Mon-Sat","$2.50 HR","","",""
"City","Midtown","2900 PACIFIC HIGHWAY","P-2920","32.733290000","-117.176016000","9268","9 Hour Max $2.50 HR 8am-6pm Mon-Sat (NFC)","8am","6pm","9 hour","Mon-Sat","$2.50 HR","","",""
"City","Midtown","2900 PACIFIC HIGHWAY","P-2922","32.733372000","-117.176088000","9268","9 Hour Max $2.50 HR 8am-6pm Mon-Sat (NFC)","8am","6pm","9 hour","Mon-Sat","$2.50 HR","","",""
"City","Midtown","2900 PACIFIC HIGHWAY","P-2924","32.733474000","-117.176178000","9268","9 Hour Max $2.50 HR 8am-6pm Mon-Sat (NFC)","8am","6pm","9 hour","Mon-Sat","$2.50 HR","","",""
"City","Midtown","2900 PACIFIC HIGHWAY","P-2926","32.733556000","-117.176250000","9268","9 Hour Max $2.50 HR 8am-6pm Mon-Sat (NFC)","8am","6pm","9 hour","Mon-Sat","$2.50 HR","","",""
"City","Midtown","2700 KETTNER BLVD","KT-2700","32.732113000","-117.172983000","12494","2 Hour Max $2.50 HR 8am-6pm Mon-Sat (Mobile Pay) (NFC)","8am","6pm","2 hour","Mon-Sat","$2.50 HR","Y","",""
"City","Midtown","2700 KETTNER BLVD","KT-2702","32.732216000","-117.173028000","12494","2 Hour Max $2.50 HR 8am-6pm Mon-Sat (Mobile Pay) (NFC)","8am","6pm","2 hour","Mon-Sat","$2.50 HR","Y","",""
"City","Midtown","2700 KETTNER BLVD","KT-2704","32.732320000","-117.173073000","12494","2 Hour Max $2.50 HR 8am-6pm Mon-Sat (Mobile Pay) (NFC)","8am","6pm","2 hour","Mon-Sat","$2.50 HR","Y","",""
"City","Midtown","2700 KETTNER BLVD","KT-2706","32.732438000","-117.173124000","12494","2 Hour Max $2.50 HR 8am-6pm Mon-Sat (Mobile Pay) (NFC)","8am","6pm","2 hour","Mon-Sat","$2.50 HR","Y","",""
"City","Midtown","2700 KETTNER BLVD","KT-2708","32.732538000","-117.173168000","12494","2 Hour Max $2.50 HR 8am-6pm Mon-Sat (Mobile Pay) (NFC)","8am","6pm","2 hour","Mon-Sat","$2.50 HR","Y","",""
"City","Midtown","2700 KETTNER BLVD","KT-2710","32.732636000","-117.173218000","12494","2 Hour Max $2.50 HR 8am-6pm Mon-Sat (Mobile Pay) (NFC)","8am","6pm","2 hour","Mon-Sat","$2.50 HR","Y","",""
"City","Mission Hills","3400 SUTHERLAND ST","SU-3409","32.742095482","-117.186055853","9000","2 Hour Max $2.50 HR 8am-6pm Mon-Sat (NFC)","8am","6pm","2 hour","Mon-Sat","$2.50 HR","","",""
"City","Mission Hills","3400 SUTHERLAND ST","SU-3411","32.742073000","-117.185986000","9000","2 Hour Max $2.50 HR 8am-6pm Mon-Sat (NFC)","8am","6pm","2 hour","Mon-Sat","$2.50 HR","","",""
"City","Mission Hills","3400 SUTHERLAND ST","SU-3415","32.741781045","-117.186216451","9000","2 Hour Max $2.50 HR 8am-6pm Mon-Sat (NFC)","8am","6pm","2 hour","Mon-Sat","$2.50 HR","","",""
"City","Mission Hills","3800 PACIFIC HIGHWAY","P-3801","32.741370000","-117.186080000","9000","2 Hour Max $2.50 HR 8am-6pm Mon-Sat (NFC)","8am","6pm","2 hour","Mon-Sat","$2.50 HR","","",""
"City","Mission Hills","3800 PACIFIC HIGHWAY","P-3803","32.741456000","-117.186292000","9000","2 Hour Max $2.50 HR 8am-6pm Mon-Sat (NFC)","8am","6pm","2 hour","Mon-Sat","$2.50 HR","","",""
"City","Mission Hills","3800 PACIFIC HIGHWAY","P-3805","32.741543000","-117.186504000","9000","2 Hour Max $2.50 HR 8am-6pm Mon-Sat (NFC)","8am","6pm","2 hour","Mon-Sat","$2.50 HR","","",""
"City","Mission Hills","3800 PACIFIC HIGHWAY","P-3811","32.741690000","-117.186869000","9000","2 Hour Max $2.50 HR 8am-6pm Mon-Sat (NFC)","8am","6pm","2 hour","Mon-Sat","$2.50 HR","","",""
"City","Mission Hills","3800 PACIFIC HIGHWAY","P-3813","32.741710000","-117.186921000","9000","2 Hour Max $2.50 HR 8am-6pm Mon-Sat (NFC)","8am","6pm","2 hour","Mon-Sat","$2.50 HR","","",""
"City","Mission Hills","3800 PACIFIC HIGHWAY","P-3815","32.741730000","-117.186974000","9000","2 Hour Max $2.50 HR 8am-6pm Mon-Sat (NFC)","8am","6pm","2 hour","Mon-Sat","$2.50 HR","","",""
"City","Mission Hills","3800 PACIFIC HIGHWAY","P-3821","32.741751000","-117.187026000","9000","2 Hour Max $2.50 HR 8am-6pm Mon-Sat (NFC)","8am","6pm","2 hour","Mon-Sat","$2.50 HR","","",""
"Mid-City","Golden Hill","1200 TWENTY EIGHTH ST","28-1231","32.718762000","-117.133666434","56969","Mid City MK5 - 2 Hour Max $2.50 HR, 8am - 8pm, Mon-Sat, Prepay, NFC","8am","8pm","2 hour","Mon-Sat","$2.50 HR","","",""
"Mid-City","Golden Hill","1200 TWENTY EIGHTH ST","28-1233","32.718807000","-117.133669000","56969","Mid City MK5 - 2 Hour Max $2.50 HR, 8am - 8pm, Mon-Sat, Prepay, NFC","8am","8pm","2 hour","Mon-Sat","$2.50 HR","","",""
"Mid-City","Golden Hill","1200 TWENTY EIGHTH ST","28-1223","32.718714000","-117.133758000","56969","Mid City MK5 - 2 Hour Max $2.50 HR, 8am - 8pm, Mon-Sat, Prepay, NFC","8am","8pm","2 hour","Mon-Sat","$2.50 HR","","",""
"Mid-City","Golden Hill","1200 TWENTY EIGHTH ST","28-1225","32.718764000","-117.133740000","56969","Mid City MK5 - 2 Hour Max $2.50 HR, 8am - 8pm, Mon-Sat, Prepay, NFC","8am","8pm","2 hour","Mon-Sat","$2.50 HR","","",""
"Mid-City","Golden Hill","1200 TWENTY EIGHTH ST","28-1227","32.718716000","-117.133749000","56969","Mid City MK5 - 2 Hour Max $2.50 HR, 8am - 8pm, Mon-Sat, Prepay, NFC","8am","8pm","2 hour","Mon-Sat","$2.50 HR","","",""
"Mid-City","Golden Hill","1200 TWENTY EIGHTH ST","28-1229","32.718762000","-117.133649000","56969","Mid City MK5 - 2 Hour Max $2.50 HR, 8am - 8pm, Mon-Sat, Prepay, NFC","8am","8pm","2 hour","Mon-Sat","$2.50 HR","","",""
"Mid-City","Golden Hill","2800 A ST","A-2801","32.718965000","-117.133617000","56969","Mid City MK5 - 2 Hour Max $2.50 HR, 8am - 8pm, Mon-Sat, Prepay, NFC","8am","8pm","2 hour","Mon-Sat","$2.50 HR","","",""
"Mid-City","Golden Hill","2800 A ST","A-2803","32.718964000","-117.133567000","56969","Mid City MK5 - 2 Hour Max $2.50 HR, 8am - 8pm, Mon-Sat, Prepay, NFC","8am","8pm","2 hour","Mon-Sat","$2.50 HR","","",""
"Mid-City","Golden Hill","1900 BROADWAY","D-1910","32.715889000","-117.146272000","56969","Mid City MK5 - 2 Hour Max $2.50 HR, 8am - 8pm, Mon-Sat, Prepay, NFC","8am","8pm","2 hour","Mon-Sat","$2.50 HR","","",""
"Mid-City","Golden Hill","1900 BROADWAY","D-1914","32.715883000","-117.146124000","56969","Mid City MK5 - 2 Hour Max $2.50 HR, 8am - 8pm, Mon-Sat, Prepay, NFC","8am","8pm","2 hour","Mon-Sat","$2.50 HR","","",""
"Mid-City","Golden Hill","1900 BROADWAY","D-1916","32.715786000","-117.146029000","56969","Mid City MK5 - 2 Hour Max $2.50 HR, 8am - 8pm, Mon-Sat, Prepay, NFC","8am","8pm","2 hour","Mon-Sat","$2.50 HR","","",""
"Mid-City","City Heights","3600 EL CAJON BLVD","EL-3600S2","32.755108231","-117.114422433","60429","Mid City MS3 PBP - 2 Hour Max $2.50 HR, 8am - 8pm, Mon-Sat, Prepay, NFC","8am","8pm","2 hour","Mon-Sat","$2.50 HR","","",""
"Mid-City","City Heights","3600 EL CAJON BLVD","EL-3600S1","32.755089903","-117.115099690","60429","Mid City MS3 PBP - 2 Hour Max $2.50 HR, 8am - 8pm, Mon-Sat, Prepay, NFC","8am","8pm","2 hour","Mon-Sat","$2.50 HR","","",""
"Mid-City","City Heights","3500 EL CAJON BLVD","EL-3500S2","32.755131634","-117.116534337","60429","Mid City MS3 PBP - 2 Hour Max $2.50 HR, 8am - 8pm, Mon-Sat, Prepay, NFC","8am","8pm","2 hour","Mon-Sat","$2.50 HR","","",""
"Mid-City","City Heights","3500 EL CAJON BLVD","EL-3503","32.755104848","-117.117211595","56969","Mid City MK5 - 2 Hour Max $2.50 HR, 8am - 8pm, Mon-Sat, Prepay, NFC","8am","8pm","2 hour","Mon-Sat","$2.50 HR","","",""
"Mid-City","City Heights","3500 EL CAJON BLVD","EL-3505","32.755099490","-117.117028869","56969","Mid City MK5 - 2 Hour Max $2.50 HR, 8am - 8pm, Mon-Sat, Prepay, NFC","8am","8pm","2 hour","Mon-Sat","$2.50 HR","","",""
"Mid-City","City Heights","3500 EL CAJON BLVD","EL-3507","32.755125713","-117.116991654","56969","Mid City MK5 - 2 Hour Max $2.50 HR, 8am - 8pm, Mon-Sat, Prepay, NFC","8am","8pm","2 hour","Mon-Sat","$2.50 HR","","",""
"Mid-City","City Heights","3400 EL CAJON BLVD","EL-3400S2","32.755113306","-117.118757553","60429","Mid City MS3 PBP - 2 Hour Max $2.50 HR, 8am - 8pm, Mon-Sat, Prepay, NFC","8am","8pm","2 hour","Mon-Sat","$2.50 HR","","",""
"Mid-City","City Heights","3400 EL CAJON BLVD","EL-3400S1","32.755082008","-117.119311094","60429","Mid City MS3 PBP - 2 Hour Max $2.50 HR, 8am - 8pm, Mon-Sat, Prepay, NFC","8am","8pm","2 hour","Mon-Sat","$2.50 HR","","",""
"Mid-City","City Heights","3300 EL CAJON BLVD","EL-3300S2","32.755146578","-117.120419181","60429","Mid City MS3 PBP - 2 Hour Max $2.50 HR, 8am - 8pm, Mon-Sat, Prepay, NFC","8am","8pm","2 hour","Mon-Sat","$2.50 HR","","",""
"Mid-City","City Heights","3300 EL CAJON BLVD","EL-3300S1","32.755151936","-117.121955081","60429","Mid City MS3 PBP - 2 Hour Max $2.50 HR, 8am - 8pm, Mon-Sat, Prepay, NFC","8am","8pm","2 hour","Mon-Sat","$2.50 HR","","",""
"Mid-City","Normal Heights","3100 ADAMS AVE","AD-3174","32.719187000","-117.144733000","60500","Mid City MK7 - 4 Hour Max $2.50 HR, 8am-8pm Mon-Sat, Prepay, NFC","8am","8pm","4 hour","Mon-Sat","$2.50 HR","","",""
"Mid-City","Normal Heights","3100 ADAMS AVE","AD-3172","32.719187000","-117.144733000","60500","Mid City MK7 - 4 Hour Max $2.50 HR, 8am-8pm Mon-Sat, Prepay, NFC","8am","8pm","4 hour","Mon-Sat","$2.50 HR","","",""
"Mid-City","Normal Heights","3100 ADAMS AVE","AD-3170","32.763466947","-117.125772200","60500","Mid City MK7 - 4 Hour Max $2.50 HR, 8am-8pm Mon-Sat, Prepay, NFC","8am","8pm","4 hour","Mon-Sat","$2.50 HR","","",""
"Mid-City","Normal Heights","3100 ADAMS AVE","AD-3150","32.763441009","-117.126209735","60500","Mid City MK7 - 4 Hour Max $2.50 HR, 8am-8pm Mon-Sat, Prepay, NFC","8am","8pm","4 hour","Mon-Sat","$2.50 HR","","",""
"Mid-City","Normal Heights","3100 ADAMS AVE","AD-3169","32.763317238","-117.125732302","60500","Mid City MK7 - 4 Hour Max $2.50 HR, 8am-8pm Mon-Sat, Prepay, NFC","8am","8pm","4 hour","Mon-Sat","$2.50 HR","","",""
"Mid-City","Normal Heights","3100 ADAMS AVE","AD-3171","32.763322031","-117.125719562","60500","Mid City MK7 - 4 Hour Max $2.50 HR, 8am-8pm Mon-Sat, Prepay, NFC","8am","8pm","4 hour","Mon-Sat","$2.50 HR","","",""
"Mid-City","Normal Heights","3100 ADAMS AVE","AD-3173","32.763305397","-117.125593833","60500","Mid City MK7 - 4 Hour Max $2.50 HR, 8am-8pm Mon-Sat, Prepay, NFC","8am","8pm","4 hour","Mon-Sat","$2.50 HR","","",""
"Mid-City","Normal Heights","3100 ADAMS AVE","AD-3175","32.763320058","-117.125368528","60500","Mid City MK7 - 4 Hour Max $2.50 HR, 8am-8pm Mon-Sat, Prepay, NFC","8am","8pm","4 hour","Mon-Sat","$2.50 HR","","",""
"Mid-City","Normal Heights","3100 ADAMS AVE","AD-3151","32.763307371","-117.126411572","60500","Mid City MK7 - 4 Hour Max $2.50 HR, 8am-8pm Mon-Sat, Prepay, NFC","8am","8pm","4 hour","Mon-Sat","$2.50 HR","","",""
"Mid-City","Normal Heights","3100 ADAMS AVE","AD-3153","32.763331899","-117.126402854","60500","Mid City MK7 - 4 Hour Max $2.50 HR, 8am-8pm Mon-Sat, Prepay, NFC","8am","8pm","4 hour","Mon-Sat","$2.50 HR","","",""
"Mid-City","Normal Heights","3100 ADAMS AVE","AD-3155","32.763295247","-117.126337476","60500","Mid City MK7 - 4 Hour Max $2.50 HR, 8am-8pm Mon-Sat, Prepay, NFC","8am","8pm","4 hour","Mon-Sat","$2.50 HR","","",""
"Mid-City","Normal Heights","3300 ADAMS AVE","AD-3300S1","32.763317802","-117.122239060","60499","Mid City MS3 PBP - 4 Hour Max $2.50 HR, 8am-8pm Mon-Sat, Prepay, NFC","8am","8pm","4 hour","Mon-Sat","$2.50 HR","","",""
"Mid-City","Normal Heights","3300 ADAMS AVE","AD-3300N1","32.763462436","-117.122201845","60499","Mid City MS3 PBP - 4 Hour Max $2.50 HR, 8am-8pm Mon-Sat, Prepay, NFC","8am","8pm","4 hour","Mon-Sat","$2.50 HR","","",""
"Mid-City","Normal Heights","3300 ADAMS AVE","AD-3300S2","32.763279177","-117.121241614","60499","Mid City MS3 PBP - 4 Hour Max $2.50 HR, 8am-8pm Mon-Sat, Prepay, NFC","8am","8pm","4 hour","Mon-Sat","$2.50 HR","","",""
"Mid-City","Normal Heights","3300 ADAMS AVE","AD-3300N2","32.763441291","-117.121281512","60499","Mid City MS3 PBP - 4 Hour Max $2.50 HR, 8am-8pm Mon-Sat, Prepay, NFC","8am","8pm","4 hour","Mon-Sat","$2.50 HR","","",""
"Mid-City","Normal Heights","3400 ADAMS AVE","AD-3400N3","32.763385467","-117.117929756","60499","Mid City MS3 PBP - 4 Hour Max $2.50 HR, 8am-8pm Mon-Sat, Prepay, NFC","8am","8pm","4 hour","Mon-Sat","$2.50 HR","","",""
"Mid-City","Normal Heights","3400 ADAMS AVE","AD-3400S3","32.763254930","-117.117864042","60499","Mid City MS3 PBP - 4 Hour Max $2.50 HR, 8am-8pm Mon-Sat, Prepay, NFC","8am","8pm","4 hour","Mon-Sat","$2.50 HR","","",""
"Mid-City","Normal Heights","3400 ADAMS AVE","AD-3400S2","32.763271564","-117.118963077","60499","Mid City MS3 PBP - 4 Hour Max $2.50 HR, 8am-8pm Mon-Sat, Prepay, NFC","8am","8pm","4 hour","Mon-Sat","$2.50 HR","","",""
"Mid-City","Normal Heights","3400 ADAMS AVE","AD-3400S1","32.763410278","-117.120094299","60499","Mid City MS3 PBP - 4 Hour Max $2.50 HR, 8am-8pm Mon-Sat, Prepay, NFC","8am","8pm","4 hour","Mon-Sat","$2.50 HR","","",""
"Mid-City","Normal Heights","3400 ADAMS AVE","AD-3400N1","32.763412533","-117.120004110","60499","Mid City MS3 PBP - 4 Hour Max $2.50 HR, 8am-8pm Mon-Sat, Prepay, NFC","8am","8pm","4 hour","Mon-Sat","$2.50 HR","","",""
"Mid-City","Normal Heights","3400 ADAMS AVE","AD-3452","32.763431423","-117.118941619","60500","Mid City MK7 - 4 Hour Max $2.50 HR, 8am-8pm Mon-Sat, Prepay, NFC","8am","8pm","4 hour","Mon-Sat","$2.50 HR","","",""
"Mid-City","Normal Heights","3400 ADAMS AVE","AD-3454","32.763451441","-117.118922173","60500","Mid City MK7 - 4 Hour Max $2.50 HR, 8am-8pm Mon-Sat, Prepay, NFC","8am","8pm","4 hour","Mon-Sat","$2.50 HR","","",""
"Mid-City","Normal Heights","3500 ADAMS AVE","AD-3500N2","32.763419018","-117.115669324","60499","Mid City MS3 PBP - 4 Hour Max $2.50 HR, 8am-8pm Mon-Sat, Prepay, NFC","8am","8pm","4 hour","Mon-Sat","$2.50 HR","","",""
"Mid-City","Normal Heights","3500 ADAMS AVE","AD-3500N1","32.763407740","-117.116605751","60499","Mid City MS3 PBP - 4 Hour Max $2.50 HR, 8am-8pm Mon-Sat, Prepay, NFC","8am","8pm","4 hour","Mon-Sat","$2.50 HR","","",""
"Mid-City","Normal Heights","3500 ADAMS AVE","AD-3500S1","32.763260005","-117.116847150","60499","Mid City MS3 PBP - 4 Hour Max $2.50 HR, 8am-8pm Mon-Sat, Prepay, NFC","8am","8pm","4 hour","Mon-Sat","$2.50 HR","","",""
"Mid-City","Normal Heights","3500 ADAMS AVE","AD-3500S2","32.763237450","-117.115930169","60499","Mid City MS3 PBP - 4 Hour Max $2.50 HR, 8am-8pm Mon-Sat, Prepay, NFC","8am","8pm","4 hour","Mon-Sat","$2.50 HR","","",""
"Mid-City","Normal Heights","3200 ADAMS AVE","32-4707","32.763725202","-117.124939039","60500","Mid City MK7 - 4 Hour Max $2.50 HR, 8am-8pm Mon-Sat, Prepay, NFC","8am","8pm","4 hour","Mon-Sat","$2.50 HR","","",""
"Mid-City","Normal Heights","3200 ADAMS AVE","AD-3200N2","32.763457643","-117.123484611","60499","Mid City MS3 PBP - 4 Hour Max $2.50 HR, 8am-8pm Mon-Sat, Prepay, NFC","8am","8pm","4 hour","Mon-Sat","$2.50 HR","","",""
"Mid-City","Normal Heights","3200 ADAMS AVE","AD-3200S1","32.763294401","-117.124346941","60499","Mid City MS3 PBP - 4 Hour Max $2.50 HR, 8am-8pm Mon-Sat, Prepay, NFC","8am","8pm","4 hour","Mon-Sat","$2.50 HR","","",""
"Mid-City","Normal Heights","3200 ADAMS AVE","AD-3200N1","32.763453414","-117.124351635","60499","Mid City MS3 PBP - 4 Hour Max $2.50 HR, 8am-8pm Mon-Sat, Prepay, NFC","8am","8pm","4 hour","Mon-Sat","$2.50 HR","","",""
"Mid-City","Normal Heights","3200 ADAMS AVE","AD-3253","32.719187000","-117.144733000","60500","Mid City MK7 - 4 Hour Max $2.50 HR, 8am-8pm Mon-Sat, Prepay, NFC","8am","8pm","4 hour","Mon-Sat","$2.50 HR","","",""
"Mid-City","Normal Heights","3200 ADAMS AVE","AD-3257","32.763296375","-117.123554348","60500","Mid City MK7 - 4 Hour Max $2.50 HR, 8am-8pm Mon-Sat, Prepay, NFC","8am","8pm","4 hour","Mon-Sat","$2.50 HR","","",""
"Mid-City","Normal Heights","3600 ADAMS AVE","AD-3600S1","32.763254084","-117.114942781","60499","Mid City MS3 PBP - 4 Hour Max $2.50 HR, 8am-8pm Mon-Sat, Prepay, NFC","8am","8pm","4 hour","Mon-Sat","$2.50 HR","","",""
"Mid-City","Normal Heights","3600 ADAMS AVE","AD-3600N1","32.763435088","-117.114815376","60499","Mid City MS3 PBP - 4 Hour Max $2.50 HR, 8am-8pm Mon-Sat, Prepay, NFC","8am","8pm","4 hour","Mon-Sat","$2.50 HR","","",""
"Mid-City","Normal Heights","3600 ADAMS AVE","AD-3600N2","32.763401538","-117.113099433","60498","Mid City MS3 PBP - 4 Hour Max $2.50 HR, 8am-6pm Mon-Sat, Prepay, NFC","8am","6pm","4 hour","Mon-Sat","$2.50 HR","","",""
"Mid-City","Normal Heights","3600 ADAMS AVE","AD-3600S2","32.763217432","-117.113221809","60498","Mid City MS3 PBP - 4 Hour Max $2.50 HR, 8am-6pm Mon-Sat, Prepay, NFC","8am","6pm","4 hour","Mon-Sat","$2.50 HR","","",""
"Mid-City","Normal Heights","3800 ADAMS AVE","AD-3800N","32.763346842","-117.111502848","60498","Mid City MS3 PBP - 4 Hour Max $2.50 HR, 8am-6pm Mon-Sat, Prepay, NFC","8am","6pm","4 hour","Mon-Sat","$2.50 HR","","",""
"Mid-City","Normal Heights","3800 ADAMS AVE","AD-3800S","32.763232375","-117.111723124","60498","Mid City MS3 PBP - 4 Hour Max $2.50 HR, 8am-6pm Mon-Sat, Prepay, NFC","8am","6pm","4 hour","Mon-Sat","$2.50 HR","","",""
"Mid-City","Normal Heights","3900 ADAMS AVE","AD-3900N","32.719187000","-117.144733000","60498","Mid City MS3 PBP - 4 Hour Max $2.50 HR, 8am-6pm Mon-Sat, Prepay, NFC","8am","6pm","4 hour","Mon-Sat","$2.50 HR","","",""
"Mid-City","Normal Heights","4600 BANCROFT","BAN-4675E","32.763080692","-117.123869173","60499","Mid City MS3 PBP - 4 Hour Max $2.50 HR, 8am-8pm Mon-Sat, Prepay, NFC","8am","8pm","4 hour","Mon-Sat","$2.50 HR","","",""
"Mid-City","Normal Heights","4700 BANCROFT","BAN-4700E","32.763542789","-117.123855762","60499","Mid City MS3 PBP - 4 Hour Max $2.50 HR, 8am-8pm Mon-Sat, Prepay, NFC","8am","8pm","4 hour","Mon-Sat","$2.50 HR","","",""
"Mid-City","Normal Heights","4600 FELTON ST","FEL-4675E","32.763040375","-117.121738158","60499","Mid City MS3 PBP - 4 Hour Max $2.50 HR, 8am-8pm Mon-Sat, Prepay, NFC","8am","8pm","4 hour","Mon-Sat","$2.50 HR","","",""
"Mid-City","Normal Heights","4700 FELTON ST","FEL-4702","32.763550401","-117.121838741","60500","Mid City MK7 - 4 Hour Max $2.50 HR, 8am-8pm Mon-Sat, Prepay, NFC","8am","8pm","4 hour","Mon-Sat","$2.50 HR","","",""
"Mid-City","Normal Heights","4700 FELTON ST","FEL-4706","32.719187000","-117.144733000","60500","Mid City MK7 - 4 Hour Max $2.50 HR, 8am-8pm Mon-Sat, Prepay, NFC","8am","8pm","4 hour","Mon-Sat","$2.50 HR","","",""
"Mid-City","Normal Heights","4600 THIRTY THIRD ST","33-4675W","32.763174014","-117.122948504","60499","Mid City MS3 PBP - 4 Hour Max $2.50 HR, 8am-8pm Mon-Sat, Prepay, NFC","8am","8pm","4 hour","Mon-Sat","$2.50 HR","","",""
"Mid-City","Normal Heights","4700 THIRTY THIRD ST","33-4700W","32.763639211","-117.122954539","60499","Mid City MS3 PBP - 4 Hour Max $2.50 HR, 8am-8pm Mon-Sat, Prepay, NFC","8am","8pm","4 hour","Mon-Sat","$2.50 HR","","",""
"Mid-City","Normal Heights","4600 THIRTY FOURTH ST","34-4675W","32.763168657","-117.120711542","60499","Mid City MS3 PBP - 4 Hour Max $2.50 HR, 8am-8pm Mon-Sat, Prepay, NFC","8am","8pm","4 hour","Mon-Sat","$2.50 HR","","",""
"Mid-City","Normal Heights","4700 THIRTY FOURTH ST","34-4700W","32.763641185","-117.120725624","60499","Mid City MS3 PBP - 4 Hour Max $2.50 HR, 8am-8pm Mon-Sat, Prepay, NFC","8am","8pm","4 hour","Mon-Sat","$2.50 HR","","",""
"Mid-City","Normal Heights","4700 HAWLEY BLVD","HAW-4700E","32.719187000","-117.144733000","60499","Mid City MS3 PBP - 4 Hour Max $2.50 HR, 8am-8pm Mon-Sat, Prepay, NFC","8am","8pm","4 hour","Mon-Sat","$2.50 HR","","",""
"Mid-City","Normal Heights","4700 HAWLEY BLVD","HAW-4703","32.763559705","-117.119370438","60500","Mid City MK7 - 4 Hour Max $2.50 HR, 8am-8pm Mon-Sat, Prepay, NFC","8am","8pm","4 hour","Mon-Sat","$2.50 HR","","",""
"Mid-City","Normal Heights","4700 HAWLEY BLVD","HAW-4705","32.763615528","-117.119372114","60500","Mid City MK7 - 4 Hour Max $2.50 HR, 8am-8pm Mon-Sat, Prepay, NFC","8am","8pm","4 hour","Mon-Sat","$2.50 HR","","",""
"Mid-City","Normal Heights","4700 WILSON AVE","WIL-4700W","32.763580286","-117.116321437","60499","Mid City MS3 PBP - 4 Hour Max $2.50 HR, 8am-8pm Mon-Sat, Prepay, NFC","8am","8pm","4 hour","Mon-Sat","$2.50 HR","","",""
"Mid-City","Normal Heights","4700 THIRTY FIFTH ST","35-4700E","32.763569573","-117.117239087","60499","Mid City MS3 PBP - 4 Hour Max $2.50 HR, 8am-8pm Mon-Sat, Prepay, NFC","8am","8pm","4 hour","Mon-Sat","$2.50 HR","","",""
"Mid-City","Normal Heights","4675 WILSON AVE","WIL-4675W","32.763140745","-117.116340883","60499","Mid City MS3 PBP - 4 Hour Max $2.50 HR, 8am-8pm Mon-Sat, Prepay, NFC","8am","8pm","4 hour","Mon-Sat","$2.50 HR","","",""
"Mid-City","Normal Heights","3675 THIRTY FIFTH ST","35-4675E","32.763125802","-117.117225676","60499","Mid City MS3 PBP - 4 Hour Max $2.50 HR, 8am-8pm Mon-Sat, Prepay, NFC","8am","8pm","4 hour","Mon-Sat","$2.50 HR","","",""
"Mid-City","Normal Heights","4675 THIRTY SECOND ST","32-4675W","32.763174014","-117.125074490","60499","Mid City MS3 PBP - 4 Hour Max $2.50 HR, 8am-8pm Mon-Sat, Prepay, NFC","8am","8pm","4 hour","Mon-Sat","$2.50 HR","","",""
"Mid-City","Normal Heights","3200 EL CAJON BLVD","EL-3200N2","32.755434745","-117.122966945","60429","Mid City MS3 PBP - 2 Hour Max $2.50 HR, 8am - 8pm, Mon-Sat, Prepay, NFC","8am","8pm","2 hour","Mon-Sat","$2.50 HR","","",""
"Mid-City","Normal Heights","3200 EL CAJON BLVD","EL-3204","32.755434893","-117.123830545","56969","Mid City MK5 - 2 Hour Max $2.50 HR, 8am - 8pm, Mon-Sat, Prepay, NFC","8am","8pm","2 hour","Mon-Sat","$2.50 HR","","",""
"Mid-City","Normal Heights","3300 EL CAJON BLVD","EL-3300N2","32.755407958","-117.120729312","60429","Mid City MS3 PBP - 2 Hour Max $2.50 HR, 8am - 8pm, Mon-Sat, Prepay, NFC","8am","8pm","2 hour","Mon-Sat","$2.50 HR","","",""
"Mid-City","Normal Heights","3300 EL CAJON BLVD","EL-3300N1","32.755401191","-117.121398188","60429","Mid City MS3 PBP - 2 Hour Max $2.50 HR, 8am - 8pm, Mon-Sat, Prepay, NFC","8am","8pm","2 hour","Mon-Sat","$2.50 HR","","",""
"Mid-City","Normal Heights","3400 EL CAJON BLVD","EL-3400N2","32.755376661","-117.118628472","60429","Mid City MS3 PBP - 2 Hour Max $2.50 HR, 8am - 8pm, Mon-Sat, Prepay, NFC","8am","8pm","2 hour","Mon-Sat","$2.50 HR","","",""
"Mid-City","Normal Heights","3400 EL CAJON BLVD","EL-3400N1","32.755402883","-117.119655758","60429","Mid City MS3 PBP - 2 Hour Max $2.50 HR, 8am - 8pm, Mon-Sat, Prepay, NFC","8am","8pm","2 hour","Mon-Sat","$2.50 HR","","",""
"Mid-City","Normal Heights","3500 EL CAJON BLVD","EL-3500N2","32.755380890","-117.116493098","60429","Mid City MS3 PBP - 2 Hour Max $2.50 HR, 8am - 8pm, Mon-Sat, Prepay, NFC","8am","8pm","2 hour","Mon-Sat","$2.50 HR","","",""
"Mid-City","Normal Heights","3600 EL CAJON BLVD","EL-3600N1","32.755347054","-117.115102373","60429","Mid City MS3 PBP - 2 Hour Max $2.50 HR, 8am - 8pm, Mon-Sat, Prepay, NFC","8am","8pm","2 hour","Mon-Sat","$2.50 HR","","",""
"Mid-City","Normal Heights","3600 EL CAJON BLVD","EL-3600N2","32.755362844","-117.114184722","60429","Mid City MS3 PBP - 2 Hour Max $2.50 HR, 8am - 8pm, Mon-Sat, Prepay, NFC","8am","8pm","2 hour","Mon-Sat","$2.50 HR","","",""
"Mid-City","College","5800 LINDO PASEO","LP-5800","32.771743000","-117.071647000","56969","Mid City MK5 - 2 Hour Max $2.50 HR, 8am - 8pm, Mon-Sat, Prepay, NFC","8am","8pm","2 hour","Mon-Sat","$2.50 HR","","",""
"Mid-City","College","5800 LINDO PASEO","LP-5802","32.771739000","-117.071416000","56969","Mid City MK5 - 2 Hour Max $2.50 HR, 8am - 8pm, Mon-Sat, Prepay, NFC","8am","8pm","2 hour","Mon-Sat","$2.50 HR","","",""
"Mid-City","College","5800 LINDO PASEO","LP-5804","32.771736000","-117.071211000","56969","Mid City MK5 - 2 Hour Max $2.50 HR, 8am - 8pm, Mon-Sat, Prepay, NFC","8am","8pm","2 hour","Mon-Sat","$2.50 HR","","",""
"Mid-City","College","5800 LINDO PASEO","LP-5806","32.771732000","-117.071006000","56969","Mid City MK5 - 2 Hour Max $2.50 HR, 8am - 8pm, Mon-Sat, Prepay, NFC","8am","8pm","2 hour","Mon-Sat","$2.50 HR","","",""
"Mid-City","College","5800 LINDO PASEO","LP-5808","32.771728000","-117.070775000","56969","Mid City MK5 - 2 Hour Max $2.50 HR, 8am - 8pm, Mon-Sat, Prepay, NFC","8am","8pm","2 hour","Mon-Sat","$2.50 HR","","",""
"Mid-City","North Park","1800 UNIVERSITY AVE","UV-1805","32.748352000","-117.146076000","13442","2 Hour Max $2.50 HR 10am-8pm Mon-Sat (Mobile Pay) (NFC)","10am","8pm","2 hour","Mon-Sat","$2.50 HR","Y","",""
"Mid-City","North Park","1800 UNIVERSITY AVE","UV-1807","32.748353000","-117.145855000","13442","2 Hour Max $2.50 HR 10am-8pm Mon-Sat (Mobile Pay) (NFC)","10am","8pm","2 hour","Mon-Sat","$2.50 HR","Y","",""
"Mid-City","North Park","1800 UNIVERSITY AVE","UV-1809","32.748354000","-117.145566000","13442","2 Hour Max $2.50 HR 10am-8pm Mon-Sat (Mobile Pay) (NFC)","10am","8pm","2 hour","Mon-Sat","$2.50 HR","Y","",""
"Mid-City","North Park","1800 UNIVERSITY AVE","UV-1811","32.748355000","-117.145380000","13442","2 Hour Max $2.50 HR 10am-8pm Mon-Sat (Mobile Pay) (NFC)","10am","8pm","2 hour","Mon-Sat","$2.50 HR","Y","",""
"Mid-City","North Park","1800 UNIVERSITY AVE","UV-1813","32.748356000","-117.145194000","13442","2 Hour Max $2.50 HR 10am-8pm Mon-Sat (Mobile Pay) (NFC)","10am","8pm","2 hour","Mon-Sat","$2.50 HR","Y","",""
"Mid-City","North Park","2800 EL CAJON BLVD","EL-2828","32.755479000","-117.132395000","9000","2 Hour Max $2.50 HR 8am-6pm Mon-Sat (NFC)","8am","6pm","2 hour","Mon-Sat","$2.50 HR","","",""
"Mid-City","North Park","2800 EL CAJON BLVD","EL-2838","32.755391000","-117.132456000","56969","Mid City MK5 - 2 Hour Max $2.50 HR, 8am - 8pm, Mon-Sat, Prepay, NFC","8am","8pm","2 hour","Mon-Sat","$2.50 HR","","",""
"Mid-City","North Park","2800 EL CAJON BLVD","EL-2840","32.755393000","-117.132223000","56969","Mid City MK5 - 2 Hour Max $2.50 HR, 8am - 8pm, Mon-Sat, Prepay, NFC","8am","8pm","2 hour","Mon-Sat","$2.50 HR","","",""
"Mid-City","North Park","2900 ADAMS AVE","AD-2902","32.762966000","-117.131243000","56969","Mid City MK5 - 2 Hour Max $2.50 HR, 8am - 8pm, Mon-Sat, Prepay, NFC","8am","8pm","2 hour","Mon-Sat","$2.50 HR","","",""
"Mid-City","North Park","2900 ADAMS AVE","AD-2908","32.762967000","-117.131081000","56969","Mid City MK5 - 2 Hour Max $2.50 HR, 8am - 8pm, Mon-Sat, Prepay, NFC","8am","8pm","2 hour","Mon-Sat","$2.50 HR","","",""
"Mid-City","North Park","2900 ADAMS AVE","AD-2910","32.762969000","-117.130919000","56969","Mid City MK5 - 2 Hour Max $2.50 HR, 8am - 8pm, Mon-Sat, Prepay, NFC","8am","8pm","2 hour","Mon-Sat","$2.50 HR","","",""
"Mid-City","North Park","2900 ADAMS AVE","AD-2916","32.762971000","-117.130374000","56969","Mid City MK5 - 2 Hour Max $2.50 HR, 8am - 8pm, Mon-Sat, Prepay, NFC","8am","8pm","2 hour","Mon-Sat","$2.50 HR","","",""
"Mid-City","North Park","2900 ADAMS AVE","AD-2903","32.762854577","-117.131280116","60500","Mid City MK7 - 4 Hour Max $2.50 HR, 8am-8pm Mon-Sat, Prepay, NFC","8am","8pm","4 hour","Mon-Sat","$2.50 HR","","",""
"Mid-City","North Park","2900 ADAMS AVE","AD-2905","32.762857678","-117.131251953","60500","Mid City MK7 - 4 Hour Max $2.50 HR, 8am-8pm Mon-Sat, Prepay, NFC","8am","8pm","4 hour","Mon-Sat","$2.50 HR","","",""
"Mid-City","North Park","2900 ADAMS AVE","AD-2909","32.762821026","-117.131063528","60500","Mid City MK7 - 4 Hour Max $2.50 HR, 8am-8pm Mon-Sat, Prepay, NFC","8am","8pm","4 hour","Mon-Sat","$2.50 HR","","",""
"Mid-City","North Park","2900 ADAMS AVE","AD-2907","32.719187000","-117.144733000","60500","Mid City MK7 - 4 Hour Max $2.50 HR, 8am-8pm Mon-Sat, Prepay, NFC","8am","8pm","4 hour","Mon-Sat","$2.50 HR","","",""
"Mid-City","North Park","2900 EL CAJON BLVD","EL-2901","32.755245000","-117.131239000","56969","Mid City MK5 - 2 Hour Max $2.50 HR, 8am - 8pm, Mon-Sat, Prepay, NFC","8am","8pm","2 hour","Mon-Sat","$2.50 HR","","",""
"Mid-City","North Park","2900 EL CAJON BLVD","EL-2902","32.755400000","-117.131172000","56969","Mid City MK5 - 2 Hour Max $2.50 HR, 8am - 8pm, Mon-Sat, Prepay, NFC","8am","8pm","2 hour","Mon-Sat","$2.50 HR","","",""
"Mid-City","North Park","2900 EL CAJON BLVD","EL-2903","32.755246000","-117.131103000","56969","Mid City MK5 - 2 Hour Max $2.50 HR, 8am - 8pm, Mon-Sat, Prepay, NFC","8am","8pm","2 hour","Mon-Sat","$2.50 HR","","",""
"Mid-City","North Park","2900 EL CAJON BLVD","EL-2905","32.755246000","-117.131058000","56969","Mid City MK5 - 2 Hour Max $2.50 HR, 8am - 8pm, Mon-Sat, Prepay, NFC","8am","8pm","2 hour","Mon-Sat","$2.50 HR","","",""
"Mid-City","North Park","2900 EL CAJON BLVD","EL-2906","32.755401000","-117.130968000","56969","Mid City MK5 - 2 Hour Max $2.50 HR, 8am - 8pm, Mon-Sat, Prepay, NFC","8am","8pm","2 hour","Mon-Sat","$2.50 HR","","",""
"Mid-City","North Park","2900 EL CAJON BLVD","EL-2907","32.755247000","-117.130921000","56969","Mid City MK5 - 2 Hour Max $2.50 HR, 8am - 8pm, Mon-Sat, Prepay, NFC","8am","8pm","2 hour","Mon-Sat","$2.50 HR","","",""
"Mid-City","North Park","2900 EL CAJON BLVD","EL-2908","32.755401000","-117.130854000","56969","Mid City MK5 - 2 Hour Max $2.50 HR, 8am - 8pm, Mon-Sat, Prepay, NFC","8am","8pm","2 hour","Mon-Sat","$2.50 HR","","",""
"Mid-City","North Park","2900 EL CAJON BLVD","EL-2910","32.755402000","-117.130718000","56969","Mid City MK5 - 2 Hour Max $2.50 HR, 8am - 8pm, Mon-Sat, Prepay, NFC","8am","8pm","2 hour","Mon-Sat","$2.50 HR","","",""
"Mid-City","North Park","2900 EL CAJON BLVD","EL-2912","32.755402000","-117.130605000","56969","Mid City MK5 - 2 Hour Max $2.50 HR, 8am - 8pm, Mon-Sat, Prepay, NFC","8am","8pm","2 hour","Mon-Sat","$2.50 HR","","",""
"Mid-City","North Park","2900 MEADE AVE","MD-2917","32.757214000","-117.130738000","56969","Mid City MK5 - 2 Hour Max $2.50 HR, 8am - 8pm, Mon-Sat, Prepay, NFC","8am","8pm","2 hour","Mon-Sat","$2.50 HR","","",""
"Mid-City","North Park","2900 MEADE AVE","MD-2919","32.757215000","-117.130555000","56969","Mid City MK5 - 2 Hour Max $2.50 HR, 8am - 8pm, Mon-Sat, Prepay, NFC","8am","8pm","2 hour","Mon-Sat","$2.50 HR","","",""
"Mid-City","North Park","3000 ADAMS AVE","AD-3015","32.762825000","-117.128735000","56969","Mid City MK5 - 2 Hour Max $2.50 HR, 8am - 8pm, Mon-Sat, Prepay, NFC","8am","8pm","2 hour","Mon-Sat","$2.50 HR","","",""
"Mid-City","North Park","3000 ADAMS AVE","AD-3021","32.762827000","-117.128443000","56969","Mid City MK5 - 2 Hour Max $2.50 HR, 8am - 8pm, Mon-Sat, Prepay, NFC","8am","8pm","2 hour","Mon-Sat","$2.50 HR","","",""
"Mid-City","North Park","3000 ADAMS AVE","AD-3000N","32.762989344","-117.129467278","60499","Mid City MS3 PBP - 4 Hour Max $2.50 HR, 8am-8pm Mon-Sat, Prepay, NFC","8am","8pm","4 hour","Mon-Sat","$2.50 HR","","",""
"Mid-City","North Park","3000 ADAMS AVE","AD-3000S","32.762834559","-117.129519581","60499","Mid City MS3 PBP - 4 Hour Max $2.50 HR, 8am-8pm Mon-Sat, Prepay, NFC","8am","8pm","4 hour","Mon-Sat","$2.50 HR","","",""
"Mid-City","North Park","3000 EL CAJON BLVD","EL-3000S2","32.755189719","-117.128403447","60429","Mid City MS3 PBP - 2 Hour Max $2.50 HR, 8am - 8pm, Mon-Sat, Prepay, NFC","8am","8pm","2 hour","Mon-Sat","$2.50 HR","","",""
"Mid-City","North Park","3000 EL CAJON BLVD","EL-3012","32.755402000","-117.129885000","56969","Mid City MK5 - 2 Hour Max $2.50 HR, 8am - 8pm, Mon-Sat, Prepay, NFC","8am","8pm","2 hour","Mon-Sat","$2.50 HR","","",""
"Mid-City","North Park","3000 EL CAJON BLVD","EL-3014","32.755400000","-117.129654000","56969","Mid City MK5 - 2 Hour Max $2.50 HR, 8am - 8pm, Mon-Sat, Prepay, NFC","8am","8pm","2 hour","Mon-Sat","$2.50 HR","","",""
"Mid-City","North Park","3000 EL CAJON BLVD","EL-3016","32.755398000","-117.129423000","56969","Mid City MK5 - 2 Hour Max $2.50 HR, 8am - 8pm, Mon-Sat, Prepay, NFC","8am","8pm","2 hour","Mon-Sat","$2.50 HR","","",""
"Mid-City","North Park","3000 EL CAJON BLVD","EL-3018","32.755396000","-117.129192000","56969","Mid City MK5 - 2 Hour Max $2.50 HR, 8am - 8pm, Mon-Sat, Prepay, NFC","8am","8pm","2 hour","Mon-Sat","$2.50 HR","","",""
"Mid-City","North Park","3000 EL CAJON BLVD","EL-3020","32.755394000","-117.128884000","56969","Mid City MK5 - 2 Hour Max $2.50 HR, 8am - 8pm, Mon-Sat, Prepay, NFC","8am","8pm","2 hour","Mon-Sat","$2.50 HR","","",""
"Mid-City","North Park","3000 EL CAJON BLVD","EL-3025","32.755160958","-117.129442133","56969","Mid City MK5 - 2 Hour Max $2.50 HR, 8am - 8pm, Mon-Sat, Prepay, NFC","8am","8pm","2 hour","Mon-Sat","$2.50 HR","","",""
"Mid-City","North Park","3000 EL CAJON BLVD","EL-3052","32.719187000","-117.144733000","56969","Mid City MK5 - 2 Hour Max $2.50 HR, 8am - 8pm, Mon-Sat, Prepay, NFC","8am","8pm","2 hour","Mon-Sat","$2.50 HR","","",""
"Mid-City","North Park","3000 EL CAJON BLVD","EL-3060","32.755514540","-117.128070853","56969","Mid City MK5 - 2 Hour Max $2.50 HR, 8am - 8pm, Mon-Sat, Prepay, NFC","8am","8pm","2 hour","Mon-Sat","$2.50 HR","","",""
"Mid-City","North Park","3000 EL CAJON BLVD","EL-3062","32.755517924","-117.128155343","56969","Mid City MK5 - 2 Hour Max $2.50 HR, 8am - 8pm, Mon-Sat, Prepay, NFC","8am","8pm","2 hour","Mon-Sat","$2.50 HR","","",""
"Mid-City","North Park","3000 JUNIPER ST","JN-3001","32.729577000","-117.129260000","56969","Mid City MK5 - 2 Hour Max $2.50 HR, 8am - 8pm, Mon-Sat, Prepay, NFC","8am","8pm","2 hour","Mon-Sat","$2.50 HR","","",""
"Mid-City","North Park","3000 JUNIPER ST","JN-3003","32.729574000","-117.128667000","56969","Mid City MK5 - 2 Hour Max $2.50 HR, 8am - 8pm, Mon-Sat, Prepay, NFC","8am","8pm","2 hour","Mon-Sat","$2.50 HR","","",""
"Mid-City","North Park","3000 JUNIPER ST","JN-3004","32.729727000","-117.128392000","56969","Mid City MK5 - 2 Hour Max $2.50 HR, 8am - 8pm, Mon-Sat, Prepay, NFC","8am","8pm","2 hour","Mon-Sat","$2.50 HR","","",""
"Mid-City","North Park","3000 JUNIPER ST","JN-3005","32.729572000","-117.128119000","56969","Mid City MK5 - 2 Hour Max $2.50 HR, 8am - 8pm, Mon-Sat, Prepay, NFC","8am","8pm","2 hour","Mon-Sat","$2.50 HR","","",""
"Mid-City","North Park","3000 JUNIPER ST","JN-3006","32.729724000","-117.127799000","56969","Mid City MK5 - 2 Hour Max $2.50 HR, 8am - 8pm, Mon-Sat, Prepay, NFC","8am","8pm","2 hour","Mon-Sat","$2.50 HR","","",""
"Mid-City","North Park","3100 EL CAJON BLVD","EL-3112","32.755375000","-117.126048000","56969","Mid City MK5 - 2 Hour Max $2.50 HR, 8am - 8pm, Mon-Sat, Prepay, NFC","8am","8pm","2 hour","Mon-Sat","$2.50 HR","","",""
"Mid-City","North Park","3100 EL CAJON BLVD","EL-3114","32.755373000","-117.125832000","56969","Mid City MK5 - 2 Hour Max $2.50 HR, 8am - 8pm, Mon-Sat, Prepay, NFC","8am","8pm","2 hour","Mon-Sat","$2.50 HR","","",""
"Mid-City","North Park","3100 EL CAJON BLVD","EL-3116","32.755371000","-117.125584000","56969","Mid City MK5 - 2 Hour Max $2.50 HR, 8am - 8pm, Mon-Sat, Prepay, NFC","8am","8pm","2 hour","Mon-Sat","$2.50 HR","","",""
"Mid-City","North Park","3100 EL CAJON BLVD","EL-3120","32.755372000","-117.125438000","56969","Mid City MK5 - 2 Hour Max $2.50 HR, 8am - 8pm, Mon-Sat, Prepay, NFC","8am","8pm","2 hour","Mon-Sat","$2.50 HR","","",""
"Mid-City","North Park","3100 EL CAJON BLVD","EL-3054","32.755625916","-117.128665633","56969","Mid City MK5 - 2 Hour Max $2.50 HR, 8am - 8pm, Mon-Sat, Prepay, NFC","8am","8pm","2 hour","Mon-Sat","$2.50 HR","","",""
"Mid-City","North Park","3100 EL CAJON BLVD","EL-3154","32.755490292","-117.126120217","56969","Mid City MK5 - 2 Hour Max $2.50 HR, 8am - 8pm, Mon-Sat, Prepay, NFC","8am","8pm","2 hour","Mon-Sat","$2.50 HR","","",""
"Mid-City","North Park","3100 EL CAJON BLVD","EL-3156","32.755499033","-117.126070261","56969","Mid City MK5 - 2 Hour Max $2.50 HR, 8am - 8pm, Mon-Sat, Prepay, NFC","8am","8pm","2 hour","Mon-Sat","$2.50 HR","","",""
"Mid-City","North Park","3100 EL CAJON BLVD","EL-3100S","32.755175902","-117.126894034","60429","Mid City MS3 PBP - 2 Hour Max $2.50 HR, 8am - 8pm, Mon-Sat, Prepay, NFC","8am","8pm","2 hour","Mon-Sat","$2.50 HR","","",""
"Mid-City","North Park","4200 KANSAS ST","KA-4237","32.754743000","-117.131321000","56969","Mid City MK5 - 2 Hour Max $2.50 HR, 8am - 8pm, Mon-Sat, Prepay, NFC","8am","8pm","2 hour","Mon-Sat","$2.50 HR","","",""
"Mid-City","North Park","4200 KANSAS ST","KA-4239","32.755025000","-117.131323000","56969","Mid City MK5 - 2 Hour Max $2.50 HR, 8am - 8pm, Mon-Sat, Prepay, NFC","8am","8pm","2 hour","Mon-Sat","$2.50 HR","","",""
"Mid-City","North Park","4300 KANSAS ST","KA-4303","32.755891000","-117.131341000","56969","Mid City MK5 - 2 Hour Max $2.50 HR, 8am - 8pm, Mon-Sat, Prepay, NFC","8am","8pm","2 hour","Mon-Sat","$2.50 HR","","",""
"Mid-City","North Park","4300 KANSAS ST","KA-4309","32.756933000","-117.131330000","56969","Mid City MK5 - 2 Hour Max $2.50 HR, 8am - 8pm, Mon-Sat, Prepay, NFC","8am","8pm","2 hour","Mon-Sat","$2.50 HR","","",""
"Mid-City","North Park","4300 KANSAS ST","KA-4311","32.755858000","-117.131369000","56969","Mid City MK5 - 2 Hour Max $2.50 HR, 8am - 8pm, Mon-Sat, Prepay, NFC","8am","8pm","2 hour","Mon-Sat","$2.50 HR","","",""
"Mid-City","North Park","4300 THIRTIETH ST","30-4300W","32.756375933","-117.130281664","56971","Mid City MSPM - PBP PREPAY 2 Hour Max $2.50 HR 8am - 8pm Mon-Sat","8am","8pm","2 hour","Mon-Sat","$2.50 HR","","Y",""
"Mid-City","North Park","4300 UTAH ST","UT-4302","32.756579000","-117.132755000","56969","Mid City MK5 - 2 Hour Max $2.50 HR, 8am - 8pm, Mon-Sat, Prepay, NFC","8am","8pm","2 hour","Mon-Sat","$2.50 HR","","",""
"Mid-City","North Park","4600 THIRTIETH ST","30-4600E","32.761690440","-117.130069434","56971","Mid City MSPM - PBP PREPAY 2 Hour Max $2.50 HR 8am - 8pm Mon-Sat","8am","8pm","2 hour","Mon-Sat","$2.50 HR","","Y",""
"Mid-City","North Park","4700 THIRTIETH ST","30-4707","32.763163000","-117.130116000","56969","Mid City MK5 - 2 Hour Max $2.50 HR, 8am - 8pm, Mon-Sat, Prepay, NFC","8am","8pm","2 hour","Mon-Sat","$2.50 HR","","",""
"Mid-City","North Park","4700 THIRTIETH ST","30-4709","32.763285000","-117.130116000","56969","Mid City MK5 - 2 Hour Max $2.50 HR, 8am - 8pm, Mon-Sat, Prepay, NFC","8am","8pm","2 hour","Mon-Sat","$2.50 HR","","",""
"Mid-City","North Park","4700 THIRTIETH ST","30-4711","32.763432000","-117.130116000","56969","Mid City MK5 - 2 Hour Max $2.50 HR, 8am - 8pm, Mon-Sat, Prepay, NFC","8am","8pm","2 hour","Mon-Sat","$2.50 HR","","",""
"Mid-City","North Park","4700 THIRTIETH ST","30-4713","32.763545000","-117.130117000","56969","Mid City MK5 - 2 Hour Max $2.50 HR, 8am - 8pm, Mon-Sat, Prepay, NFC","8am","8pm","2 hour","Mon-Sat","$2.50 HR","","",""
"Mid-City","North Park","4700 THIRTIETH ST","30-4715","32.763658000","-117.130117000","56969","Mid City MK5 - 2 Hour Max $2.50 HR, 8am - 8pm, Mon-Sat, Prepay, NFC","8am","8pm","2 hour","Mon-Sat","$2.50 HR","","",""
"Mid-City","North Park","3900 THIRTIETH ST","30-3900W","32.749537574","-117.130269929","56971","Mid City MSPM - PBP PREPAY 2 Hour Max $2.50 HR 8am - 8pm Mon-Sat","8am","8pm","2 hour","Mon-Sat","$2.50 HR","","Y",""
"Mid-City","North Park","4000 THIRTIETH ST","30-4000W","32.751406529","-117.130263224","56971","Mid City MSPM - PBP PREPAY 2 Hour Max $2.50 HR 8am - 8pm Mon-Sat","8am","8pm","2 hour","Mon-Sat","$2.50 HR","","Y",""
"Mid-City","North Park","4100 THIRTIETH ST","30-4100W","32.752882096","-117.130257859","56971","Mid City MSPM - PBP PREPAY 2 Hour Max $2.50 HR 8am - 8pm Mon-Sat","8am","8pm","2 hour","Mon-Sat","$2.50 HR","","Y",""
"Mid-City","North Park","3500 THIRTIETH ST","30-3553","32.743354000","-117.129979000","56969","Mid City MK5 - 2 Hour Max $2.50 HR, 8am - 8pm, Mon-Sat, Prepay, NFC","8am","8pm","2 hour","Mon-Sat","$2.50 HR","","",""
"Mid-City","North Park","3500 THIRTIETH ST","30-3503","32.742396000","-117.129978000","56969","Mid City MK5 - 2 Hour Max $2.50 HR, 8am - 8pm, Mon-Sat, Prepay, NFC","8am","8pm","2 hour","Mon-Sat","$2.50 HR","","",""
"Mid-City","North Park","3500 THIRTIETH ST","30-3505","32.742384000","-117.129941000","56969","Mid City MK5 - 2 Hour Max $2.50 HR, 8am - 8pm, Mon-Sat, Prepay, NFC","8am","8pm","2 hour","Mon-Sat","$2.50 HR","","",""
"Mid-City","North Park","3600 THIRTIETH ST","30-3603","32.744551000","-117.130006000","56969","Mid City MK5 - 2 Hour Max $2.50 HR, 8am - 8pm, Mon-Sat, Prepay, NFC","8am","8pm","2 hour","Mon-Sat","$2.50 HR","","",""
"Mid-City","North Park","3600 THIRTIETH ST","30-3645","32.745020000","-117.129990000","56969","Mid City MK5 - 2 Hour Max $2.50 HR, 8am - 8pm, Mon-Sat, Prepay, NFC","8am","8pm","2 hour","Mon-Sat","$2.50 HR","","",""
"Mid-City","North Park","3700 THIRTIETH ST","30-3757","32.746699000","-117.129952000","56969","Mid City MK5 - 2 Hour Max $2.50 HR, 8am - 8pm, Mon-Sat, Prepay, NFC","8am","8pm","2 hour","Mon-Sat","$2.50 HR","","",""
"Mid-City","North Park","3700 THIRTIETH ST","30-3759","32.746678000","-117.129989000","56969","Mid City MK5 - 2 Hour Max $2.50 HR, 8am - 8pm, Mon-Sat, Prepay, NFC","8am","8pm","2 hour","Mon-Sat","$2.50 HR","","",""
"Mid-City","North Park","3700 THIRTIETH ST","30-3700E","32.745895987","-117.129984609","56971","Mid City MSPM - PBP PREPAY 2 Hour Max $2.50 HR 8am - 8pm Mon-Sat","8am","8pm","2 hour","Mon-Sat","$2.50 HR","","Y",""
"Mid-City","North Park","2600 ADAMS AVE","AD-2600N","32.762956639","-117.135860323","60499","Mid City MS3 PBP - 4 Hour Max $2.50 HR, 8am-8pm Mon-Sat, Prepay, NFC","8am","8pm","4 hour","Mon-Sat","$2.50 HR","","",""
"Mid-City","North Park","2600 ADAMS AVE","AD-2600S","32.762803409","-117.135891662","60499","Mid City MS3 PBP - 4 Hour Max $2.50 HR, 8am-8pm Mon-Sat, Prepay, NFC","8am","8pm","4 hour","Mon-Sat","$2.50 HR","","",""
"Mid-City","North Park","2700 ADAMS AVE","AD-2700S","32.762806799","-117.134466845","60499","Mid City MS3 PBP - 4 Hour Max $2.50 HR, 8am-8pm Mon-Sat, Prepay, NFC","8am","8pm","4 hour","Mon-Sat","$2.50 HR","","",""
"Mid-City","North Park","2700 ADAMS AVE","AD-2700N","32.762966225","-117.134710997","60499","Mid City MS3 PBP - 4 Hour Max $2.50 HR, 8am-8pm Mon-Sat, Prepay, NFC","8am","8pm","4 hour","Mon-Sat","$2.50 HR","","",""
"Mid-City","North Park","2700 ADAMS AVE","30005119","1.000000000","1.000000000","60499","Mid City MS3 PBP - 4 Hour Max $2.50 HR, 8am-8pm Mon-Sat, Prepay, NFC","8am","8pm","4 hour","Mon-Sat","$2.50 HR","","",""
"Mid-City","North Park","2800 ADAMS AVE","AD-2800S2","32.762849220","-117.132140770","60499","Mid City MS3 PBP - 4 Hour Max $2.50 HR, 8am-8pm Mon-Sat, Prepay, NFC","8am","8pm","4 hour","Mon-Sat","$2.50 HR","","",""
"Mid-City","North Park","2800 ADAMS AVE","AD-2800S1","32.762812472","-117.132985147","60499","Mid City MS3 PBP - 4 Hour Max $2.50 HR, 8am-8pm Mon-Sat, Prepay, NFC","8am","8pm","4 hour","Mon-Sat","$2.50 HR","","",""
"Mid-City","North Park","2800 ADAMS AVE","AD-2800N1","32.762973555","-117.133372239","60499","Mid City MS3 PBP - 4 Hour Max $2.50 HR, 8am-8pm Mon-Sat, Prepay, NFC","8am","8pm","4 hour","Mon-Sat","$2.50 HR","","",""
"Mid-City","North Park","2800 ADAMS AVE","AD-2800N2","32.762966005","-117.132174897","60499","Mid City MS3 PBP - 4 Hour Max $2.50 HR, 8am-8pm Mon-Sat, Prepay, NFC","8am","8pm","4 hour","Mon-Sat","$2.50 HR","","",""
"Mid-City","North Park","3400 THIRTIETH ST","30-3400E","32.741730848","-117.130005732","56971","Mid City MSPM - PBP PREPAY 2 Hour Max $2.50 HR 8am - 8pm Mon-Sat","8am","8pm","2 hour","Mon-Sat","$2.50 HR","","Y",""
"Mid-City","Talmadge","4000 ADAMS AVE","AD-4000S","32.763197978","-117.107808105","60499","Mid City MS3 PBP - 4 Hour Max $2.50 HR, 8am-8pm Mon-Sat, Prepay, NFC","8am","8pm","4 hour","Mon-Sat","$2.50 HR","","",""
"Mid-City","Talmadge","4000 ADAMS AVE","AD-4000N","32.763318084","-117.107822857","60721","Mid City MS3 PBP - 4 Hour Max $2.50 HR, 9am-8pm Mon-Sat, Prepay, NFC","9am","8pm","4 hour","Mon-Sat","$2.50 HR","","",""
"Mid-City","Talmadge","4100 ADAMS AVE","AD-4100S2","32.763170630","-117.105784714","60499","Mid City MS3 PBP - 4 Hour Max $2.50 HR, 8am-8pm Mon-Sat, Prepay, NFC","8am","8pm","4 hour","Mon-Sat","$2.50 HR","","",""
"Mid-City","Talmadge","4100 ADAMS AVE","AD-4100N2","32.763286789","-117.105761580","60499","Mid City MS3 PBP - 4 Hour Max $2.50 HR, 8am-8pm Mon-Sat, Prepay, NFC","8am","8pm","4 hour","Mon-Sat","$2.50 HR","","",""
"Mid-City","Talmadge","4100 ADAMS AVE","AD-4100N1","32.763349379","-117.106817029","60499","Mid City MS3 PBP - 4 Hour Max $2.50 HR, 8am-8pm Mon-Sat, Prepay, NFC","8am","8pm","4 hour","Mon-Sat","$2.50 HR","","",""
"Mid-City","Talmadge","4100 ADAMS AVE","AD-4100S1","32.763230683","-117.106769420","60499","Mid City MS3 PBP - 4 Hour Max $2.50 HR, 8am-8pm Mon-Sat, Prepay, NFC","8am","8pm","4 hour","Mon-Sat","$2.50 HR","","",""
"Mid-City","Talmadge","4100 ADAMS AVE","AD-4182","32.763316111","-117.105148024","60500","Mid City MK7 - 4 Hour Max $2.50 HR, 8am-8pm Mon-Sat, Prepay, NFC","8am","8pm","4 hour","Mon-Sat","$2.50 HR","","",""
"Mid-City","Talmadge","4100 ADAMS AVE","AD-4184","32.763315547","-117.104969993","60500","Mid City MK7 - 4 Hour Max $2.50 HR, 8am-8pm Mon-Sat, Prepay, NFC","8am","8pm","4 hour","Mon-Sat","$2.50 HR","","",""
"Mid-City","Talmadge","4100 ADAMS AVE","AD-4186","32.763316111","-117.104968316","60500","Mid City MK7 - 4 Hour Max $2.50 HR, 8am-8pm Mon-Sat, Prepay, NFC","8am","8pm","4 hour","Mon-Sat","$2.50 HR","","",""
"Mid-City","Talmadge","4100 ADAMS AVE","AD-4183","32.763148075","-117.105169482","60500","Mid City MK7 - 4 Hour Max $2.50 HR, 8am-8pm Mon-Sat, Prepay, NFC","8am","8pm","4 hour","Mon-Sat","$2.50 HR","","",""
"Mid-City","Talmadge","4100 ADAMS AVE","AD-4185","32.763175705","-117.105096727","60500","Mid City MK7 - 4 Hour Max $2.50 HR, 8am-8pm Mon-Sat, Prepay, NFC","8am","8pm","4 hour","Mon-Sat","$2.50 HR","","",""
"Mid-City","Talmadge","4100 ADAMS AVE","AD-4187","32.763191776","-117.104983739","60500","Mid City MK7 - 4 Hour Max $2.50 HR, 8am-8pm Mon-Sat, Prepay, NFC","8am","8pm","4 hour","Mon-Sat","$2.50 HR","","",""
"Mid-City","Talmadge","4100 ADAMS AVE","AD-4189","32.763166683","-117.104967311","60500","Mid City MK7 - 4 Hour Max $2.50 HR, 8am-8pm Mon-Sat, Prepay, NFC","8am","8pm","4 hour","Mon-Sat","$2.50 HR","","",""
"Mid-City","Talmadge","4100 PARK PLACE","PPL-4100N","32.762831458","-117.106734216","60499","Mid City MS3 PBP - 4 Hour Max $2.50 HR, 8am-8pm Mon-Sat, Prepay, NFC","8am","8pm","4 hour","Mon-Sat","$2.50 HR","","",""
"Mid-City","Talmadge","4600 KENSINGTON DR","KEN-4675W","32.763053344","-117.107432261","60499","Mid City MS3 PBP - 4 Hour Max $2.50 HR, 8am-8pm Mon-Sat, Prepay, NFC","8am","8pm","4 hour","Mon-Sat","$2.50 HR","","",""
"Mid-City","Talmadge","4600 MARLBOROUGH DR","MRB-4675E","32.763013591","-117.106267511","60499","Mid City MS3 PBP - 4 Hour Max $2.50 HR, 8am-8pm Mon-Sat, Prepay, NFC","8am","8pm","4 hour","Mon-Sat","$2.50 HR","","",""
"Mid-City","Talmadge","4600 TERRACE DR","TER-4675E","32.763117344","-117.108312360","60499","Mid City MS3 PBP - 4 Hour Max $2.50 HR, 8am-8pm Mon-Sat, Prepay, NFC","8am","8pm","4 hour","Mon-Sat","$2.50 HR","","",""
"Mid-City","Talmadge","4700 TERRACE DR","TER-4700E","32.719187000","-117.144733000","60499","Mid City MS3 PBP - 4 Hour Max $2.50 HR, 8am-8pm Mon-Sat, Prepay, NFC","8am","8pm","4 hour","Mon-Sat","$2.50 HR","","",""
"Mid-City","Talmadge","4400 EUCLID AVE","EU-4400E","32.756775187","-117.092109806","56971","Mid City MSPM - PBP PREPAY 2 Hour Max $2.50 HR 8am - 8pm Mon-Sat","8am","8pm","2 hour","Mon-Sat","$2.50 HR","","Y",""
"Mid-City","Talmadge","4400 EUCLID AVE","EU-4404","32.756306289","-117.092265710","56969","Mid City MK5 - 2 Hour Max $2.50 HR, 8am - 8pm, Mon-Sat, Prepay, NFC","8am","8pm","2 hour","Mon-Sat","$2.50 HR","","",""
"Mid-City","Talmadge","4400 EUCLID AVE","EU-4414","32.756662968","-117.092280462","56969","Mid City MK5 - 2 Hour Max $2.50 HR, 8am - 8pm, Mon-Sat, Prepay, NFC","8am","8pm","2 hour","Mon-Sat","$2.50 HR","","",""
"Mid-City","Talmadge","4400 EUCLID AVE","EU-4416","32.756668889","-117.092274762","56969","Mid City MK5 - 2 Hour Max $2.50 HR, 8am - 8pm, Mon-Sat, Prepay, NFC","8am","8pm","2 hour","Mon-Sat","$2.50 HR","","",""
"Mid-City","Talmadge","4400 EUCLID AVE","EU-4418","32.756736841","-117.092266045","56969","Mid City MK5 - 2 Hour Max $2.50 HR, 8am - 8pm, Mon-Sat, Prepay, NFC","8am","8pm","2 hour","Mon-Sat","$2.50 HR","","",""
"Mid-City","Talmadge","4400 EUCLID AVE","EU-4420","32.756952257","-117.092353552","56969","Mid City MK5 - 2 Hour Max $2.50 HR, 8am - 8pm, Mon-Sat, Prepay, NFC","8am","8pm","2 hour","Mon-Sat","$2.50 HR","","",""
"Mid-City","Talmadge","4400 EUCLID AVE","EU-4422","32.756851034","-117.092349529","56969","Mid City MK5 - 2 Hour Max $2.50 HR, 8am - 8pm, Mon-Sat, Prepay, NFC","8am","8pm","2 hour","Mon-Sat","$2.50 HR","","",""
"Mid-City","Talmadge","4700 EL CAJON BLVD","EL-4755","32.756202000","-117.090695000","56969","Mid City MK5 - 2 Hour Max $2.50 HR, 8am - 8pm, Mon-Sat, Prepay, NFC","8am","8pm","2 hour","Mon-Sat","$2.50 HR","","",""
"Mid-City","Talmadge","4700 EL CAJON BLVD","EL-4762","32.756255000","-117.091557000","56969","Mid City MK5 - 2 Hour Max $2.50 HR, 8am - 8pm, Mon-Sat, Prepay, NFC","8am","8pm","2 hour","Mon-Sat","$2.50 HR","","",""
"Mid-City","Talmadge","4700 EL CAJON BLVD","EL-4764","32.756440000","-117.090055000","56969","Mid City MK5 - 2 Hour Max $2.50 HR, 8am - 8pm, Mon-Sat, Prepay, NFC","8am","8pm","2 hour","Mon-Sat","$2.50 HR","","",""
"Mid-City","Talmadge","4700 EL CAJON BLVD","EL-4766","32.756458000","-117.089923000","56969","Mid City MK5 - 2 Hour Max $2.50 HR, 8am - 8pm, Mon-Sat, Prepay, NFC","8am","8pm","2 hour","Mon-Sat","$2.50 HR","","",""
"Mid-City","Talmadge","4700 EL CAJON BLVD","EL-4768","32.756477000","-117.089790000","56969","Mid City MK5 - 2 Hour Max $2.50 HR, 8am - 8pm, Mon-Sat, Prepay, NFC","8am","8pm","2 hour","Mon-Sat","$2.50 HR","","",""
"Mid-City","Talmadge","4400 EL CAJON BLVD","EL-4415","32.755061000","-117.098986000","56969","Mid City MK5 - 2 Hour Max $2.50 HR, 8am - 8pm, Mon-Sat, Prepay, NFC","8am","8pm","2 hour","Mon-Sat","$2.50 HR","","",""
"Mid-City","Talmadge","4400 EL CAJON BLVD","EL-4417","32.755159000","-117.098271000","56969","Mid City MK5 - 2 Hour Max $2.50 HR, 8am - 8pm, Mon-Sat, Prepay, NFC","8am","8pm","2 hour","Mon-Sat","$2.50 HR","","",""
"Mid-City","Talmadge","4400 EL CAJON BLVD","EL-4451","32.755199000","-117.098399000","56969","Mid City MK5 - 2 Hour Max $2.50 HR, 8am - 8pm, Mon-Sat, Prepay, NFC","8am","8pm","2 hour","Mon-Sat","$2.50 HR","","",""
"Mid-City","Talmadge","4400 EL CAJON BLVD","EL-4453","32.755157000","-117.098409000","56969","Mid City MK5 - 2 Hour Max $2.50 HR, 8am - 8pm, Mon-Sat, Prepay, NFC","8am","8pm","2 hour","Mon-Sat","$2.50 HR","","",""
"Mid-City","Talmadge","4400 EL CAJON BLVD","EL-4455","32.755284000","-117.098631000","56969","Mid City MK5 - 2 Hour Max $2.50 HR, 8am - 8pm, Mon-Sat, Prepay, NFC","8am","8pm","2 hour","Mon-Sat","$2.50 HR","","",""
"Mid-City","Talmadge","4400 EL CAJON BLVD","EL-4457","32.755140000","-117.098300000","56969","Mid City MK5 - 2 Hour Max $2.50 HR, 8am - 8pm, Mon-Sat, Prepay, NFC","8am","8pm","2 hour","Mon-Sat","$2.50 HR","","",""
"Mid-City","Talmadge","4400 EL CAJON BLVD","EL-4465","32.755388000","-117.096612000","56969","Mid City MK5 - 2 Hour Max $2.50 HR, 8am - 8pm, Mon-Sat, Prepay, NFC","8am","8pm","2 hour","Mon-Sat","$2.50 HR","","",""
"Mid-City","Talmadge","4400 EL CAJON BLVD","EL-4467","32.755439000","-117.096241000","56969","Mid City MK5 - 2 Hour Max $2.50 HR, 8am - 8pm, Mon-Sat, Prepay, NFC","8am","8pm","2 hour","Mon-Sat","$2.50 HR","","",""
"Mid-City","Talmadge","4500 EL CAJON BLVD","EL-4512","32.755242000","-117.096707000","56969","Mid City MK5 - 2 Hour Max $2.50 HR, 8am - 8pm, Mon-Sat, Prepay, NFC","8am","8pm","2 hour","Mon-Sat","$2.50 HR","","",""
"Mid-City","Talmadge","4500 EL CAJON BLVD","EL-4514","32.755291000","-117.096352000","56969","Mid City MK5 - 2 Hour Max $2.50 HR, 8am - 8pm, Mon-Sat, Prepay, NFC","8am","8pm","2 hour","Mon-Sat","$2.50 HR","","",""
"Mid-City","Talmadge","4500 EL CAJON BLVD","EL-4528","32.755583000","-117.096208000","56969","Mid City MK5 - 2 Hour Max $2.50 HR, 8am - 8pm, Mon-Sat, Prepay, NFC","8am","8pm","2 hour","Mon-Sat","$2.50 HR","","",""
"Mid-City","Talmadge","4500 EL CAJON BLVD","EL-4530","32.755630000","-117.096126000","56969","Mid City MK5 - 2 Hour Max $2.50 HR, 8am - 8pm, Mon-Sat, Prepay, NFC","8am","8pm","2 hour","Mon-Sat","$2.50 HR","","",""
"Mid-City","Talmadge","4500 EL CAJON BLVD","EL-4532","32.755421000","-117.096201000","56969","Mid City MK5 - 2 Hour Max $2.50 HR, 8am - 8pm, Mon-Sat, Prepay, NFC","8am","8pm","2 hour","Mon-Sat","$2.50 HR","","",""
"Mid-City","Talmadge","4500 EL CAJON BLVD","EL-4501","32.755316885","-117.096328922","56969","Mid City MK5 - 2 Hour Max $2.50 HR, 8am - 8pm, Mon-Sat, Prepay, NFC","8am","8pm","2 hour","Mon-Sat","$2.50 HR","","",""
"Mid-City","Talmadge","4500 EL CAJON BLVD","EL-4503","32.755396117","-117.096353061","56969","Mid City MK5 - 2 Hour Max $2.50 HR, 8am - 8pm, Mon-Sat, Prepay, NFC","8am","8pm","2 hour","Mon-Sat","$2.50 HR","","",""
"Mid-City","Talmadge","4500 EL CAJON BLVD","EL-4505","32.755584000","-117.096379000","56969","Mid City MK5 - 2 Hour Max $2.50 HR, 8am - 8pm, Mon-Sat, Prepay, NFC","8am","8pm","2 hour","Mon-Sat","$2.50 HR","","",""
"Mid-City","Talmadge","4500 EL CAJON BLVD","EL-4507","32.755400000","-117.096118000","56969","Mid City MK5 - 2 Hour Max $2.50 HR, 8am - 8pm, Mon-Sat, Prepay, NFC","8am","8pm","2 hour","Mon-Sat","$2.50 HR","","",""
"Mid-City","Talmadge","4500 EL CAJON BLVD","EL-4509","32.755428000","-117.096173000","56969","Mid City MK5 - 2 Hour Max $2.50 HR, 8am - 8pm, Mon-Sat, Prepay, NFC","8am","8pm","2 hour","Mon-Sat","$2.50 HR","","",""
"Mid-City","Talmadge","4500 EL CAJON BLVD","EL-4513","32.755446000","-117.095862000","56969","Mid City MK5 - 2 Hour Max $2.50 HR, 8am - 8pm, Mon-Sat, Prepay, NFC","8am","8pm","2 hour","Mon-Sat","$2.50 HR","","",""
"Mid-City","Talmadge","4500 EL CAJON BLVD","EL-4515","32.755444000","-117.095866000","56969","Mid City MK5 - 2 Hour Max $2.50 HR, 8am - 8pm, Mon-Sat, Prepay, NFC","8am","8pm","2 hour","Mon-Sat","$2.50 HR","","",""
"Mid-City","Talmadge","4500 EL CAJON BLVD","EL-4517","32.755500000","-117.095699000","56969","Mid City MK5 - 2 Hour Max $2.50 HR, 8am - 8pm, Mon-Sat, Prepay, NFC","8am","8pm","2 hour","Mon-Sat","$2.50 HR","","",""
"Mid-City","Talmadge","4500 EL CAJON BLVD","EL-4519","32.755456000","-117.095730000","56969","Mid City MK5 - 2 Hour Max $2.50 HR, 8am - 8pm, Mon-Sat, Prepay, NFC","8am","8pm","2 hour","Mon-Sat","$2.50 HR","","",""
"Mid-City","Talmadge","4800 EL CAJON BLVD","EL-4808","32.756363000","-117.090910000","56969","Mid City MK5 - 2 Hour Max $2.50 HR, 8am - 8pm, Mon-Sat, Prepay, NFC","8am","8pm","2 hour","Mon-Sat","$2.50 HR","","",""
"Mid-City","Talmadge","4800 EL CAJON BLVD","EL-4810","32.756362000","-117.090883000","56969","Mid City MK5 - 2 Hour Max $2.50 HR, 8am - 8pm, Mon-Sat, Prepay, NFC","8am","8pm","2 hour","Mon-Sat","$2.50 HR","","",""
"Mid-City","Talmadge","4800 EL CAJON BLVD","EL-4845","32.756347000","-117.089605000","56970","Mid City MK5 - 1 Hour Max $2.50 HR, 8am - 8pm, Mon-Sat, Prepay, NFC","8am","8pm","1 hour","Mon-Sat","$2.50 HR","","",""
"Mid-City","Talmadge","4800 EL CAJON BLVD","EL-4847","32.756363000","-117.089488000","56970","Mid City MK5 - 1 Hour Max $2.50 HR, 8am - 8pm, Mon-Sat, Prepay, NFC","8am","8pm","1 hour","Mon-Sat","$2.50 HR","","",""
"Mid-City","Talmadge","4800 EL CAJON BLVD","EL-4849","32.756378000","-117.089369000","56970","Mid City MK5 - 1 Hour Max $2.50 HR, 8am - 8pm, Mon-Sat, Prepay, NFC","8am","8pm","1 hour","Mon-Sat","$2.50 HR","","",""
"Mid-City","Talmadge","4800 EL CAJON BLVD","EL-4851","32.756523000","-117.088261000","56970","Mid City MK5 - 1 Hour Max $2.50 HR, 8am - 8pm, Mon-Sat, Prepay, NFC","8am","8pm","1 hour","Mon-Sat","$2.50 HR","","",""
"Mid-City","Talmadge","5200 EL CAJON BLVD","EL-5221","32.757195000","-117.083298000","56969","Mid City MK5 - 2 Hour Max $2.50 HR, 8am - 8pm, Mon-Sat, Prepay, NFC","8am","8pm","2 hour","Mon-Sat","$2.50 HR","","",""
"Mid-City","Talmadge","5200 EL CAJON BLVD","EL-5223","32.757229000","-117.083059000","56969","Mid City MK5 - 2 Hour Max $2.50 HR, 8am - 8pm, Mon-Sat, Prepay, NFC","8am","8pm","2 hour","Mon-Sat","$2.50 HR","","",""
"Mid-City","Talmadge","5200 EL CAJON BLVD","EL-5225","32.757264000","-117.082820000","56969","Mid City MK5 - 2 Hour Max $2.50 HR, 8am - 8pm, Mon-Sat, Prepay, NFC","8am","8pm","2 hour","Mon-Sat","$2.50 HR","","",""
"Mid-City","Talmadge","5200 EL CAJON BLVD","EL-5227","32.757312000","-117.082488000","56969","Mid City MK5 - 2 Hour Max $2.50 HR, 8am - 8pm, Mon-Sat, Prepay, NFC","8am","8pm","2 hour","Mon-Sat","$2.50 HR","","",""
"Mid-City","Talmadge","5200 EL CAJON BLVD","EL-5229","32.757338000","-117.082311000","56969","Mid City MK5 - 2 Hour Max $2.50 HR, 8am - 8pm, Mon-Sat, Prepay, NFC","8am","8pm","2 hour","Mon-Sat","$2.50 HR","","",""
"Mid-City","Talmadge","5200 EL CAJON BLVD","EL-5233","32.757365000","-117.082135000","56969","Mid City MK5 - 2 Hour Max $2.50 HR, 8am - 8pm, Mon-Sat, Prepay, NFC","8am","8pm","2 hour","Mon-Sat","$2.50 HR","","",""
"Mid-City","University Heights","1800 EL CAJON BLVD","EL-1819","32.755176000","-117.145512000","56969","Mid City MK5 - 2 Hour Max $2.50 HR, 8am - 8pm, Mon-Sat, Prepay, NFC","8am","8pm","2 hour","Mon-Sat","$2.50 HR","","",""
"Mid-City","University Heights","1800 EL CAJON BLVD","EL-1821","32.755176000","-117.145268000","56969","Mid City MK5 - 2 Hour Max $2.50 HR, 8am - 8pm, Mon-Sat, Prepay, NFC","8am","8pm","2 hour","Mon-Sat","$2.50 HR","","",""
"Mid-City","University Heights","1800 MADISON AVE","MA-1802","32.761050000","-117.145433000","56969","Mid City MK5 - 2 Hour Max $2.50 HR, 8am - 8pm, Mon-Sat, Prepay, NFC","8am","8pm","2 hour","Mon-Sat","$2.50 HR","","",""
"Mid-City","University Heights","1800 MISSION AVE","ME-1802","32.757555000","-117.146008000","56969","Mid City MK5 - 2 Hour Max $2.50 HR, 8am - 8pm, Mon-Sat, Prepay, NFC","8am","8pm","2 hour","Mon-Sat","$2.50 HR","","",""
"Mid-City","University Heights","1800 MISSION AVE","ME-1804","32.757755000","-117.145654000","56969","Mid City MK5 - 2 Hour Max $2.50 HR, 8am - 8pm, Mon-Sat, Prepay, NFC","8am","8pm","2 hour","Mon-Sat","$2.50 HR","","",""
"Mid-City","University Heights","1800 MISSION AVE","ME-1806","32.757921000","-117.145359000","56969","Mid City MK5 - 2 Hour Max $2.50 HR, 8am - 8pm, Mon-Sat, Prepay, NFC","8am","8pm","2 hour","Mon-Sat","$2.50 HR","","",""
"Mid-City","University Heights","1800 MONROE AVE","MO-1804","32.759125002","-117.145947776","56969","Mid City MK5 - 2 Hour Max $2.50 HR, 8am - 8pm, Mon-Sat, Prepay, NFC","8am","8pm","2 hour","Mon-Sat","$2.50 HR","","",""
"Mid-City","University Heights","1800 MONROE AVE","MO-1806","32.759137971","-117.145972587","56969","Mid City MK5 - 2 Hour Max $2.50 HR, 8am - 8pm, Mon-Sat, Prepay, NFC","8am","8pm","2 hour","Mon-Sat","$2.50 HR","","",""
"Mid-City","University Heights","1800 MONROE AVE","MO-1808","32.759139381","-117.145891450","56969","Mid City MK5 - 2 Hour Max $2.50 HR, 8am - 8pm, Mon-Sat, Prepay, NFC","8am","8pm","2 hour","Mon-Sat","$2.50 HR","","",""
"Mid-City","University Heights","1800 MONROE AVE","MO-1810","32.759137407","-117.145840823","56969","Mid City MK5 - 2 Hour Max $2.50 HR, 8am - 8pm, Mon-Sat, Prepay, NFC","8am","8pm","2 hour","Mon-Sat","$2.50 HR","","",""
"Mid-City","University Heights","1800 MONROE AVE","MO-1812","32.759135998","-117.145845517","56969","Mid City MK5 - 2 Hour Max $2.50 HR, 8am - 8pm, Mon-Sat, Prepay, NFC","8am","8pm","2 hour","Mon-Sat","$2.50 HR","","",""
"Mid-City","University Heights","1800 MONROE AVE","MO-1814","32.759126693","-117.145778797","56969","Mid City MK5 - 2 Hour Max $2.50 HR, 8am - 8pm, Mon-Sat, Prepay, NFC","8am","8pm","2 hour","Mon-Sat","$2.50 HR","","",""
"Mid-City","University Heights","1800 MONROE AVE","MO-1816","32.759146430","-117.145768404","56969","Mid City MK5 - 2 Hour Max $2.50 HR, 8am - 8pm, Mon-Sat, Prepay, NFC","8am","8pm","2 hour","Mon-Sat","$2.50 HR","","",""
"Mid-City","University Heights","1800 MONROE AVE","MO-1800","32.759136562","-117.146038301","56969","Mid City MK5 - 2 Hour Max $2.50 HR, 8am - 8pm, Mon-Sat, Prepay, NFC","8am","8pm","2 hour","Mon-Sat","$2.50 HR","","",""
"Mid-City","University Heights","1800 MONROE AVE","MO-1802","32.759146148","-117.146031931","56969","Mid City MK5 - 2 Hour Max $2.50 HR, 8am - 8pm, Mon-Sat, Prepay, NFC","8am","8pm","2 hour","Mon-Sat","$2.50 HR","","",""
"Mid-City","University Heights","2000 EL CAJON BLVD","EL-2004","32.755489000","-117.143389000","56969","Mid City MK5 - 2 Hour Max $2.50 HR, 8am - 8pm, Mon-Sat, Prepay, NFC","8am","8pm","2 hour","Mon-Sat","$2.50 HR","","",""
"Mid-City","University Heights","2000 EL CAJON BLVD","EL-2006","32.755414000","-117.143458000","56969","Mid City MK5 - 2 Hour Max $2.50 HR, 8am - 8pm, Mon-Sat, Prepay, NFC","8am","8pm","2 hour","Mon-Sat","$2.50 HR","","",""
"Mid-City","University Heights","2000 EL CAJON BLVD","EL-2008","32.755553000","-117.143383000","56969","Mid City MK5 - 2 Hour Max $2.50 HR, 8am - 8pm, Mon-Sat, Prepay, NFC","8am","8pm","2 hour","Mon-Sat","$2.50 HR","","",""
"Mid-City","University Heights","2000 EL CAJON BLVD","EL-2010","32.755381000","-117.143272000","56969","Mid City MK5 - 2 Hour Max $2.50 HR, 8am - 8pm, Mon-Sat, Prepay, NFC","8am","8pm","2 hour","Mon-Sat","$2.50 HR","","",""
"Mid-City","University Heights","2000 EL CAJON BLVD","EL-2012","32.755474000","-117.143241000","56969","Mid City MK5 - 2 Hour Max $2.50 HR, 8am - 8pm, Mon-Sat, Prepay, NFC","8am","8pm","2 hour","Mon-Sat","$2.50 HR","","",""
"Mid-City","University Heights","2000 EL CAJON BLVD","EL-2002","32.755304000","-117.143465000","56969","Mid City MK5 - 2 Hour Max $2.50 HR, 8am - 8pm, Mon-Sat, Prepay, NFC","8am","8pm","2 hour","Mon-Sat","$2.50 HR","","",""
"Mid-City","University Heights","2100 EL CAJON BLVD","EL-2100","32.755419000","-117.142113000","56969","Mid City MK5 - 2 Hour Max $2.50 HR, 8am - 8pm, Mon-Sat, Prepay, NFC","8am","8pm","2 hour","Mon-Sat","$2.50 HR","","",""
"Mid-City","University Heights","2100 EL CAJON BLVD","EL-2101","32.755244000","-117.142286000","56969","Mid City MK5 - 2 Hour Max $2.50 HR, 8am - 8pm, Mon-Sat, Prepay, NFC","8am","8pm","2 hour","Mon-Sat","$2.50 HR","","",""
"Mid-City","University Heights","2100 EL CAJON BLVD","EL-2102","32.755487000","-117.142191000","56969","Mid City MK5 - 2 Hour Max $2.50 HR, 8am - 8pm, Mon-Sat, Prepay, NFC","8am","8pm","2 hour","Mon-Sat","$2.50 HR","","",""
"Mid-City","University Heights","2100 EL CAJON BLVD","EL-2107","32.755168000","-117.142109000","56969","Mid City MK5 - 2 Hour Max $2.50 HR, 8am - 8pm, Mon-Sat, Prepay, NFC","8am","8pm","2 hour","Mon-Sat","$2.50 HR","","",""
"Mid-City","University Heights","2100 EL CAJON BLVD","EL-2108","32.755345000","-117.141843000","56969","Mid City MK5 - 2 Hour Max $2.50 HR, 8am - 8pm, Mon-Sat, Prepay, NFC","8am","8pm","2 hour","Mon-Sat","$2.50 HR","","",""
"Mid-City","University Heights","2100 EL CAJON BLVD","EL-2109","32.755138000","-117.141978000","56969","Mid City MK5 - 2 Hour Max $2.50 HR, 8am - 8pm, Mon-Sat, Prepay, NFC","8am","8pm","2 hour","Mon-Sat","$2.50 HR","","",""
"Mid-City","University Heights","2100 EL CAJON BLVD","EL-2110","32.755345000","-117.141747000","56969","Mid City MK5 - 2 Hour Max $2.50 HR, 8am - 8pm, Mon-Sat, Prepay, NFC","8am","8pm","2 hour","Mon-Sat","$2.50 HR","","",""
"Mid-City","University Heights","2100 EL CAJON BLVD","EL-2111","32.755146000","-117.142013000","56969","Mid City MK5 - 2 Hour Max $2.50 HR, 8am - 8pm, Mon-Sat, Prepay, NFC","8am","8pm","2 hour","Mon-Sat","$2.50 HR","","",""
"Mid-City","University Heights","2100 EL CAJON BLVD","EL-2112","32.755346000","-117.141636000","56969","Mid City MK5 - 2 Hour Max $2.50 HR, 8am - 8pm, Mon-Sat, Prepay, NFC","8am","8pm","2 hour","Mon-Sat","$2.50 HR","","",""
"Mid-City","University Heights","2100 EL CAJON BLVD","EL-2114","32.755346000","-117.141588000","56969","Mid City MK5 - 2 Hour Max $2.50 HR, 8am - 8pm, Mon-Sat, Prepay, NFC","8am","8pm","2 hour","Mon-Sat","$2.50 HR","","",""
"Mid-City","University Heights","2100 EL CAJON BLVD","EL-2118","32.755346000","-117.141524000","56969","Mid City MK5 - 2 Hour Max $2.50 HR, 8am - 8pm, Mon-Sat, Prepay, NFC","8am","8pm","2 hour","Mon-Sat","$2.50 HR","","",""
"Mid-City","University Heights","2100 EL CAJON BLVD","EL-2120","32.755346000","-117.141476000","56969","Mid City MK5 - 2 Hour Max $2.50 HR, 8am - 8pm, Mon-Sat, Prepay, NFC","8am","8pm","2 hour","Mon-Sat","$2.50 HR","","",""
"Mid-City","University Heights","2100 EL CAJON BLVD","EL-2113","32.755213000","-117.141853000","56969","Mid City MK5 - 2 Hour Max $2.50 HR, 8am - 8pm, Mon-Sat, Prepay, NFC","8am","8pm","2 hour","Mon-Sat","$2.50 HR","","",""
"Mid-City","University Heights","2100 EL CAJON BLVD","EL-2115","32.755201000","-117.141755000","56969","Mid City MK5 - 2 Hour Max $2.50 HR, 8am - 8pm, Mon-Sat, Prepay, NFC","8am","8pm","2 hour","Mon-Sat","$2.50 HR","","",""
"Mid-City","University Heights","2100 EL CAJON BLVD","EL-2117","32.755210000","-117.141660000","56969","Mid City MK5 - 2 Hour Max $2.50 HR, 8am - 8pm, Mon-Sat, Prepay, NFC","8am","8pm","2 hour","Mon-Sat","$2.50 HR","","",""
"Mid-City","University Heights","2300 EL CAJON BLVD","EL-2305","32.755203000","-117.139262000","56969","Mid City MK5 - 2 Hour Max $2.50 HR, 8am - 8pm, Mon-Sat, Prepay, NFC","8am","8pm","2 hour","Mon-Sat","$2.50 HR","","",""
"Mid-City","University Heights","2300 EL CAJON BLVD","EL-2306","32.755399000","-117.139629000","56969","Mid City MK5 - 2 Hour Max $2.50 HR, 8am - 8pm, Mon-Sat, Prepay, NFC","8am","8pm","2 hour","Mon-Sat","$2.50 HR","","",""
"Mid-City","University Heights","2300 EL CAJON BLVD","EL-2308","32.755032000","-117.139310000","56969","Mid City MK5 - 2 Hour Max $2.50 HR, 8am - 8pm, Mon-Sat, Prepay, NFC","8am","8pm","2 hour","Mon-Sat","$2.50 HR","","",""
"Mid-City","University Heights","2300 EL CAJON BLVD","EL-2300","32.755439000","-117.139585000","56969","Mid City MK5 - 2 Hour Max $2.50 HR, 8am - 8pm, Mon-Sat, Prepay, NFC","8am","8pm","2 hour","Mon-Sat","$2.50 HR","","",""
"Mid-City","University Heights","2300 EL CAJON BLVD","EL-2302","32.755133000","-117.139264000","56969","Mid City MK5 - 2 Hour Max $2.50 HR, 8am - 8pm, Mon-Sat, Prepay, NFC","8am","8pm","2 hour","Mon-Sat","$2.50 HR","","",""
"Mid-City","University Heights","2300 EL CAJON BLVD","EL-2304","32.755469000","-117.139726000","56969","Mid City MK5 - 2 Hour Max $2.50 HR, 8am - 8pm, Mon-Sat, Prepay, NFC","8am","8pm","2 hour","Mon-Sat","$2.50 HR","","",""
"Mid-City","University Heights","2300 EL CAJON BLVD","EL-2307","32.755204000","-117.139079000","56969","Mid City MK5 - 2 Hour Max $2.50 HR, 8am - 8pm, Mon-Sat, Prepay, NFC","8am","8pm","2 hour","Mon-Sat","$2.50 HR","","",""
"Mid-City","University Heights","4200 LOUISIANA ST","LS-4200","32.754160000","-117.140172000","56969","Mid City MK5 - 2 Hour Max $2.50 HR, 8am - 8pm, Mon-Sat, Prepay, NFC","8am","8pm","2 hour","Mon-Sat","$2.50 HR","","",""
"Mid-City","University Heights","4200 LOUISIANA ST","LS-4202","32.754249000","-117.140170000","56969","Mid City MK5 - 2 Hour Max $2.50 HR, 8am - 8pm, Mon-Sat, Prepay, NFC","8am","8pm","2 hour","Mon-Sat","$2.50 HR","","",""
"Mid-City","University Heights","4200 LOUISIANA ST","LS-4204","32.754338000","-117.140168000","56969","Mid City MK5 - 2 Hour Max $2.50 HR, 8am - 8pm, Mon-Sat, Prepay, NFC","8am","8pm","2 hour","Mon-Sat","$2.50 HR","","",""
"Mid-City","University Heights","4200 LOUISIANA ST","LS-4206","32.754427000","-117.140167000","56969","Mid City MK5 - 2 Hour Max $2.50 HR, 8am - 8pm, Mon-Sat, Prepay, NFC","8am","8pm","2 hour","Mon-Sat","$2.50 HR","","",""
"Mid-City","University Heights","4200 LOUISIANA ST","LS-4208","32.754516000","-117.140165000","56969","Mid City MK5 - 2 Hour Max $2.50 HR, 8am - 8pm, Mon-Sat, Prepay, NFC","8am","8pm","2 hour","Mon-Sat","$2.50 HR","","",""
"Mid-City","University Heights","4200 LOUISIANA ST","LS-4220","32.754605000","-117.140163000","56969","Mid City MK5 - 2 Hour Max $2.50 HR, 8am - 8pm, Mon-Sat, Prepay, NFC","8am","8pm","2 hour","Mon-Sat","$2.50 HR","","",""
"Mid-City","University Heights","4200 LOUISIANA ST","LS-4222","32.754713000","-117.140162000","56969","Mid City MK5 - 2 Hour Max $2.50 HR, 8am - 8pm, Mon-Sat, Prepay, NFC","8am","8pm","2 hour","Mon-Sat","$2.50 HR","","",""
"Mid-City","University Heights","4200 LOUISIANA ST","LS-4224","32.754770000","-117.140163000","56969","Mid City MK5 - 2 Hour Max $2.50 HR, 8am - 8pm, Mon-Sat, Prepay, NFC","8am","8pm","2 hour","Mon-Sat","$2.50 HR","","",""
"Mid-City","University Heights","4200 LOUISIANA ST","LS-4226","32.754808000","-117.140164000","56969","Mid City MK5 - 2 Hour Max $2.50 HR, 8am - 8pm, Mon-Sat, Prepay, NFC","8am","8pm","2 hour","Mon-Sat","$2.50 HR","","",""
"Mid-City","University Heights","4200 LOUISIANA ST","LS-4228","32.754865000","-117.140165000","56969","Mid City MK5 - 2 Hour Max $2.50 HR, 8am - 8pm, Mon-Sat, Prepay, NFC","8am","8pm","2 hour","Mon-Sat","$2.50 HR","","",""
"Mid-City","University Heights","4200 LOUISIANA ST","LS-4230","32.754922000","-117.140166000","56969","Mid City MK5 - 2 Hour Max $2.50 HR, 8am - 8pm, Mon-Sat, Prepay, NFC","8am","8pm","2 hour","Mon-Sat","$2.50 HR","","",""
"Mid-City","University Heights","4200 LOUISIANA ST","LS-4232","32.754979000","-117.140166000","56969","Mid City MK5 - 2 Hour Max $2.50 HR, 8am - 8pm, Mon-Sat, Prepay, NFC","8am","8pm","2 hour","Mon-Sat","$2.50 HR","","",""
"Mid-City","University Heights","4200 LOUISIANA ST","LS-4236","32.755092000","-117.140168000","56969","Mid City MK5 - 2 Hour Max $2.50 HR, 8am - 8pm, Mon-Sat, Prepay, NFC","8am","8pm","2 hour","Mon-Sat","$2.50 HR","","",""
"Mid-City","University Heights","4200 LOUISIANA ST","LS-4238","32.755149000","-117.140169000","56969","Mid City MK5 - 2 Hour Max $2.50 HR, 8am - 8pm, Mon-Sat, Prepay, NFC","8am","8pm","2 hour","Mon-Sat","$2.50 HR","","",""
"Mid-City","University Heights","4200 LOUISIANA ST","LS-4240","32.755206000","-117.140170000","56969","Mid City MK5 - 2 Hour Max $2.50 HR, 8am - 8pm, Mon-Sat, Prepay, NFC","8am","8pm","2 hour","Mon-Sat","$2.50 HR","","",""
"Mid-City","University Heights","4200 MISSISSIPPI ST","M-4201","32.754190000","-117.141210000","56969","Mid City MK5 - 2 Hour Max $2.50 HR, 8am - 8pm, Mon-Sat, Prepay, NFC","8am","8pm","2 hour","Mon-Sat","$2.50 HR","","",""
"Mid-City","University Heights","4200 MISSISSIPPI ST","M-4205","32.754429000","-117.141212000","56969","Mid City MK5 - 2 Hour Max $2.50 HR, 8am - 8pm, Mon-Sat, Prepay, NFC","8am","8pm","2 hour","Mon-Sat","$2.50 HR","","",""
"Mid-City","University Heights","4200 MISSISSIPPI ST","M-4207","32.754549000","-117.141213000","56969","Mid City MK5 - 2 Hour Max $2.50 HR, 8am - 8pm, Mon-Sat, Prepay, NFC","8am","8pm","2 hour","Mon-Sat","$2.50 HR","","",""
"Mid-City","University Heights","4200 MISSISSIPPI ST","M-4209","32.754690000","-117.141214000","56969","Mid City MK5 - 2 Hour Max $2.50 HR, 8am - 8pm, Mon-Sat, Prepay, NFC","8am","8pm","2 hour","Mon-Sat","$2.50 HR","","",""
"Mid-City","University Heights","4200 MISSISSIPPI ST","M-4211","32.754738000","-117.141213000","56969","Mid City MK5 - 2 Hour Max $2.50 HR, 8am - 8pm, Mon-Sat, Prepay, NFC","8am","8pm","2 hour","Mon-Sat","$2.50 HR","","",""
"Mid-City","University Heights","4200 MISSISSIPPI ST","M-4219","32.754787000","-117.141213000","56969","Mid City MK5 - 2 Hour Max $2.50 HR, 8am - 8pm, Mon-Sat, Prepay, NFC","8am","8pm","2 hour","Mon-Sat","$2.50 HR","","",""
"Mid-City","University Heights","4200 MISSISSIPPI ST","M-4221","32.754851000","-117.141213000","56969","Mid City MK5 - 2 Hour Max $2.50 HR, 8am - 8pm, Mon-Sat, Prepay, NFC","8am","8pm","2 hour","Mon-Sat","$2.50 HR","","",""
"Mid-City","University Heights","4200 MISSISSIPPI ST","M-4227","32.754900000","-117.141213000","56969","Mid City MK5 - 2 Hour Max $2.50 HR, 8am - 8pm, Mon-Sat, Prepay, NFC","8am","8pm","2 hour","Mon-Sat","$2.50 HR","","",""
"Mid-City","University Heights","4200 MISSISSIPPI ST","M-4229","32.754948000","-117.141213000","56969","Mid City MK5 - 2 Hour Max $2.50 HR, 8am - 8pm, Mon-Sat, Prepay, NFC","8am","8pm","2 hour","Mon-Sat","$2.50 HR","","",""
"Mid-City","University Heights","4200 MISSISSIPPI ST","M-4237","32.754882000","-117.141252000","56969","Mid City MK5 - 2 Hour Max $2.50 HR, 8am - 8pm, Mon-Sat, Prepay, NFC","8am","8pm","2 hour","Mon-Sat","$2.50 HR","","",""
"Mid-City","University Heights","4200 MISSISSIPPI ST","M-4239","32.755045000","-117.141212000","56969","Mid City MK5 - 2 Hour Max $2.50 HR, 8am - 8pm, Mon-Sat, Prepay, NFC","8am","8pm","2 hour","Mon-Sat","$2.50 HR","","",""
"Mid-City","University Heights","4200 MISSISSIPPI ST","M-4241","32.755094000","-117.141212000","56969","Mid City MK5 - 2 Hour Max $2.50 HR, 8am - 8pm, Mon-Sat, Prepay, NFC","8am","8pm","2 hour","Mon-Sat","$2.50 HR","","",""
"Mid-City","University Heights","4200 MISSISSIPPI ST","M-4243","32.755142000","-117.141212000","56969","Mid City MK5 - 2 Hour Max $2.50 HR, 8am - 8pm, Mon-Sat, Prepay, NFC","8am","8pm","2 hour","Mon-Sat","$2.50 HR","","",""
"Mid-City","University Heights","4200 MISSISSIPPI ST","M-4245","32.755191000","-117.141212000","56969","Mid City MK5 - 2 Hour Max $2.50 HR, 8am - 8pm, Mon-Sat, Prepay, NFC","8am","8pm","2 hour","Mon-Sat","$2.50 HR","","",""
"Mid-City","University Heights","4200 MISSISSIPPI ST","M-4203","32.754310000","-117.141211000","56969","Mid City MK5 - 2 Hour Max $2.50 HR, 8am - 8pm, Mon-Sat, Prepay, NFC","8am","8pm","2 hour","Mon-Sat","$2.50 HR","","",""
"Mid-City","University Heights","1800 HOWARD AVE","HO-1803","32.753947000","-117.145563000","56969","Mid City MK5 - 2 Hour Max $2.50 HR, 8am - 8pm, Mon-Sat, Prepay, NFC","8am","8pm","2 hour","Mon-Sat","$2.50 HR","","",""
"Mid-City","University Heights","1800 HOWARD AVE","HO-1805","32.753947000","-117.145376000","56969","Mid City MK5 - 2 Hour Max $2.50 HR, 8am - 8pm, Mon-Sat, Prepay, NFC","8am","8pm","2 hour","Mon-Sat","$2.50 HR","","",""
"Mid-City","University Heights","1800 HOWARD AVE","HO-1807","32.753948000","-117.145204000","56969","Mid City MK5 - 2 Hour Max $2.50 HR, 8am - 8pm, Mon-Sat, Prepay, NFC","8am","8pm","2 hour","Mon-Sat","$2.50 HR","","",""
"Mid-City","University Heights","4300 MISSISSIPPI ST","M-4303","32.755535688","-117.141268998","56969","Mid City MK5 - 2 Hour Max $2.50 HR, 8am - 8pm, Mon-Sat, Prepay, NFC","8am","8pm","2 hour","Mon-Sat","$2.50 HR","","",""
"Mid-City","University Heights","4300 MISSISSIPPI ST","M-4305","32.755511721","-117.141265310","56969","Mid City MK5 - 2 Hour Max $2.50 HR, 8am - 8pm, Mon-Sat, Prepay, NFC","8am","8pm","2 hour","Mon-Sat","$2.50 HR","","",""
"Mid-City","University Heights","4300 MISSISSIPPI ST","M-4307","32.755543583","-117.141266316","56969","Mid City MK5 - 2 Hour Max $2.50 HR, 8am - 8pm, Mon-Sat, Prepay, NFC","8am","8pm","2 hour","Mon-Sat","$2.50 HR","","",""
"Mid-City","University Heights","4300 MISSISSIPPI ST","M-4309","32.755608998","-117.141240499","56969","Mid City MK5 - 2 Hour Max $2.50 HR, 8am - 8pm, Mon-Sat, Prepay, NFC","8am","8pm","2 hour","Mon-Sat","$2.50 HR","","",""
"Mid-City","University Heights","4300 MISSISSIPPI ST","M-4311","32.755627044","-117.141244523","56969","Mid City MK5 - 2 Hour Max $2.50 HR, 8am - 8pm, Mon-Sat, Prepay, NFC","8am","8pm","2 hour","Mon-Sat","$2.50 HR","","",""
"Mid-City","University Heights","4300 MISSISSIPPI ST","M-4313","32.755639732","-117.141259610","56969","Mid City MK5 - 2 Hour Max $2.50 HR, 8am - 8pm, Mon-Sat, Prepay, NFC","8am","8pm","2 hour","Mon-Sat","$2.50 HR","","",""
"Mid-City","University Heights","4300 MISSISSIPPI ST","M-4315","32.755700636","-117.141253910","56969","Mid City MK5 - 2 Hour Max $2.50 HR, 8am - 8pm, Mon-Sat, Prepay, NFC","8am","8pm","2 hour","Mon-Sat","$2.50 HR","","",""
"Mid-City","University Heights","4300 MISSISSIPPI ST","M-4317","32.755756182","-117.141273021","56969","Mid City MK5 - 2 Hour Max $2.50 HR, 8am - 8pm, Mon-Sat, Prepay, NFC","8am","8pm","2 hour","Mon-Sat","$2.50 HR","","",""
"Mid-City","University Heights","4300 MISSISSIPPI ST","M-4319","32.755769717","-117.141271680","56969","Mid City MK5 - 2 Hour Max $2.50 HR, 8am - 8pm, Mon-Sat, Prepay, NFC","8am","8pm","2 hour","Mon-Sat","$2.50 HR","","",""
"Mid-City","University Heights","4300 MISSISSIPPI ST","M-4321","32.755780149","-117.141270339","56969","Mid City MK5 - 2 Hour Max $2.50 HR, 8am - 8pm, Mon-Sat, Prepay, NFC","8am","8pm","2 hour","Mon-Sat","$2.50 HR","","",""
"Mid-City","University Heights","4300 MISSISSIPPI ST","M-4304","32.755574317","-117.141332365","56969","Mid City MK5 - 2 Hour Max $2.50 HR, 8am - 8pm, Mon-Sat, Prepay, NFC","8am","8pm","2 hour","Mon-Sat","$2.50 HR","","",""
"Mid-City","University Heights","4300 MISSISSIPPI ST","M-4306","32.755720373","-117.141375616","56969","Mid City MK5 - 2 Hour Max $2.50 HR, 8am - 8pm, Mon-Sat, Prepay, NFC","8am","8pm","2 hour","Mon-Sat","$2.50 HR","","",""
"Mid-City","University Heights","4300 MISSISSIPPI ST","M-4308","32.755740956","-117.141354829","56969","Mid City MK5 - 2 Hour Max $2.50 HR, 8am - 8pm, Mon-Sat, Prepay, NFC","8am","8pm","2 hour","Mon-Sat","$2.50 HR","","",""
"Mid-City","University Heights","1700 MONROE AVE","MO-1729","32.759032000","-117.146760000","8999","1 Hour Max $2.50 HR 8am-6pm Mon-Sat (NFC)","8am","6pm","1 hour","Mon-Sat","$2.50 HR","","",""
"Mid-City","University Heights","1700 MONROE AVE","MO-1732","32.759207000","-117.146550000","8999","1 Hour Max $2.50 HR 8am-6pm Mon-Sat (NFC)","8am","6pm","1 hour","Mon-Sat","$2.50 HR","","",""
"Mid-City","University Heights","1700 MONROE AVE","MO-1734","32.759195000","-117.146514000","8999","1 Hour Max $2.50 HR 8am-6pm Mon-Sat (NFC)","8am","6pm","1 hour","Mon-Sat","$2.50 HR","","",""
"Mid-City","University Heights","1700 MONROE AVE","MO-1737","32.759051000","-117.146457000","8999","1 Hour Max $2.50 HR 8am-6pm Mon-Sat (NFC)","8am","6pm","1 hour","Mon-Sat","$2.50 HR","","",""
"Mid-City","University Heights","4400 PARK BLVD","PB-4409","32.757697000","-117.146247000","56969","Mid City MK5 - 2 Hour Max $2.50 HR, 8am - 8pm, Mon-Sat, Prepay, NFC","8am","8pm","2 hour","Mon-Sat","$2.50 HR","","",""
"Mid-City","University Heights","4400 PARK BLVD","PB-4430","32.758390000","-117.146552000","56969","Mid City MK5 - 2 Hour Max $2.50 HR, 8am - 8pm, Mon-Sat, Prepay, NFC","8am","8pm","2 hour","Mon-Sat","$2.50 HR","","",""
"Mid-City","University Heights","4400 PARK BLVD","PB-4432","32.758460000","-117.146664000","56969","Mid City MK5 - 2 Hour Max $2.50 HR, 8am - 8pm, Mon-Sat, Prepay, NFC","8am","8pm","2 hour","Mon-Sat","$2.50 HR","","",""
"Mid-City","University Heights","4400 PARK BLVD","PB-4434","32.758704000","-117.146736000","56969","Mid City MK5 - 2 Hour Max $2.50 HR, 8am - 8pm, Mon-Sat, Prepay, NFC","8am","8pm","2 hour","Mon-Sat","$2.50 HR","","",""
"Mid-City","University Heights","4400 PARK BLVD","PB-4436","32.758667000","-117.146960000","56969","Mid City MK5 - 2 Hour Max $2.50 HR, 8am - 8pm, Mon-Sat, Prepay, NFC","8am","8pm","2 hour","Mon-Sat","$2.50 HR","","",""
"Mid-City","University Heights","4600 PARK BLVD","PB-4614","32.761740000","-117.146422000","56969","Mid City MK5 - 2 Hour Max $2.50 HR, 8am - 8pm, Mon-Sat, Prepay, NFC","8am","8pm","2 hour","Mon-Sat","$2.50 HR","","",""
"Mid-City","University Heights","4600 PARK BLVD","PB-4616","32.761806000","-117.146290000","56969","Mid City MK5 - 2 Hour Max $2.50 HR, 8am - 8pm, Mon-Sat, Prepay, NFC","8am","8pm","2 hour","Mon-Sat","$2.50 HR","","",""
"Mid-City","University Heights","4600 PARK BLVD","PB-4618","32.761843000","-117.146370000","56969","Mid City MK5 - 2 Hour Max $2.50 HR, 8am - 8pm, Mon-Sat, Prepay, NFC","8am","8pm","2 hour","Mon-Sat","$2.50 HR","","",""
"Mid-City","University Heights","4600 PARK BLVD","PB-4622","32.762030000","-117.146342000","56969","Mid City MK5 - 2 Hour Max $2.50 HR, 8am - 8pm, Mon-Sat, Prepay, NFC","8am","8pm","2 hour","Mon-Sat","$2.50 HR","","",""
"Mid-City","University Heights","4600 PARK BLVD","PB-4620","32.761944000","-117.146352000","56969","Mid City MK5 - 2 Hour Max $2.50 HR, 8am - 8pm, Mon-Sat, Prepay, NFC","8am","8pm","2 hour","Mon-Sat","$2.50 HR","","",""
"Mid-City","University Heights","4600 PARK BLVD","PB-4633","32.762254000","-117.146248000","56969","Mid City MK5 - 2 Hour Max $2.50 HR, 8am - 8pm, Mon-Sat, Prepay, NFC","8am","8pm","2 hour","Mon-Sat","$2.50 HR","","",""
"Mid-City","University Heights","4600 PARK BLVD","PB-4635","32.762214000","-117.146208000","56969","Mid City MK5 - 2 Hour Max $2.50 HR, 8am - 8pm, Mon-Sat, Prepay, NFC","8am","8pm","2 hour","Mon-Sat","$2.50 HR","","",""
"Pacific Beach","Commercial District","4400 BAYARD ST","BY-4400E","32.795456893","-117.253171764","60509","Pacific Beach MS3 - 2 Hour Max $2.50 HR, 10am-10pm, Mon-Sun, Prepay, NFC","10am","10pm","2 hour","Mon-Sun","$2.50 HR","","",""
"Pacific Beach","Commercial District","4400 BAYARD ST","BY-4400W","32.795634450","-117.253319285","60509","Pacific Beach MS3 - 2 Hour Max $2.50 HR, 10am-10pm, Mon-Sun, Prepay, NFC","10am","10pm","2 hour","Mon-Sun","$2.50 HR","","",""
"Pacific Beach","Commercial District","4400 CASS ST","CS-4400W","32.796040010","-117.251509800","60509","Pacific Beach MS3 - 2 Hour Max $2.50 HR, 10am-10pm, Mon-Sun, Prepay, NFC","10am","10pm","2 hour","Mon-Sun","$2.50 HR","","",""
"Pacific Beach","Commercial District","4400 CASS ST","CS-4415","32.796065376","-117.251425982","56922","Pacific Beach MK5 - 2 Hour Max $2.50 HR, 10am-10pm, Mon-Sun, Prepay, NFC","10am","10pm","2 hour","Mon-Sun","$2.50 HR","","",""
"Pacific Beach","Commercial District","4400 CASS ST","CS-4417","32.796085386","-117.251436375","56922","Pacific Beach MK5 - 2 Hour Max $2.50 HR, 10am-10pm, Mon-Sun, Prepay, NFC","10am","10pm","2 hour","Mon-Sun","$2.50 HR","","",""
"Pacific Beach","Commercial District","4500 CASS ST","CS-4500E","32.797930818","-117.251959070","60509","Pacific Beach MS3 - 2 Hour Max $2.50 HR, 10am-10pm, Mon-Sun, Prepay, NFC","10am","10pm","2 hour","Mon-Sun","$2.50 HR","","",""
"Pacific Beach","Commercial District","4500 CASS ST","CS-4500W","32.797731283","-117.251999303","60509","Pacific Beach MS3 - 2 Hour Max $2.50 HR, 10am-10pm, Mon-Sun, Prepay, NFC","10am","10pm","2 hour","Mon-Sun","$2.50 HR","","",""
"Pacific Beach","Commercial District","4600 CASS ST","CS-4600E","32.798663569","-117.252145148","60509","Pacific Beach MS3 - 2 Hour Max $2.50 HR, 10am-10pm, Mon-Sun, Prepay, NFC","10am","10pm","2 hour","Mon-Sun","$2.50 HR","","",""
"Pacific Beach","Commercial District","4600 CASS ST","CS-4600W","32.798633413","-117.252341285","60509","Pacific Beach MS3 - 2 Hour Max $2.50 HR, 10am-10pm, Mon-Sun, Prepay, NFC","10am","10pm","2 hour","Mon-Sun","$2.50 HR","","",""
"Pacific Beach","Commercial District","1000 GARNET AVE","GT-1000N","32.797703382","-117.250622324","60509","Pacific Beach MS3 - 2 Hour Max $2.50 HR, 10am-10pm, Mon-Sun, Prepay, NFC","10am","10pm","2 hour","Mon-Sun","$2.50 HR","","",""
"Pacific Beach","Commercial District","1000 GARNET AVE","GT-1000S","32.797520193","-117.250878140","60509","Pacific Beach MS3 - 2 Hour Max $2.50 HR, 10am-10pm, Mon-Sun, Prepay, NFC","10am","10pm","2 hour","Mon-Sun","$2.50 HR","","",""
"Pacific Beach","Commercial District","1000 GARNET AVE","GT-1005","32.719187000","-117.144733000","56922","Pacific Beach MK5 - 2 Hour Max $2.50 HR, 10am-10pm, Mon-Sun, Prepay, NFC","10am","10pm","2 hour","Mon-Sun","$2.50 HR","","",""
"Pacific Beach","Commercial District","1100 GARNET AVE","GT-1114","32.719187000","-117.144733000","56922","Pacific Beach MK5 - 2 Hour Max $2.50 HR, 10am-10pm, Mon-Sun, Prepay, NFC","10am","10pm","2 hour","Mon-Sun","$2.50 HR","","",""
"Pacific Beach","Commercial District","1100 GARNET AVE","GT-1100N","32.798047495","-117.248946279","60509","Pacific Beach MS3 - 2 Hour Max $2.50 HR, 10am-10pm, Mon-Sun, Prepay, NFC","10am","10pm","2 hour","Mon-Sun","$2.50 HR","","",""
"Pacific Beach","Commercial District","1100 GARNET AVE","GT-1100S","32.798034249","-117.248495332","60509","Pacific Beach MS3 - 2 Hour Max $2.50 HR, 10am-10pm, Mon-Sun, Prepay, NFC","10am","10pm","2 hour","Mon-Sun","$2.50 HR","","",""
"Pacific Beach","Commercial District","1200 GARNET AVE","GT-1200N","32.798423453","-117.247409708","60509","Pacific Beach MS3 - 2 Hour Max $2.50 HR, 10am-10pm, Mon-Sun, Prepay, NFC","10am","10pm","2 hour","Mon-Sun","$2.50 HR","","",""
"Pacific Beach","Commercial District","1200 GARNET AVE","GT-1200S","32.798359760","-117.247132100","60509","Pacific Beach MS3 - 2 Hour Max $2.50 HR, 10am-10pm, Mon-Sun, Prepay, NFC","10am","10pm","2 hour","Mon-Sun","$2.50 HR","","",""
"Pacific Beach","Commercial District","1200 GARNET AVE","GT-1240","32.719187000","-117.144733000","56922","Pacific Beach MK5 - 2 Hour Max $2.50 HR, 10am-10pm, Mon-Sun, Prepay, NFC","10am","10pm","2 hour","Mon-Sun","$2.50 HR","","",""
"Pacific Beach","Commercial District","1200 GARNET AVE","GT-1242","32.719187000","-117.144733000","56922","Pacific Beach MK5 - 2 Hour Max $2.50 HR, 10am-10pm, Mon-Sun, Prepay, NFC","10am","10pm","2 hour","Mon-Sun","$2.50 HR","","",""
"Pacific Beach","Commercial District","800 GARNET AVE","GT-800N","32.796843799","-117.254430726","60509","Pacific Beach MS3 - 2 Hour Max $2.50 HR, 10am-10pm, Mon-Sun, Prepay, NFC","10am","10pm","2 hour","Mon-Sun","$2.50 HR","","",""
"Pacific Beach","Commercial District","800 GARNET AVE","GT-800S","32.796754740","-117.254509851","60509","Pacific Beach MS3 - 2 Hour Max $2.50 HR, 10am-10pm, Mon-Sun, Prepay, NFC","10am","10pm","2 hour","Mon-Sun","$2.50 HR","","",""
"Pacific Beach","Commercial District","900 GARNET AVE","GT-900N","32.797350249","-117.252415716","60509","Pacific Beach MS3 - 2 Hour Max $2.50 HR, 10am-10pm, Mon-Sun, Prepay, NFC","10am","10pm","2 hour","Mon-Sun","$2.50 HR","","",""
"Pacific Beach","Commercial District","900 GARNET AVE","GT-900S","32.797125348","-117.252581007","60509","Pacific Beach MS3 - 2 Hour Max $2.50 HR, 10am-10pm, Mon-Sun, Prepay, NFC","10am","10pm","2 hour","Mon-Sun","$2.50 HR","","",""
"Pacific Beach","Commercial District","900 GARNET AVE","GT-916","32.719187000","-117.144733000","56922","Pacific Beach MK5 - 2 Hour Max $2.50 HR, 10am-10pm, Mon-Sun, Prepay, NFC","10am","10pm","2 hour","Mon-Sun","$2.50 HR","","",""
"Pacific Beach","Commercial District","800 HORNBLEND ST","HBD-849","32.719187000","-117.144733000","56979","Pacific Beach MK5 - 2 Hour Max $2.50 HR, 10am-10pm, Mon-Sun, Prepay, NFC, NO PARKING Tuesdays 11:30am-8:30pm","10am","10pm","2 hour","Mon-Sun","$2.50 HR","","","Y"
"Pacific Beach","Commercial District","800 HORNBLEND ST","HBD-851","32.719187000","-117.144733000","56979","Pacific Beach MK5 - 2 Hour Max $2.50 HR, 10am-10pm, Mon-Sun, Prepay, NFC, NO PARKING Tuesdays 11:30am-8:30pm","10am","10pm","2 hour","Mon-Sun","$2.50 HR","","","Y"
"Pacific Beach","Commercial District","800 HORNBLEND ST","HBD-865","32.719187000","-117.144733000","56979","Pacific Beach MK5 - 2 Hour Max $2.50 HR, 10am-10pm, Mon-Sun, Prepay, NFC, NO PARKING Tuesdays 11:30am-8:30pm","10am","10pm","2 hour","Mon-Sun","$2.50 HR","","","Y"
"Pacific Beach","Commercial District","800 HORNBLEND ST","HBD-877","32.719187000","-117.144733000","56979","Pacific Beach MK5 - 2 Hour Max $2.50 HR, 10am-10pm, Mon-Sun, Prepay, NFC, NO PARKING Tuesdays 11:30am-8:30pm","10am","10pm","2 hour","Mon-Sun","$2.50 HR","","","Y"
"Pacific Beach","Commercial District","800 HORNBLEND ST","HBD-800S","32.795792559","-117.254182286","60509","Pacific Beach MS3 - 2 Hour Max $2.50 HR, 10am-10pm, Mon-Sun, Prepay, NFC","10am","10pm","2 hour","Mon-Sun","$2.50 HR","","",""
"Balboa Park","Organ Pavilion","Level 1","OP-1","32.728692171","-117.151577398","60368","ITEMS - Balboa Park MS3 Level 1","8am","8pm","","Mon-Sun","$10.00 4HR; $16 DAY","Y","",""
"Balboa Park","Organ Pavilion","Level 1","OP-2","32.729226086","-117.150923274","60368","ITEMS - Balboa Park MS3 Level 1","8am","8pm","","Mon-Sun","$10.00 4HR; $16 DAY","Y","",""
"Balboa Park","Organ Pavilion","Level 1","OP-VP","32.728683930","-117.151271204","60368","ITEMS - Balboa Park MS3 Level 1","8am","8pm","","Mon-Sun","$10.00 4HR; $16 DAY","Y","",""
"Balboa Park","Alacazar","Level 1","AC-1","32.719187000","-117.144733000","60368","ITEMS - Balboa Park MS3 Level 1","8am","8pm","","Mon-Sun","$10.00 4HR; $16 DAY","Y","",""
"Balboa Park","Alacazar","Level 1","AC-2","32.730896629","-117.151459380","60368","ITEMS - Balboa Park MS3 Level 1","8am","8pm","","Mon-Sun","$10.00 4HR; $16 DAY","Y","",""
"Balboa Park","Alacazar","Level 1","AC-VP","32.730521203","-117.151937225","60368","ITEMS - Balboa Park MS3 Level 1","8am","8pm","","Mon-Sun","$10.00 4HR; $16 DAY","Y","",""
"Balboa Park","Casa De Balboa","Level 1","CB-1","32.730628126","-117.148976325","60368","ITEMS - Balboa Park MS3 Level 1","8am","8pm","","Mon-Sun","$10.00 4HR; $16 DAY","Y","",""
"Balboa Park","Casa De Balboa","Level 1","CB-2","32.730647587","-117.148125730","60368","ITEMS - Balboa Park MS3 Level 1","8am","8pm","","Mon-Sun","$10.00 4HR; $16 DAY","Y","",""
"Balboa Park","Casa De Balboa","Level 1","CB-VP","32.730583927","-117.148617907","60368","ITEMS - Balboa Park MS3 Level 1","8am","8pm","","Mon-Sun","$10.00 4HR; $16 DAY","Y","",""
"Balboa Park","Palisades","Level 1","PLS-VP","32.727929918","-117.152789502","60368","ITEMS - Balboa Park MS3 Level 1","8am","8pm","","Mon-Sun","$10.00 4HR; $16 DAY","Y","",""
"Balboa Park","Palisades","Level 1","PLS-1","32.727562281","-117.153119333","57223","Balboa Park MS3 Level 2","8am","8pm","","Mon-Sun","$10.00 DAY","Y","",""
"Balboa Park","Palisades","Level 1","PLS-2","32.728179407","-117.152925878","57223","Balboa Park MS3 Level 2","8am","8pm","","Mon-Sun","$10.00 DAY","Y","",""
"Balboa Park","Palisades","Level 1","PLS-3","32.728313098","-117.152260690","57223","Balboa Park MS3 Level 2","8am","8pm","","Mon-Sun","$10.00 DAY","Y","",""
"Balboa Park","South Carousel","Level 1","SC-1","32.733516185","-117.146924436","60368","ITEMS - Balboa Park MS3 Level 1","8am","8pm","","Mon-Sun","$10.00 4HR; $16 DAY","Y","",""
"Balboa Park","South Carousel","Level 1","SC-2","32.734456194","-117.146768532","60368","ITEMS - Balboa Park MS3 Level 1","8am","8pm","","Mon-Sun","$10.00 4HR; $16 DAY","Y","",""
"Balboa Park","South Carousel","Level 1","SC-VP","32.733713822","-117.146514618","60368","ITEMS - Balboa Park MS3 Level 1","8am","8pm","","Mon-Sun","$10.00 4HR; $16 DAY","Y","",""
"Balboa Park","Bea Evenson","Level 1","BE-VP","32.732317577","-117.146780752","60368","ITEMS - Balboa Park MS3 Level 1","8am","8pm","","Mon-Sun","$10.00 4HR; $16 DAY","Y","",""
"Balboa Park","Bea Evenson","Level 1","BE-1","32.732094730","-117.146633416","57223","Balboa Park MS3 Level 2","8am","8pm","","Mon-Sun","$10.00 DAY","Y","",""
"Balboa Park","Bea Evenson","Level 1","BE-2","32.732956349","-117.146941870","57223","Balboa Park MS3 Level 2","8am","8pm","","Mon-Sun","$10.00 DAY","Y","",""
"Balboa Park","Space Theater","Level 1","ST-1","32.730557333","-117.146615646","60368","ITEMS - Balboa Park MS3 Level 1","8am","8pm","","Mon-Sun","$10.00 4HR; $16 DAY","Y","",""
"Balboa Park","Federal","Level 2","FD-1","32.725843725","-117.153465338","57223","Balboa Park MS3 Level 2","8am","8pm","","Mon-Sun","$10.00 DAY","Y","",""
"Balboa Park","Federal","Level 2","FD-2","32.726092499","-117.152212411","57223","Balboa Park MS3 Level 2","8am","8pm","","Mon-Sun","$10.00 DAY","Y","",""
"Balboa Park","Federal","Level 2","FD-3","32.719187000","-117.144733000","57223","Balboa Park MS3 Level 2","8am","8pm","","Mon-Sun","$10.00 DAY","Y","",""
"Balboa Park","Federal","Level 2","FD-VP","32.726035210","-117.151772012","57223","Balboa Park MS3 Level 2","8am","8pm","","Mon-Sun","$10.00 DAY","Y","",""
"Balboa Park","Pepper Grove","Level 2","PRG-1","32.729017089","-117.147536985","57223","Balboa Park MS3 Level 2","8am","8pm","","Mon-Sun","$10.00 DAY","Y","",""
"Balboa Park","Upper Inspiration Point","Level 2","UIP-1","32.725526975","-117.150097824","57223","Balboa Park MS3 Level 2","8am","8pm","","Mon-Sun","$10.00 DAY","Y","",""
"Balboa Park","Upper Inspiration Point","Level 2","UIP-2","32.725361125","-117.149302884","57223","Balboa Park MS3 Level 2","8am","8pm","","Mon-Sun","$10.00 DAY","Y","",""
"Balboa Park","Upper Inspiration Point","Level 2","UIP-3","32.726537864","-117.149167098","57223","Balboa Park MS3 Level 2","8am","8pm","","Mon-Sun","$10.00 DAY","Y","",""
"Balboa Park","Upper Inspiration Point","Level 2","UIP-VP","32.725988324","-117.149469267","57223","Balboa Park MS3 Level 2","8am","8pm","","Mon-Sun","$10.00 DAY","Y","",""
"Balboa Park","Lower Inspiration Point","Level 3","LIP-1","32.725191890","-117.150453552","57224","Balboa Park MS3 Level 3","8am","8pm","","Mon-Sun","$10.00 DAY; 3HR FREE","Y","",""
"Balboa Park","Lower Inspiration Point","Level 3","LIP-2","32.724568256","-117.149075902","57224","Balboa Park MS3 Level 3","8am","8pm","","Mon-Sun","$10.00 DAY; 3HR FREE","Y","",""
"Balboa Park","Lower Inspiration Point","Level 3","LIP-VP","32.724610000","-117.149719000","60363","Balboa Park MS3 Level 3 VP","8am","8pm","","Mon-Sun","$10.00 DAY; 3HR FREE","Y","",""
"Balboa Park","Marston Point","Level 2","MP-1","32.725020962","-117.158501856","57223","Balboa Park MS3 Level 2","8am","8pm","","Mon-Sun","$10.00 DAY","Y","",""
"Balboa Park","Park Roads","Playground","PG-1","32.739442618","-117.158166244","59141","Balboa Park MS3 Park Roads","8am","8pm","","Mon-Sun","$2.50 HR; $10.00 DAY","Y","",""
"Balboa Park","Park Roads","Zoo Drive","ZD-1","32.738815418","-117.148641049","59141","Balboa Park MS3 Park Roads","8am","8pm","","Mon-Sun","$2.50 HR; $10.00 DAY","Y","",""
"Balboa Park","Park Roads","Balboa Dr","BD-0","32.728084356","-117.157627455","59141","Balboa Park MS3 Park Roads","8am","8pm","","Mon-Sun","$2.50 HR; $10.00 DAY","Y","",""
"Balboa Park","Park Roads","Balboa Dr","BD-1","32.726900022","-117.157571800","59141","Balboa Park MS3 Park Roads","8am","8pm","","Mon-Sun","$2.50 HR; $10.00 DAY","Y","",""
"Balboa Park","Park Roads","Balboa Dr","BD-2","32.725854162","-117.158442847","59141","Balboa Park MS3 Park Roads","8am","8pm","","Mon-Sun","$2.50 HR; $10.00 DAY","Y","",""
"Balboa Park","Park Roads","Balboa Dr","BD-3","32.726795380","-117.158569246","59141","Balboa Park MS3 Park Roads","8am","8pm","","Mon-Sun","$2.50 HR; $10.00 DAY","Y","",""
"Balboa Park","Park Roads","Balboa Dr","BD-4","32.728756478","-117.158254086","59141","Balboa Park MS3 Park Roads","8am","8pm","","Mon-Sun","$2.50 HR; $10.00 DAY","Y","",""
"Balboa Park","Park Roads","Balboa Dr","BD-5","32.731229154","-117.157955020","59141","Balboa Park MS3 Park Roads","8am","8pm","","Mon-Sun","$2.50 HR; $10.00 DAY","Y","",""
"Balboa Park","Park Roads","Balboa Dr","BD-6","32.731585652","-117.157903052","59141","Balboa Park MS3 Park Roads","8am","8pm","","Mon-Sun","$2.50 HR; $10.00 DAY","Y","",""
"Balboa Park","Park Roads","Balboa Dr","BD-7","32.732613677","-117.157992906","59141","Balboa Park MS3 Park Roads","8am","8pm","","Mon-Sun","$2.50 HR; $10.00 DAY","Y","",""
"Balboa Park","Park Roads","Balboa Dr","BD-8","32.734100836","-117.158673517","59141","Balboa Park MS3 Park Roads","8am","8pm","","Mon-Sun","$2.50 HR; $10.00 DAY","Y","",""
"Balboa Park","Park Roads","Balboa Dr","BD-9","32.735286203","-117.158682234","59141","Balboa Park MS3 Park Roads","8am","8pm","","Mon-Sun","$2.50 HR; $10.00 DAY","Y","",""
"Balboa Park","Park Roads","Balboa Dr","BD-10","32.736095053","-117.158508561","59141","Balboa Park MS3 Park Roads","8am","8pm","","Mon-Sun","$2.50 HR; $10.00 DAY","Y","",""
"Balboa Park","Park Roads","Balboa Dr","BD-11","32.737811154","-117.158221229","59141","Balboa Park MS3 Park Roads","8am","8pm","","Mon-Sun","$2.50 HR; $10.00 DAY","Y","",""
"Balboa Park","Park Roads","Balboa Dr","BD-12","32.737832305","-117.158419713","59141","Balboa Park MS3 Park Roads","8am","8pm","","Mon-Sun","$2.50 HR; $10.00 DAY","Y","",""
"Balboa Park","Park Roads","Balboa Dr","BD-13","32.739998184","-117.158632613","59141","Balboa Park MS3 Park Roads","8am","8pm","","Mon-Sun","$2.50 HR; $10.00 DAY","Y","",""
"Balboa Park","Park Roads","Balboa Dr","BD-14","32.740746922","-117.159259244","59141","Balboa Park MS3 Park Roads","8am","8pm","","Mon-Sun","$2.50 HR; $10.00 DAY","Y","",""
"Balboa Park","Park Roads","Quince St","QN-1","32.736695480","-117.158903852","59141","Balboa Park MS3 Park Roads","8am","8pm","","Mon-Sun","$2.50 HR; $10.00 DAY","Y","",""
"Balboa Park","Park Roads","El Prado","EP-1","32.731300510","-117.158607803","59141","Balboa Park MS3 Park Roads","8am","8pm","","Mon-Sun","$2.50 HR; $10.00 DAY","Y","",""
"Balboa Park","Park Roads","El Prado","EP-2","32.719187000","-117.144733000","57224","Balboa Park MS3 Level 3","8am","8pm","","Mon-Sun","$10.00 DAY; 3HR FREE","Y","",""
"Balboa Park","Park Roads","Juniper Rd","JP-1","32.729186317","-117.158584333","59141","Balboa Park MS3 Park Roads","8am","8pm","","Mon-Sun","$2.50 HR; $10.00 DAY","Y","",""
"Balboa Park","Park Roads","Juniper Rd","JP-2","32.729409134","-117.158609814","59141","Balboa Park MS3 Park Roads","8am","8pm","","Mon-Sun","$2.50 HR; $10.00 DAY","Y","",""
"Balboa Park","Park Roads","Village Place","VP-1","32.732480556","-117.147914506","59141","Balboa Park MS3 Park Roads","8am","8pm","","Mon-Sun","$2.50 HR; $10.00 DAY","Y","",""
"Balboa Park","Park Roads","Village Place","VP-2","32.733037857","-117.147528938","59141","Balboa Park MS3 Park Roads","8am","8pm","","Mon-Sun","$2.50 HR; $10.00 DAY","Y","",""
"Balboa Park","Park Roads","Village Place","VP-3","32.733153773","-117.147417627","59141","Balboa Park MS3 Park Roads","8am","8pm","","Mon-Sun","$2.50 HR; $10.00 DAY","Y","",""
"Balboa Park","Park Roads","Presidents Way","PR-1","32.727317742","-117.151413112","59141","Balboa Park MS3 Park Roads","8am","8pm","","Mon-Sun","$2.50 HR; $10.00 DAY","Y","",""
"Balboa Park","Park Roads","Presidents Way","PR-2","32.727774101","-117.151762470","59141","Balboa Park MS3 Park Roads","8am","8pm","","Mon-Sun","$2.50 HR; $10.00 DAY","Y","",""
"San Ysidro","San Ysidro","100 E SAN YSIDRO BLVD","ESY-100S","32.719187000","-117.144733000","60638","San Ysidro MS3 PBP - 10 Hour Max $2.50 HR 8am-6pm, Mon-Sat, Prepay, NFC ","8am","6pm","10 hour","Mon-Sat","$2.50 HR","","",""
"San Ysidro","San Ysidro","300 E SAN YSIDRO BLVD","ESY-335","32.719187000","-117.144733000","60637","San Ysidro MK7 - 4 Hour Max $2.50 HR 8am-6pm, Mon-Sat, Prepay, NFC ","8am","6pm","4 hour","Mon-Sat","$2.50 HR","","",""
"San Ysidro","San Ysidro","400 E SAN YSIDRO BLVD","ESY-406","32.719187000","-117.144733000","60637","San Ysidro MK7 - 4 Hour Max $2.50 HR 8am-6pm, Mon-Sat, Prepay, NFC ","8am","6pm","4 hour","Mon-Sat","$2.50 HR","","",""
"San Ysidro","San Ysidro","400 E SAN YSIDRO BLVD","ESY-408","32.719187000","-117.144733000","60637","San Ysidro MK7 - 4 Hour Max $2.50 HR 8am-6pm, Mon-Sat, Prepay, NFC ","8am","6pm","4 hour","Mon-Sat","$2.50 HR","","",""
"San Ysidro","San Ysidro","600 E SAN YSIDRO BLVD","ESY-600N1","32.719187000","-117.144733000","60753","SY 60639 FREE","","","","","","","",""
"San Ysidro","San Ysidro","600 E SAN YSIDRO BLVD","ESY-600N2","32.719187000","-117.144733000","60753","SY 60639 FREE","","","","","","","",""
"San Ysidro","San Ysidro","600 E SAN YSIDRO BLVD","ESY-600S1","32.719187000","-117.144733000","60753","SY 60639 FREE","","","","","","","",""
"San Ysidro","San Ysidro","600 E SAN YSIDRO BLVD","ESY-600S2","32.719187000","-117.144733000","60753","SY 60639 FREE","","","","","","","",""
"San Ysidro","San Ysidro","600 E SAN YSIDRO BLVD","ESY_600N1","32.719187000","-117.144733000","63","San Diego Default","","","","","","","",""
"San Ysidro","San Ysidro","600 FRONT STREET SOUTH","FRS-600S","32.719187000","-117.144733000","60753","SY 60639 FREE","","","","","","","",""
"San Ysidro","San Ysidro","100 VIRGINA AVE","VA-100VP","32.719187000","-117.144733000","60753","SY 60639 FREE","","","","","","","",""
"San Ysidro","San Ysidro","100 VIRGINA AVE","VA-100E","32.719187000","-117.144733000","60639","San Ysidro MS3 PBP - 4 Hour Max $2.50 HR 8am-6pm, Mon-Sat, Prepay, NFC ","8am","6pm","4 hour","Mon-Sat","$2.50 HR","","",""
"San Ysidro","San Ysidro","100 VIRGINA AVE","VA-100W","32.719187000","-117.144733000","60639","San Ysidro MS3 PBP - 4 Hour Max $2.50 HR 8am-6pm, Mon-Sat, Prepay, NFC ","8am","6pm","4 hour","Mon-Sat","$2.50 HR","","",""
"San Ysidro","San Ysidro","100 LOUISIANA AVE","LSA-102","32.719187000","-117.144733000","60637","San Ysidro MK7 - 4 Hour Max $2.50 HR 8am-6pm, Mon-Sat, Prepay, NFC ","8am","6pm","4 hour","Mon-Sat","$2.50 HR","","",""
"San Ysidro","San Ysidro","100 LOUISIANA AVE","LSA-106","32.719187000","-117.144733000","60637","San Ysidro MK7 - 4 Hour Max $2.50 HR 8am-6pm, Mon-Sat, Prepay, NFC ","8am","6pm","4 hour","Mon-Sat","$2.50 HR","","",""
"San Ysidro","San Ysidro","100 LOUISIANA AVE","LSA-107","32.719187000","-117.144733000","60637","San Ysidro MK7 - 4 Hour Max $2.50 HR 8am-6pm, Mon-Sat, Prepay, NFC ","8am","6pm","4 hour","Mon-Sat","$2.50 HR","","",""
"San Ysidro","San Ysidro","300 BOLTON HALL ROAD","BHR-300S","32.719187000","-117.144733000","60753","SY 60639 FREE","","","","","","","",""
"San Ysidro","San Ysidro","4600 BORDER VILLAGE ROAD","BVR-4600VP","32.719187000","-117.144733000","60753","SY 60639 FREE","","","","","","","",""
"San Ysidro","San Ysidro","4600 BORDER VILLAGE ROAD","BVR-4600E1","32.719187000","-117.144733000","60639","San Ysidro MS3 PBP - 4 Hour Max $2.50 HR 8am-6pm, Mon-Sat, Prepay, NFC ","8am","6pm","4 hour","Mon-Sat","$2.50 HR","","",""
"San Ysidro","San Ysidro","4600 BORDER VILLAGE ROAD","BVR-4600E2","32.719187000","-117.144733000","60639","San Ysidro MS3 PBP - 4 Hour Max $2.50 HR 8am-6pm, Mon-Sat, Prepay, NFC ","8am","6pm","4 hour","Mon-Sat","$2.50 HR","","",""
"San Ysidro","San Ysidro","4600 BORDER VILLAGE ROAD","BVR-4600E3","32.719187000","-117.144733000","60639","San Ysidro MS3 PBP - 4 Hour Max $2.50 HR 8am-6pm, Mon-Sat, Prepay, NFC ","8am","6pm","4 hour","Mon-Sat","$2.50 HR","","",""
"San Ysidro","San Ysidro","4600 BORDER VILLAGE ROAD","BVR-4600W3","32.719187000","-117.144733000","60639","San Ysidro MS3 PBP - 4 Hour Max $2.50 HR 8am-6pm, Mon-Sat, Prepay, NFC ","8am","6pm","4 hour","Mon-Sat","$2.50 HR","","",""
"San Ysidro","San Ysidro","603 E SAN YSIDRO BLVD","ESY-600VP","32.719187000","-117.144733000","60753","SY 60639 FREE","","","","","","","",""
"San Ysidro","San Ysidro","4300 BORDER VILLAGE ROAD","BVR-4302","32.719187000","-117.144733000","60637","San Ysidro MK7 - 4 Hour Max $2.50 HR 8am-6pm, Mon-Sat, Prepay, NFC ","8am","6pm","4 hour","Mon-Sat","$2.50 HR","","",""
"San Ysidro","San Ysidro","4300 BORDER VILLAGE ROAD","BVR-4303","32.719187000","-117.144733000","60637","San Ysidro MK7 - 4 Hour Max $2.50 HR 8am-6pm, Mon-Sat, Prepay, NFC ","8am","6pm","4 hour","Mon-Sat","$2.50 HR","","",""
